,Name,Importances
3,(e1-e2)/e1_NpValence.25,0.32416463555196834
2,(e1+e2)/e1_Column.2,0.23140251708525356
1,(e1-e2)/e1_Column.2,0.22695751701399666
0,(e1-e2)/e2_Column.2,0.21747533034878136
