,Name,Importances
2,(e1-e2)/e1_NpValence.25,0.4464151392943079
1,(e1+e2)/e1_Column.2,0.28296122349871605
0,(e1-e2)/e1_Column.2,0.2706236372069761
