,Name,Importances
1,(e1-e2)/e1_NpValence.25,0.5031017378398905
0,(e1+e2)/e1_Column.2,0.49689826216010946
