{"iter":{"0":0},"n_resources":{"0":10675},"mean_fit_time":{"0":15.1662846565},"std_fit_time":{"0":0.4073268803},"mean_score_time":{"0":0.0009969711},"std_score_time":{"0":0.0001984267},"param_parsimony_coefficient":{"0":0.02},"param_population_size":{"0":500},"param_tournament_size":{"0":15},"params":{"0":{"parsimony_coefficient":0.02,"population_size":500,"tournament_size":15}},"split0_test_score":{"0":0.7353629977},"split1_test_score":{"0":0.7700234192},"split2_test_score":{"0":0.7400468384},"split3_test_score":{"0":0.7484777518},"split4_test_score":{"0":0.756440281},"mean_test_score":{"0":0.7500702576},"std_test_score":{"0":0.0123127118},"rank_test_score":{"0":1},"split0_train_score":{"0":0.7441451991},"split1_train_score":{"0":0.7699063232},"split2_train_score":{"0":0.7429742389},"split3_train_score":{"0":0.7408665105},"split4_train_score":{"0":0.7733021077},"mean_train_score":{"0":0.7542388759},"std_train_score":{"0":0.0142581221}}