{"iter":{"0":0,"1":0,"2":1},"n_resources":{"0":20,"1":20,"2":40},"mean_fit_time":{"0":31.5469714642,"1":26.8228242874,"2":32.0308614254},"std_fit_time":{"0":1.2556478803,"1":1.632013647,"2":1.6883879837},"mean_score_time":{"0":0.0007143974,"1":0.0008592606,"2":0.0007708073},"std_score_time":{"0":0.0000984228,"1":0.0000754292,"2":0.0001345694},"param_generations":{"0":41,"1":47,"2":41},"param_population_size":{"0":1084,"1":717,"2":1084},"param_tournament_size":{"0":33,"1":18,"2":33},"params":{"0":{"generations":41,"population_size":1084,"tournament_size":33},"1":{"generations":47,"population_size":717,"tournament_size":18},"2":{"generations":41,"population_size":1084,"tournament_size":33}},"split0_test_score":{"0":1.0,"1":1.0,"2":0.875},"split1_test_score":{"0":1.0,"1":1.0,"2":0.75},"split2_test_score":{"0":1.0,"1":1.0,"2":0.75},"split3_test_score":{"0":1.0,"1":0.5,"2":0.625},"split4_test_score":{"0":0.75,"1":1.0,"2":0.875},"mean_test_score":{"0":0.95,"1":0.9,"2":0.775},"std_test_score":{"0":0.1,"1":0.2,"2":0.0935414347},"rank_test_score":{"0":1,"1":2,"2":3},"split0_train_score":{"0":0.9375,"1":0.9375,"2":0.96875},"split1_train_score":{"0":0.9375,"1":0.9375,"2":1.0},"split2_train_score":{"0":1.0,"1":1.0,"2":0.875},"split3_train_score":{"0":1.0,"1":1.0,"2":0.84375},"split4_train_score":{"0":1.0,"1":1.0,"2":0.9375},"mean_train_score":{"0":0.975,"1":0.975,"2":0.925},"std_train_score":{"0":0.0306186218,"1":0.0306186218,"2":0.0579601156}}