{"iter":{"0":0,"1":0,"2":0,"3":0,"4":0,"5":0,"6":0,"7":0,"8":1,"9":1,"10":1},"n_resources":{"0":3558,"1":3558,"2":3558,"3":3558,"4":3558,"5":3558,"6":3558,"7":3558,"8":10674,"9":10674,"10":10674},"mean_fit_time":{"0":14.3706346035,"1":14.5166670322,"2":26.2489359379,"3":26.176922226,"4":15.1402699947,"5":15.1965332985,"6":26.4587792873,"7":26.1350363255,"8":26.850762558,"9":15.3294163227,"10":26.9942842484},"std_fit_time":{"0":0.2602399861,"1":0.1901764629,"2":0.2357100368,"3":0.2378936043,"4":0.151381215,"5":0.3419781238,"6":0.15134439,"7":0.0328695587,"8":0.4557828657,"9":0.1744470836,"10":0.1973835923},"mean_score_time":{"0":0.000838232,"1":0.0007764816,"2":0.0007772446,"3":0.0007563591,"4":0.0009885788,"5":0.0010668278,"6":0.0007601738,"7":0.0007243156,"8":0.0008752823,"9":0.0011396408,"10":0.0009066582},"std_score_time":{"0":0.0001214712,"1":0.0001524294,"2":0.0000310607,"3":0.0000133826,"4":0.0000374609,"5":0.0000637861,"6":0.0000110639,"7":0.0000542818,"8":0.0000974314,"9":0.0000448138,"10":0.000010546},"param_parsimony_coefficient":{"0":0.025,"1":0.025,"2":0.025,"3":0.025,"4":0.01,"5":0.01,"6":0.01,"7":0.01,"8":0.01,"9":0.01,"10":0.025},"param_population_size":{"0":500,"1":500,"2":1000,"3":1000,"4":500,"5":500,"6":1000,"7":1000,"8":1000,"9":500,"10":1000},"param_tournament_size":{"0":15,"1":30,"2":15,"3":30,"4":15,"5":30,"6":15,"7":30,"8":15,"9":30,"10":15},"params":{"0":{"parsimony_coefficient":0.025,"population_size":500,"tournament_size":15},"1":{"parsimony_coefficient":0.025,"population_size":500,"tournament_size":30},"2":{"parsimony_coefficient":0.025,"population_size":1000,"tournament_size":15},"3":{"parsimony_coefficient":0.025,"population_size":1000,"tournament_size":30},"4":{"parsimony_coefficient":0.01,"population_size":500,"tournament_size":15},"5":{"parsimony_coefficient":0.01,"population_size":500,"tournament_size":30},"6":{"parsimony_coefficient":0.01,"population_size":1000,"tournament_size":15},"7":{"parsimony_coefficient":0.01,"population_size":1000,"tournament_size":30},"8":{"parsimony_coefficient":0.01,"population_size":1000,"tournament_size":15},"9":{"parsimony_coefficient":0.01,"population_size":500,"tournament_size":30},"10":{"parsimony_coefficient":0.025,"population_size":1000,"tournament_size":15}},"split0_test_score":{"0":0.7383966245,"1":0.7383966245,"2":0.800281294,"3":0.7383966245,"4":0.7383966245,"5":0.8045007032,"6":0.7623066104,"7":0.7383966245,"8":0.7709601874,"9":0.7892271663,"10":0.8004683841},"split1_test_score":{"0":0.7848101266,"1":0.7848101266,"2":0.8537271449,"3":0.7848101266,"4":0.7848101266,"5":0.7848101266,"6":0.8073136428,"7":0.7848101266,"8":0.7942830366,"9":0.8045923149,"10":0.8298969072},"split2_test_score":{"0":0.7566807314,"1":0.7566807314,"2":0.841068917,"3":0.7566807314,"4":0.7566807314,"5":0.8143459916,"6":0.7777777778,"7":0.7566807314,"8":0.782099344,"9":0.7680412371,"10":0.8214620431},"split3_test_score":{"0":0.7341772152,"1":0.7341772152,"2":0.805907173,"3":0.7341772152,"4":0.7341772152,"5":0.7665260197,"6":0.7524613221,"7":0.7341772152,"8":0.7741330834,"9":0.7685098407,"10":0.8167760075},"split4_test_score":{"0":0.7566807314,"1":0.7566807314,"2":0.805907173,"3":0.7566807314,"4":0.7566807314,"5":0.7749648383,"6":0.7454289733,"7":0.7566807314,"8":0.7741330834,"9":0.7825679475,"10":0.8050609185},"mean_test_score":{"0":0.7541490858,"1":0.7541490858,"2":0.8213783404,"3":0.7541490858,"4":0.7541490858,"5":0.7890295359,"6":0.7690576653,"7":0.7541490858,"8":0.7791217469,"9":0.7825877013,"10":0.8147328521},"std_test_score":{"0":0.0178881723,"1":0.0178881723,"2":0.0217161846,"3":0.0178881723,"4":0.0178881723,"5":0.0179014375,"6":0.0219949567,"7":0.0178881723,"8":0.0084275188,"9":0.0136972383,"10":0.0107370984},"rank_test_score":{"0":7,"1":7,"2":1,"3":7,"4":7,"5":3,"6":6,"7":7,"8":5,"9":4,"10":2},"split0_train_score":{"0":0.7420941673,"1":0.7420941673,"2":0.8148278285,"3":0.7420941673,"4":0.7420941673,"5":0.7993675334,"6":0.7782853127,"7":0.7420941673,"8":0.7810962755,"9":0.7978449286,"10":0.8215038651},"split1_train_score":{"0":0.7385804638,"1":0.7385804638,"2":0.8053408292,"3":0.7385804638,"4":0.7385804638,"5":0.7385804638,"6":0.7786366831,"7":0.7385804638,"8":0.7753835344,"9":0.7941210915,"10":0.8081742593},"split2_train_score":{"0":0.7364722417,"1":0.7364722417,"2":0.8123682361,"3":0.7364722417,"4":0.7364722417,"5":0.7916373858,"6":0.7698524245,"7":0.7364722417,"8":0.7783112777,"9":0.7685911699,"10":0.8103993442},"split3_train_score":{"0":0.7494729445,"1":0.7494729445,"2":0.8144764582,"3":0.7494729445,"4":0.7494729445,"5":0.7695010541,"6":0.7839072382,"7":0.7494729445,"8":0.7805363626,"9":0.7684740602,"10":0.8175430378},"split4_train_score":{"0":0.7617709065,"1":0.7617709065,"2":0.8236120871,"3":0.7617709065,"4":0.7617709065,"5":0.7807449051,"6":0.7586085734,"7":0.7617709065,"8":0.7803021431,"9":0.7995081391,"10":0.8143810751},"mean_train_score":{"0":0.7456781448,"1":0.7456781448,"2":0.8141250878,"3":0.7456781448,"4":0.7456781448,"5":0.7759662684,"6":0.7738580464,"7":0.7456781448,"8":0.7791259186,"9":0.7857078779,"10":0.8144003163},"std_train_score":{"0":0.0091798487,"1":0.0091798487,"2":0.0058458565,"3":0.0091798487,"4":0.0091798487,"5":0.0212392838,"6":0.0088545327,"7":0.0091798487,"8":0.002094003,"9":0.0141316916,"10":0.0047981046}}