{"iter":{"0":0,"1":0,"2":0,"3":0,"4":0,"5":0,"6":0,"7":0,"8":1,"9":1,"10":1},"n_resources":{"0":3558,"1":3558,"2":3558,"3":3558,"4":3558,"5":3558,"6":3558,"7":3558,"8":10674,"9":10674,"10":10674},"mean_fit_time":{"0":14.3966118336,"1":14.6350595474,"2":25.8949376583,"3":26.0428871155,"4":14.9295932293,"5":15.5713828564,"6":26.3027882099,"7":26.0959925175,"8":26.920732832,"9":26.7664913177,"10":26.9662410736},"std_fit_time":{"0":0.4557308191,"1":0.3169096937,"2":0.2790204566,"3":0.1285995838,"4":0.5740757205,"5":0.6021755151,"6":0.1701635575,"7":0.2823182885,"8":0.2548483652,"9":0.2750093147,"10":0.1490064946},"mean_score_time":{"0":0.0009670734,"1":0.0008638859,"2":0.0007309437,"3":0.000736475,"4":0.001027298,"5":0.0008773327,"6":0.0007297993,"7":0.0007694244,"8":0.0008564472,"9":0.0008900642,"10":0.0009111881},"std_score_time":{"0":0.0000348618,"1":0.0001126422,"2":0.0000585907,"3":0.0000726569,"4":0.0000588312,"5":0.0001541602,"6":0.0000731564,"7":0.0000157857,"8":0.0000267214,"9":0.0000173574,"10":0.0000261398},"param_parsimony_coefficient":{"0":0.025,"1":0.025,"2":0.025,"3":0.025,"4":0.01,"5":0.01,"6":0.01,"7":0.01,"8":0.01,"9":0.01,"10":0.025},"param_population_size":{"0":500,"1":500,"2":1000,"3":1000,"4":500,"5":500,"6":1000,"7":1000,"8":1000,"9":1000,"10":1000},"param_tournament_size":{"0":15,"1":30,"2":15,"3":30,"4":15,"5":30,"6":15,"7":30,"8":30,"9":15,"10":15},"params":{"0":{"parsimony_coefficient":0.025,"population_size":500,"tournament_size":15},"1":{"parsimony_coefficient":0.025,"population_size":500,"tournament_size":30},"2":{"parsimony_coefficient":0.025,"population_size":1000,"tournament_size":15},"3":{"parsimony_coefficient":0.025,"population_size":1000,"tournament_size":30},"4":{"parsimony_coefficient":0.01,"population_size":500,"tournament_size":15},"5":{"parsimony_coefficient":0.01,"population_size":500,"tournament_size":30},"6":{"parsimony_coefficient":0.01,"population_size":1000,"tournament_size":15},"7":{"parsimony_coefficient":0.01,"population_size":1000,"tournament_size":30},"8":{"parsimony_coefficient":0.01,"population_size":1000,"tournament_size":30},"9":{"parsimony_coefficient":0.01,"population_size":1000,"tournament_size":15},"10":{"parsimony_coefficient":0.025,"population_size":1000,"tournament_size":15}},"split0_test_score":{"0":0.7721518987,"1":0.7721518987,"2":0.8030942335,"3":0.8030942335,"4":0.7721518987,"5":0.7721518987,"6":0.8030942335,"7":0.8030942335,"8":0.7483598875,"9":0.7825679475,"10":0.7985004686},"split1_test_score":{"0":0.7580872011,"1":0.7580872011,"2":0.8270042194,"3":0.8312236287,"4":0.8312236287,"5":0.7580872011,"6":0.8270042194,"7":0.8312236287,"8":0.7610121837,"9":0.7891283974,"10":0.8308341143},"split2_test_score":{"0":0.7552742616,"1":0.7552742616,"2":0.835443038,"3":0.7552742616,"4":0.7552742616,"5":0.8171589311,"6":0.7834036568,"7":0.7552742616,"8":0.7361761949,"9":0.7755388941,"10":0.8106841612},"split3_test_score":{"0":0.7566807314,"1":0.7918424754,"2":0.8213783404,"3":0.7566807314,"4":0.7566807314,"5":0.7566807314,"6":0.7862165963,"7":0.7566807314,"8":0.7413308341,"9":0.7699156514,"10":0.8200562324},"split4_test_score":{"0":0.7172995781,"1":0.7172995781,"2":0.8030942335,"3":0.7172995781,"4":0.7172995781,"5":0.7144866385,"6":0.7398030942,"7":0.7172995781,"8":0.7272727273,"9":0.7661668229,"10":0.8111527648},"mean_test_score":{"0":0.7518987342,"1":0.758931083,"2":0.8180028129,"3":0.7727144866,"4":0.7665260197,"5":0.7637130802,"6":0.7879043601,"7":0.7727144866,"8":0.7428303655,"9":0.7766635426,"10":0.8142455483},"std_test_score":{"0":0.0183294904,"1":0.024516184,"2":0.0129700612,"3":0.0399457221,"4":0.0370518702,"5":0.0329606421,"6":0.0286229555,"7":0.0399457221,"8":0.0113993054,"9":0.0083332418,"10":0.0107619784},"rank_test_score":{"0":10,"1":9,"2":1,"3":5,"4":7,"5":8,"6":3,"7":5,"8":11,"9":4,"10":2},"split0_train_score":{"0":0.7378777231,"1":0.7378777231,"2":0.8200983837,"3":0.8200983837,"4":0.7378777231,"5":0.7378777231,"6":0.8200983837,"7":0.8200983837,"8":0.7415388219,"9":0.7752664246,"10":0.8203536714},"split1_train_score":{"0":0.72452565,"1":0.72452565,"2":0.8088545327,"3":0.8130709768,"4":0.8130709768,"5":0.72452565,"6":0.8088545327,"7":0.8130709768,"8":0.7382597494,"9":0.7735097787,"10":0.8057149549},"split2_train_score":{"0":0.743851019,"1":0.743851019,"2":0.8292340126,"3":0.743851019,"4":0.743851019,"5":0.8088545327,"6":0.776528461,"7":0.743851019,"8":0.7444665652,"9":0.7769059609,"10":0.8107506734},"split3_train_score":{"0":0.7371749824,"1":0.7614195362,"2":0.8078004216,"3":0.7371749824,"4":0.7371749824,"5":0.7371749824,"6":0.7747716093,"7":0.7371749824,"8":0.7434125776,"9":0.7785454971,"10":0.8149666237},"split4_train_score":{"0":0.7417427969,"1":0.7417427969,"2":0.8109627547,"3":0.7417427969,"4":0.7417427969,"5":0.7392832045,"6":0.7800421644,"7":0.7417427969,"8":0.7466916501,"9":0.7793652653,"10":0.8171917086},"mean_train_score":{"0":0.7370344343,"1":0.741883345,"2":0.8153900211,"3":0.7711876318,"4":0.7547434996,"5":0.7495432186,"6":0.7920590302,"7":0.7711876318,"8":0.7428738728,"9":0.7767185853,"10":0.8137955264},"std_train_score":{"0":0.006720641,"1":0.0118565496,"2":0.0081699461,"3":0.0371957666,"4":0.0292672726,"5":0.0301265187,"6":0.0187229956,"7":0.0371957666,"8":0.002845164,"9":0.002134612,"10":0.0051084548}}