{"iter":{"0":0,"1":0,"2":1},"n_resources":{"0":20,"1":20,"2":40},"mean_fit_time":{"0":35.9432010651,"1":5.3786517143,"2":5.1821259022},"std_fit_time":{"0":1.5411690975,"1":0.4286607149,"2":0.2600342047},"mean_score_time":{"0":0.0007561684,"1":0.0010512829,"2":0.001265049},"std_score_time":{"0":0.0000750492,"1":0.0003026753,"2":0.0000482766},"param_generations":{"0":41,"1":12,"2":12},"param_population_size":{"0":1218,"1":584,"2":584},"param_tournament_size":{"0":44,"1":41,"2":41},"params":{"0":{"generations":41,"population_size":1218,"tournament_size":44},"1":{"generations":12,"population_size":584,"tournament_size":41},"2":{"generations":12,"population_size":584,"tournament_size":41}},"split0_test_score":{"0":0.5,"1":0.75,"2":0.875},"split1_test_score":{"0":0.5,"1":0.5,"2":0.625},"split2_test_score":{"0":0.5,"1":0.5,"2":0.875},"split3_test_score":{"0":1.0,"1":1.0,"2":1.0},"split4_test_score":{"0":0.5,"1":0.5,"2":0.5},"mean_test_score":{"0":0.6,"1":0.65,"2":0.775},"std_test_score":{"0":0.2,"1":0.2,"2":0.1837117307},"rank_test_score":{"0":3,"1":2,"2":1},"split0_train_score":{"0":0.9375,"1":0.9375,"2":0.90625},"split1_train_score":{"0":1.0,"1":1.0,"2":0.875},"split2_train_score":{"0":1.0,"1":1.0,"2":0.84375},"split3_train_score":{"0":1.0,"1":0.9375,"2":0.9375},"split4_train_score":{"0":1.0,"1":1.0,"2":0.9375},"mean_train_score":{"0":0.9875,"1":0.975,"2":0.9},"std_train_score":{"0":0.025,"1":0.0306186218,"2":0.0364434493}}