{"iter":{"0":0},"n_resources":{"0":10675},"mean_fit_time":{"0":16.1469740868},"std_fit_time":{"0":0.2685219613},"mean_score_time":{"0":0.0014862061},"std_score_time":{"0":0.0002060451},"param_parsimony_coefficient":{"0":0.02},"param_population_size":{"0":500},"param_tournament_size":{"0":15},"params":{"0":{"parsimony_coefficient":0.02,"population_size":500,"tournament_size":15}},"split0_test_score":{"0":0.9007025761},"split1_test_score":{"0":0.8950819672},"split2_test_score":{"0":0.8950819672},"split3_test_score":{"0":0.8946135831},"split4_test_score":{"0":0.8800936768},"mean_test_score":{"0":0.8931147541},"std_test_score":{"0":0.006886361},"rank_test_score":{"0":1},"split0_train_score":{"0":0.8912177986},"split1_train_score":{"0":0.8926229508},"split2_train_score":{"0":0.8926229508},"split3_train_score":{"0":0.8927400468},"split4_train_score":{"0":0.8963700234},"mean_train_score":{"0":0.8931147541},"std_train_score":{"0":0.0017215903}}