{"iter":{"0":0,"1":0,"2":1},"n_resources":{"0":20,"1":20,"2":40},"mean_fit_time":{"0":32.656248045,"1":21.909150362,"2":20.7165587902},"std_fit_time":{"0":1.511313617,"1":1.9187764597,"2":0.8499182605},"mean_score_time":{"0":0.0007500172,"1":0.00092659,"2":0.0008860111},"std_score_time":{"0":0.0001218148,"1":0.0000785706,"2":0.0001173429},"param_generations":{"0":27,"1":17,"2":17},"param_population_size":{"0":1806,"1":1911,"2":1911},"param_tournament_size":{"0":33,"1":22,"2":22},"params":{"0":{"generations":27,"population_size":1806,"tournament_size":33},"1":{"generations":17,"population_size":1911,"tournament_size":22},"2":{"generations":17,"population_size":1911,"tournament_size":22}},"split0_test_score":{"0":0.5,"1":0.5,"2":0.5},"split1_test_score":{"0":0.75,"1":1.0,"2":1.0},"split2_test_score":{"0":0.75,"1":0.75,"2":0.75},"split3_test_score":{"0":1.0,"1":0.75,"2":0.875},"split4_test_score":{"0":0.5,"1":0.5,"2":0.5},"mean_test_score":{"0":0.7,"1":0.7,"2":0.725},"std_test_score":{"0":0.1870828693,"1":0.1870828693,"2":0.2},"rank_test_score":{"0":2,"1":2,"2":1},"split0_train_score":{"0":0.9375,"1":1.0,"2":0.90625},"split1_train_score":{"0":1.0,"1":1.0,"2":0.9375},"split2_train_score":{"0":1.0,"1":1.0,"2":1.0},"split3_train_score":{"0":1.0,"1":1.0,"2":1.0},"split4_train_score":{"0":1.0,"1":1.0,"2":0.84375},"mean_train_score":{"0":0.9875,"1":1.0,"2":0.9375},"std_train_score":{"0":0.025,"1":0.0,"2":0.0592927061}}