{"iter":{"0":0,"1":0,"2":0,"3":0,"4":0,"5":0,"6":0,"7":0,"8":1,"9":1,"10":1},"n_resources":{"0":3558,"1":3558,"2":3558,"3":3558,"4":3558,"5":3558,"6":3558,"7":3558,"8":10674,"9":10674,"10":10674},"mean_fit_time":{"0":14.7603473186,"1":14.6845135689,"2":26.040032053,"3":25.8579772472,"4":14.8576724529,"5":15.5023169518,"6":26.4276015759,"7":26.0897335529,"8":15.3393975735,"9":26.9695310593,"10":26.9020189762},"std_fit_time":{"0":0.2594492321,"1":0.312501558,"2":0.1603260451,"3":0.2798290076,"4":0.226856252,"5":0.7504698931,"6":0.3257995946,"7":0.2011538735,"8":0.4901083774,"9":0.1673428102,"10":0.1613234187},"mean_score_time":{"0":0.0008933067,"1":0.000942421,"2":0.0007402897,"3":0.0007283688,"4":0.000817585,"5":0.0009755135,"6":0.0007531166,"7":0.0007310867,"8":0.0012818336,"9":0.0008775234,"10":0.0009131908},"std_score_time":{"0":0.0000930839,"1":0.0000733981,"2":0.0000624187,"3":0.0000097396,"4":0.0001394458,"5":0.0000240326,"6":0.0000558029,"7":0.0000291603,"8":0.0000854519,"9":0.0000171347,"10":0.0000488655},"param_parsimony_coefficient":{"0":0.025,"1":0.025,"2":0.025,"3":0.025,"4":0.01,"5":0.01,"6":0.01,"7":0.01,"8":0.01,"9":0.01,"10":0.025},"param_population_size":{"0":500,"1":500,"2":1000,"3":1000,"4":500,"5":500,"6":1000,"7":1000,"8":500,"9":1000,"10":1000},"param_tournament_size":{"0":15,"1":30,"2":15,"3":30,"4":15,"5":30,"6":15,"7":30,"8":30,"9":15,"10":15},"params":{"0":{"parsimony_coefficient":0.025,"population_size":500,"tournament_size":15},"1":{"parsimony_coefficient":0.025,"population_size":500,"tournament_size":30},"2":{"parsimony_coefficient":0.025,"population_size":1000,"tournament_size":15},"3":{"parsimony_coefficient":0.025,"population_size":1000,"tournament_size":30},"4":{"parsimony_coefficient":0.01,"population_size":500,"tournament_size":15},"5":{"parsimony_coefficient":0.01,"population_size":500,"tournament_size":30},"6":{"parsimony_coefficient":0.01,"population_size":1000,"tournament_size":15},"7":{"parsimony_coefficient":0.01,"population_size":1000,"tournament_size":30},"8":{"parsimony_coefficient":0.01,"population_size":500,"tournament_size":30},"9":{"parsimony_coefficient":0.01,"population_size":1000,"tournament_size":15},"10":{"parsimony_coefficient":0.025,"population_size":1000,"tournament_size":15}},"split0_test_score":{"0":0.7693389592,"1":0.7876230661,"2":0.7932489451,"3":0.7693389592,"4":0.7693389592,"5":0.7876230661,"6":0.800281294,"7":0.7693389592,"8":0.7881911903,"9":0.7774133083,"10":0.7947516401},"split1_test_score":{"0":0.7749648383,"1":0.7749648383,"2":0.8396624473,"3":0.7749648383,"4":0.7749648383,"5":0.8227848101,"6":0.8466947961,"7":0.8466947961,"8":0.80131209,"9":0.7858481724,"10":0.8256794752},"split2_test_score":{"0":0.7257383966,"1":0.7524613221,"2":0.7932489451,"3":0.7257383966,"4":0.7257383966,"5":0.7524613221,"6":0.7932489451,"7":0.7257383966,"8":0.7905342081,"9":0.7755388941,"10":0.8102155576},"split3_test_score":{"0":0.7327707454,"1":0.7594936709,"2":0.8185654008,"3":0.7327707454,"4":0.7327707454,"5":0.7327707454,"6":0.8185654008,"7":0.7327707454,"8":0.7422680412,"9":0.7666354264,"10":0.8158388004},"split4_test_score":{"0":0.7172995781,"1":0.7172995781,"2":0.805907173,"3":0.7172995781,"4":0.7172995781,"5":0.8677918425,"6":0.7609001406,"7":0.8143459916,"8":0.7816307404,"9":0.7694470478,"10":0.8059981256},"mean_test_score":{"0":0.7440225035,"1":0.7583684951,"2":0.8101265823,"3":0.7440225035,"4":0.7440225035,"5":0.7926863572,"6":0.8039381153,"7":0.7777777778,"8":0.780787254,"9":0.7749765698,"10":0.8104967198},"std_test_score":{"0":0.0235515451,"1":0.0238917776,"2":0.0174991066,"3":0.0235515451,"4":0.0235515451,"5":0.0485393071,"6":0.0283619082,"7":0.0466727618,"8":0.0202757565,"9":0.0067021778,"10":0.010269156},"rank_test_score":{"0":9,"1":8,"2":2,"3":9,"4":9,"5":4,"6":3,"7":6,"8":5,"9":7,"10":1},"split0_train_score":{"0":0.7403373155,"1":0.76528461,"2":0.8176387913,"3":0.7403373155,"4":0.7403373155,"5":0.76528461,"6":0.7737174982,"7":0.7403373155,"8":0.7949408596,"9":0.7743295468,"10":0.8144981848},"split1_train_score":{"0":0.732607168,"1":0.732607168,"2":0.8018271258,"3":0.732607168,"4":0.732607168,"5":0.7849613493,"6":0.8067463106,"7":0.8067463106,"8":0.7915446774,"9":0.7722215716,"10":0.8066518328},"split2_train_score":{"0":0.7522839072,"1":0.7761770907,"2":0.8155305692,"3":0.7522839072,"4":0.7522839072,"5":0.7761770907,"6":0.8155305692,"7":0.7522839072,"8":0.7943553109,"9":0.7747979857,"10":0.8106335636},"split3_train_score":{"0":0.7413914266,"1":0.7628250176,"2":0.8134223472,"3":0.7413914266,"4":0.7413914266,"5":0.7413914266,"6":0.8134223472,"7":0.7413914266,"8":0.74235859,"9":0.7771401803,"10":0.8092282469},"split4_train_score":{"0":0.733661279,"1":0.733661279,"2":0.8004216444,"3":0.733661279,"4":0.733661279,"5":0.8829936753,"6":0.7695010541,"7":0.8039353479,"8":0.7964632861,"9":0.7763204122,"10":0.8115704415},"mean_train_score":{"0":0.7400562193,"1":0.754111033,"2":0.8097680956,"3":0.7400562193,"4":0.7400562193,"5":0.7901616304,"6":0.7957835559,"7":0.7689388616,"8":0.7839325448,"9":0.7749619393,"10":0.8105164539},"std_train_score":{"0":0.0070393433,"1":0.0177104596,"2":0.007196147,"3":0.0070393433,"4":0.0070393433,"5":0.0486575745,"6":0.0199946707,"7":0.030028168,"8":0.0208479006,"9":0.0017044999,"10":0.0025912761}}