{"iter":{"0":0,"1":0,"2":0,"3":0,"4":0,"5":0,"6":0,"7":0,"8":1,"9":1,"10":1},"n_resources":{"0":2332,"1":2332,"2":2332,"3":2332,"4":2332,"5":2332,"6":2332,"7":2332,"8":6996,"9":6996,"10":6996},"mean_fit_time":{"0":15.4648743629,"1":14.9547969341,"2":27.3383276463,"3":27.4131021023,"4":16.0395055771,"5":16.0371954918,"6":27.9428844929,"7":27.9736407757,"8":16.9350829124,"9":15.908270216,"10":16.585794735},"std_fit_time":{"0":1.0711234522,"1":0.2748371023,"2":0.264674483,"3":0.8213913863,"4":0.4453567334,"5":0.3284204141,"6":0.5493851304,"7":0.5873106058,"8":0.440501594,"9":0.1246608361,"10":0.1869190665},"mean_score_time":{"0":0.0009000778,"1":0.0009281158,"2":0.0008738518,"3":0.0009001255,"4":0.0009090424,"5":0.0010176182,"6":0.0008545399,"7":0.0008588314,"8":0.0010996819,"9":0.0009747505,"10":0.0010970592},"std_score_time":{"0":0.0001210601,"1":0.0000410325,"2":0.0000706383,"3":0.0000137471,"4":0.0001140014,"5":0.0000171346,"6":0.0000746235,"7":0.0000615165,"8":0.0000285588,"9":0.0000633414,"10":0.0000443978},"param_parsimony_coefficient":{"0":0.025,"1":0.025,"2":0.025,"3":0.025,"4":0.01,"5":0.01,"6":0.01,"7":0.01,"8":0.01,"9":0.025,"10":0.01},"param_population_size":{"0":500,"1":500,"2":1000,"3":1000,"4":500,"5":500,"6":1000,"7":1000,"8":500,"9":500,"10":500},"param_tournament_size":{"0":15,"1":30,"2":15,"3":30,"4":15,"5":30,"6":15,"7":30,"8":15,"9":15,"10":30},"params":{"0":{"parsimony_coefficient":0.025,"population_size":500,"tournament_size":15},"1":{"parsimony_coefficient":0.025,"population_size":500,"tournament_size":30},"2":{"parsimony_coefficient":0.025,"population_size":1000,"tournament_size":15},"3":{"parsimony_coefficient":0.025,"population_size":1000,"tournament_size":30},"4":{"parsimony_coefficient":0.01,"population_size":500,"tournament_size":15},"5":{"parsimony_coefficient":0.01,"population_size":500,"tournament_size":30},"6":{"parsimony_coefficient":0.01,"population_size":1000,"tournament_size":15},"7":{"parsimony_coefficient":0.01,"population_size":1000,"tournament_size":30},"8":{"parsimony_coefficient":0.01,"population_size":500,"tournament_size":15},"9":{"parsimony_coefficient":0.025,"population_size":500,"tournament_size":15},"10":{"parsimony_coefficient":0.01,"population_size":500,"tournament_size":30}},"split0_test_score":{"0":0.8755364807,"1":0.8154506438,"2":0.7961373391,"3":0.7961373391,"4":0.8669527897,"5":0.8605150215,"6":0.7961373391,"7":0.7961373391,"8":0.8684774839,"9":0.8699070765,"10":0.8656182988},"split1_test_score":{"0":0.8261802575,"1":0.8261802575,"2":0.8154506438,"3":0.8154506438,"4":0.8154506438,"5":0.8154506438,"6":0.8154506438,"7":0.8154506438,"8":0.8191565404,"9":0.881343817,"10":0.8670478914},"split2_test_score":{"0":0.80472103,"1":0.80472103,"2":0.7961373391,"3":0.8412017167,"4":0.8626609442,"5":0.8454935622,"6":0.7961373391,"7":0.830472103,"8":0.7991422445,"9":0.8570407434,"10":0.848463188},"split3_test_score":{"0":0.8776824034,"1":0.813304721,"2":0.8090128755,"3":0.8090128755,"4":0.8090128755,"5":0.8669527897,"6":0.8090128755,"7":0.8090128755,"8":0.856223176,"9":0.8590844063,"10":0.8483547926},"split4_test_score":{"0":0.8347639485,"1":0.8111587983,"2":0.7961373391,"3":0.7961373391,"4":0.8326180258,"5":0.8369098712,"6":0.7961373391,"7":0.7961373391,"8":0.8533619456,"9":0.8533619456,"10":0.8376251788},"mean_test_score":{"0":0.843776824,"1":0.8141630901,"2":0.8025751073,"3":0.8115879828,"4":0.8373390558,"5":0.8450643777,"6":0.8025751073,"7":0.8094420601,"8":0.8392722781,"9":0.8641475978,"10":0.8534218699},"std_test_score":{"0":0.0285464191,"1":0.0069997882,"2":0.0081432043,"3":0.0165889683,"4":0.0237568283,"5":0.018228979,"6":0.0081432043,"7":0.0129041171,"8":0.0258992595,"9":0.0102113185,"10":0.0112625094},"rank_test_score":{"0":4,"1":7,"2":10,"3":8,"4":6,"5":3,"6":10,"7":9,"8":5,"9":1,"10":2},"split0_train_score":{"0":0.8638069705,"1":0.8096514745,"2":0.8048257373,"3":0.8048257373,"4":0.8621983914,"5":0.8487935657,"6":0.8048257373,"7":0.8048257373,"8":0.8652609006,"9":0.8627591137,"10":0.8504288778},"split1_train_score":{"0":0.8026809651,"1":0.8026809651,"2":0.8058981233,"3":0.8058981233,"4":0.8058981233,"5":0.8058981233,"6":0.8058981233,"7":0.8058981233,"8":0.8048606147,"9":0.8600786276,"10":0.8500714796},"split2_train_score":{"0":0.8139410188,"1":0.8139410188,"2":0.7924932976,"3":0.8418230563,"4":0.8402144772,"5":0.8203753351,"6":0.7924932976,"7":0.8252010724,"8":0.8098641887,"9":0.8659756969,"10":0.8548963545},"split3_train_score":{"0":0.8600536193,"1":0.7978552279,"2":0.8048257373,"3":0.8048257373,"4":0.8048257373,"5":0.8648793566,"6":0.8048257373,"7":0.8048257373,"8":0.8670716455,"9":0.8654636412,"10":0.8549222798},"split4_train_score":{"0":0.8643431635,"1":0.8058981233,"2":0.8048257373,"3":0.8048257373,"4":0.8621983914,"5":0.8520107239,"6":0.8085790885,"7":0.8085790885,"8":0.8690369841,"9":0.8668929784,"10":0.8574236198},"mean_train_score":{"0":0.8409651475,"1":0.8060053619,"2":0.8025737265,"3":0.8124396783,"4":0.8350670241,"5":0.8383914209,"6":0.8033243968,"7":0.8098659517,"8":0.8432188667,"9":0.8642340116,"10":0.8535485223},"std_train_score":{"0":0.0269393111,"1":0.005545387,"2":0.0050572981,"3":0.0146975586,"4":0.0255502589,"5":0.0217976811,"6":0.0055867094,"7":0.0077893919,"8":0.0293437269,"9":0.0024923122,"10":0.002847534}}