{"iter":{"0":0,"1":0,"2":0,"3":0,"4":0,"5":0,"6":0,"7":0,"8":1,"9":1,"10":1},"n_resources":{"0":3558,"1":3558,"2":3558,"3":3558,"4":3558,"5":3558,"6":3558,"7":3558,"8":10674,"9":10674,"10":10674},"mean_fit_time":{"0":14.2370301247,"1":14.3109408855,"2":25.5532254696,"3":25.8158546925,"4":14.9045126438,"5":15.2051743984,"6":25.7600639343,"7":25.7876360416,"8":26.7571254253,"9":26.808943224,"10":26.63259058},"std_fit_time":{"0":0.3965111607,"1":0.4584417968,"2":0.1530906278,"3":0.3335974295,"4":0.0858521055,"5":0.5331743608,"6":0.2581123697,"7":0.2292330751,"8":0.08416073,"9":0.1586134389,"10":0.2059520538},"mean_score_time":{"0":0.0007688999,"1":0.000854969,"2":0.0007220268,"3":0.0007213593,"4":0.0010195732,"5":0.0010795593,"6":0.0007871151,"7":0.0007045746,"8":0.0008084297,"9":0.0008499146,"10":0.0008916378},"std_score_time":{"0":0.0001617585,"1":0.000134388,"2":0.0000683653,"3":0.0000499198,"4":0.0000742438,"5":0.000070899,"6":0.0000303909,"7":0.0000568112,"8":0.0000717822,"9":0.0000589939,"10":0.0000284818},"param_parsimony_coefficient":{"0":0.025,"1":0.025,"2":0.025,"3":0.025,"4":0.01,"5":0.01,"6":0.01,"7":0.01,"8":0.01,"9":0.01,"10":0.025},"param_population_size":{"0":500,"1":500,"2":1000,"3":1000,"4":500,"5":500,"6":1000,"7":1000,"8":1000,"9":1000,"10":1000},"param_tournament_size":{"0":15,"1":30,"2":15,"3":30,"4":15,"5":30,"6":15,"7":30,"8":30,"9":15,"10":15},"params":{"0":{"parsimony_coefficient":0.025,"population_size":500,"tournament_size":15},"1":{"parsimony_coefficient":0.025,"population_size":500,"tournament_size":30},"2":{"parsimony_coefficient":0.025,"population_size":1000,"tournament_size":15},"3":{"parsimony_coefficient":0.025,"population_size":1000,"tournament_size":30},"4":{"parsimony_coefficient":0.01,"population_size":500,"tournament_size":15},"5":{"parsimony_coefficient":0.01,"population_size":500,"tournament_size":30},"6":{"parsimony_coefficient":0.01,"population_size":1000,"tournament_size":15},"7":{"parsimony_coefficient":0.01,"population_size":1000,"tournament_size":30},"8":{"parsimony_coefficient":0.01,"population_size":1000,"tournament_size":30},"9":{"parsimony_coefficient":0.01,"population_size":1000,"tournament_size":15},"10":{"parsimony_coefficient":0.025,"population_size":1000,"tournament_size":15}},"split0_test_score":{"0":0.7187060478,"1":0.7398030942,"2":0.7932489451,"3":0.7932489451,"4":0.7187060478,"5":0.7187060478,"6":0.7932489451,"7":0.7932489451,"8":0.7956888472,"9":0.774601687,"10":0.7956888472},"split1_test_score":{"0":0.7454289733,"1":0.7454289733,"2":0.8199718706,"3":0.7454289733,"4":0.7454289733,"5":0.7454289733,"6":0.8199718706,"7":0.7454289733,"8":0.7591377694,"9":0.7891283974,"10":0.8270852858},"split2_test_score":{"0":0.7580872011,"1":0.7580872011,"2":0.8312236287,"3":0.7580872011,"4":0.7580872011,"5":0.8143459916,"6":0.7946554149,"7":0.7580872011,"8":0.7511715089,"9":0.7872539831,"10":0.8228678538},"split3_test_score":{"0":0.7510548523,"1":0.7510548523,"2":0.8241912799,"3":0.7510548523,"4":0.7510548523,"5":0.8143459916,"6":0.8241912799,"7":0.7510548523,"8":0.744611059,"9":0.771321462,"10":0.8219306467},"split4_test_score":{"0":0.7383966245,"1":0.7383966245,"2":0.8045007032,"3":0.7383966245,"4":0.7383966245,"5":0.7383966245,"6":0.7693389592,"7":0.8748241913,"8":0.7417994377,"9":0.7755388941,"10":0.8102155576},"mean_test_score":{"0":0.7423347398,"1":0.7465541491,"2":0.8146272855,"3":0.7572433193,"4":0.7423347398,"5":0.7662447257,"6":0.800281294,"7":0.7845288326,"8":0.7584817245,"9":0.7795688847,"10":0.8155576382},"std_test_score":{"0":0.0134727764,"1":0.0073028157,"2":0.0138206678,"3":0.019132125,"4":0.0134727764,"5":0.0402397856,"6":0.0199896911,"7":0.0481201795,"8":0.0195393638,"9":0.007202484,"10":0.0114039276},"rank_test_score":{"0":10,"1":9,"2":2,"3":8,"4":10,"5":6,"6":3,"7":4,"8":7,"9":5,"10":1},"split0_train_score":{"0":0.7480674631,"1":0.7684469431,"2":0.8253689389,"3":0.8253689389,"4":0.7480674631,"5":0.7480674631,"6":0.8253689389,"7":0.8253689389,"8":0.824452512,"9":0.7808876918,"10":0.824452512},"split1_train_score":{"0":0.7340126493,"1":0.7340126493,"2":0.7997189037,"3":0.7340126493,"4":0.7340126493,"5":0.7340126493,"6":0.7997189037,"7":0.7340126493,"8":0.7442323457,"9":0.7772572901,"10":0.8109848928},"split2_train_score":{"0":0.7466619817,"1":0.7466619817,"2":0.8060435699,"3":0.7466619817,"4":0.7466619817,"5":0.796907941,"6":0.776528461,"7":0.7466619817,"8":0.7462232111,"9":0.777725729,"10":0.8120388804},"split3_train_score":{"0":0.7463106114,"1":0.7463106114,"2":0.8102600141,"3":0.7463106114,"4":0.7463106114,"5":0.7919887561,"6":0.8102600141,"7":0.7463106114,"8":0.7479798571,"9":0.7817074599,"10":0.8180114768},"split4_train_score":{"0":0.7403373155,"1":0.7403373155,"2":0.8106113844,"3":0.7403373155,"4":0.7403373155,"5":0.7396345748,"6":0.7747716093,"7":0.8896697119,"8":0.7485654058,"9":0.7806534723,"10":0.8152008432},"mean_train_score":{"0":0.7430780042,"1":0.7471539002,"2":0.8104005622,"3":0.7585382994,"4":0.7430780042,"5":0.7621222769,"6":0.7973295854,"7":0.7884047786,"8":0.7622906664,"9":0.7796463286,"10":0.816137721},"std_train_score":{"0":0.0052513118,"1":0.0116060768,"2":0.0084521915,"3":0.0337333099,"4":0.0052513118,"5":0.0268157965,"6":0.0194969702,"7":0.0601561628,"8":0.0311176579,"9":0.0017999884,"10":0.0048348026}}