{"iter":{"0":0},"n_resources":{"0":10675},"mean_fit_time":{"0":15.3379436493},"std_fit_time":{"0":0.1243564943},"mean_score_time":{"0":0.0010118961},"std_score_time":{"0":0.0002235628},"param_parsimony_coefficient":{"0":0.02},"param_population_size":{"0":500},"param_tournament_size":{"0":15},"params":{"0":{"parsimony_coefficient":0.02,"population_size":500,"tournament_size":15}},"split0_test_score":{"0":0.8978922717},"split1_test_score":{"0":0.8941451991},"split2_test_score":{"0":0.8889929742},"split3_test_score":{"0":0.8866510539},"split4_test_score":{"0":0.8763466042},"mean_test_score":{"0":0.8888056206},"std_test_score":{"0":0.0073618296},"rank_test_score":{"0":1},"split0_train_score":{"0":0.8865339578},"split1_train_score":{"0":0.887470726},"split2_train_score":{"0":0.8887587822},"split3_train_score":{"0":0.8893442623},"split4_train_score":{"0":0.8919203747},"mean_train_score":{"0":0.8888056206},"std_train_score":{"0":0.0018404574}}