{"iter":{"0":0,"1":0,"2":0,"3":0,"4":1,"5":1,"6":2},"n_resources":{"0":20,"1":20,"2":20,"3":20,"4":40,"5":40,"6":80},"mean_fit_time":{"0":36.4937867165,"1":16.8467416286,"2":20.4330376148,"3":26.1241398335,"4":19.819195652,"5":25.0085412025,"6":25.8160033226},"std_fit_time":{"0":1.5012770143,"1":0.4397442974,"2":0.4697876454,"3":1.207774752,"4":0.7389838639,"5":0.7336711576,"6":0.4976578064},"mean_score_time":{"0":0.0007193565,"1":0.000848484,"2":0.0008071899,"3":0.0008196831,"4":0.0007509708,"5":0.0007888794,"6":0.0007143497},"std_score_time":{"0":0.0001465729,"1":0.0000898313,"2":0.000135648,"3":0.0000964295,"4":0.00015144,"5":0.000105171,"6":0.0001325375},"param_population_size":{"0":1455,"1":628,"2":745,"3":969,"4":745,"5":969,"6":969},"param_tournament_size":{"0":27,"1":45,"2":49,"3":37,"4":49,"5":37,"6":37},"params":{"0":{"population_size":1455,"tournament_size":27},"1":{"population_size":628,"tournament_size":45},"2":{"population_size":745,"tournament_size":49},"3":{"population_size":969,"tournament_size":37},"4":{"population_size":745,"tournament_size":49},"5":{"population_size":969,"tournament_size":37},"6":{"population_size":969,"tournament_size":37}},"split0_test_score":{"0":0.75,"1":1.0,"2":1.0,"3":1.0,"4":0.75,"5":0.75,"6":0.9375},"split1_test_score":{"0":0.75,"1":0.75,"2":1.0,"3":1.0,"4":0.75,"5":0.875,"6":0.9375},"split2_test_score":{"0":1.0,"1":0.75,"2":0.75,"3":0.75,"4":0.875,"5":0.875,"6":0.75},"split3_test_score":{"0":0.75,"1":0.5,"2":0.5,"3":0.5,"4":1.0,"5":1.0,"6":0.875},"split4_test_score":{"0":0.75,"1":0.75,"2":0.75,"3":0.75,"4":0.875,"5":0.875,"6":0.9375},"mean_test_score":{"0":0.8,"1":0.75,"2":0.8,"3":0.8,"4":0.85,"5":0.875,"6":0.8875},"std_test_score":{"0":0.1,"1":0.158113883,"2":0.1870828693,"3":0.1870828693,"4":0.0935414347,"5":0.0790569415,"6":0.0728868987},"rank_test_score":{"0":4,"1":7,"2":4,"3":4,"4":3,"5":2,"6":1},"split0_train_score":{"0":1.0,"1":1.0,"2":1.0,"3":1.0,"4":0.90625,"5":0.90625,"6":0.9375},"split1_train_score":{"0":0.875,"1":0.75,"2":0.875,"3":0.875,"4":0.8125,"5":0.90625,"6":0.859375},"split2_train_score":{"0":0.875,"1":0.625,"2":0.625,"3":0.75,"4":0.84375,"5":0.84375,"6":0.765625},"split3_train_score":{"0":0.8125,"1":0.75,"2":0.75,"3":0.75,"4":0.84375,"5":0.90625,"6":0.84375},"split4_train_score":{"0":0.875,"1":0.875,"2":1.0,"3":1.0,"4":0.8125,"5":0.875,"6":0.84375},"mean_train_score":{"0":0.8875,"1":0.8,"2":0.85,"3":0.875,"4":0.84375,"5":0.8875,"6":0.85},"std_train_score":{"0":0.0612372436,"1":0.1274754878,"2":0.1457737974,"3":0.1118033989,"4":0.0342326598,"5":0.025,"6":0.054665174}}