{"iter":{"0":0},"n_resources":{"0":10675},"mean_fit_time":{"0":15.1535367489},"std_fit_time":{"0":0.0632902219},"mean_score_time":{"0":0.0009890556},"std_score_time":{"0":0.0001527931},"param_parsimony_coefficient":{"0":0.025},"param_population_size":{"0":500},"param_tournament_size":{"0":15},"params":{"0":{"parsimony_coefficient":0.025,"population_size":500,"tournament_size":15}},"split0_test_score":{"0":0.7484777518},"split1_test_score":{"0":0.7611241218},"split2_test_score":{"0":0.7362997658},"split3_test_score":{"0":0.7409836066},"split4_test_score":{"0":0.7274004684},"mean_test_score":{"0":0.7428571429},"std_test_score":{"0":0.0114078208},"rank_test_score":{"0":1},"split0_train_score":{"0":0.7414519906},"split1_train_score":{"0":0.7382903981},"split2_train_score":{"0":0.7444964871},"split3_train_score":{"0":0.7433255269},"split4_train_score":{"0":0.7467213115},"mean_train_score":{"0":0.7428571429},"std_train_score":{"0":0.0028519552}}