{"iter":{"0":0},"n_resources":{"0":10675},"mean_fit_time":{"0":15.3615674973},"std_fit_time":{"0":0.1323401924},"mean_score_time":{"0":0.0012944221},"std_score_time":{"0":0.0001215023},"param_parsimony_coefficient":{"0":0.025},"param_population_size":{"0":500},"param_tournament_size":{"0":15},"params":{"0":{"parsimony_coefficient":0.025,"population_size":500,"tournament_size":15}},"split0_test_score":{"0":0.7353629977},"split1_test_score":{"0":0.7489461358},"split2_test_score":{"0":0.7400468384},"split3_test_score":{"0":0.7484777518},"split4_test_score":{"0":0.7391100703},"mean_test_score":{"0":0.7423887588},"std_test_score":{"0":0.0053976057},"rank_test_score":{"0":1},"split0_train_score":{"0":0.7441451991},"split1_train_score":{"0":0.7407494145},"split2_train_score":{"0":0.7429742389},"split3_train_score":{"0":0.7408665105},"split4_train_score":{"0":0.7432084309},"mean_train_score":{"0":0.7423887588},"std_train_score":{"0":0.0013494014}}