{"iter":{"0":0,"1":0,"2":0,"3":0,"4":0,"5":0,"6":0,"7":0,"8":1,"9":1,"10":1},"n_resources":{"0":3558,"1":3558,"2":3558,"3":3558,"4":3558,"5":3558,"6":3558,"7":3558,"8":10674,"9":10674,"10":10674},"mean_fit_time":{"0":13.9690998077,"1":14.1141710758,"2":25.784133625,"3":26.0279201984,"4":14.7069897175,"5":14.8935260773,"6":26.1782548904,"7":26.043441391,"8":15.2140304089,"9":26.997650671,"10":26.8552931309},"std_fit_time":{"0":0.2524686711,"1":0.1964939963,"2":0.1688800711,"3":0.2248347471,"4":0.3704440529,"5":0.3891820917,"6":0.3411535322,"7":0.3818660866,"8":0.5985918565,"9":0.0657671592,"10":0.1560016562},"mean_score_time":{"0":0.0008938313,"1":0.0008505821,"2":0.0007604599,"3":0.0007074833,"4":0.0009204865,"5":0.001096487,"6":0.000763607,"7":0.0007389069,"8":0.0015256882,"9":0.000924015,"10":0.0008388519},"std_score_time":{"0":0.0002535114,"1":0.000100688,"2":0.0000617094,"3":0.0000494017,"4":0.0001430927,"5":0.0001984717,"6":0.0000114574,"7":0.0000183569,"8":0.0003077723,"9":0.0000493902,"10":0.0000921521},"param_parsimony_coefficient":{"0":0.025,"1":0.025,"2":0.025,"3":0.025,"4":0.01,"5":0.01,"6":0.01,"7":0.01,"8":0.01,"9":0.01,"10":0.025},"param_population_size":{"0":500,"1":500,"2":1000,"3":1000,"4":500,"5":500,"6":1000,"7":1000,"8":500,"9":1000,"10":1000},"param_tournament_size":{"0":15,"1":30,"2":15,"3":30,"4":15,"5":30,"6":15,"7":30,"8":30,"9":15,"10":15},"params":{"0":{"parsimony_coefficient":0.025,"population_size":500,"tournament_size":15},"1":{"parsimony_coefficient":0.025,"population_size":500,"tournament_size":30},"2":{"parsimony_coefficient":0.025,"population_size":1000,"tournament_size":15},"3":{"parsimony_coefficient":0.025,"population_size":1000,"tournament_size":30},"4":{"parsimony_coefficient":0.01,"population_size":500,"tournament_size":15},"5":{"parsimony_coefficient":0.01,"population_size":500,"tournament_size":30},"6":{"parsimony_coefficient":0.01,"population_size":1000,"tournament_size":15},"7":{"parsimony_coefficient":0.01,"population_size":1000,"tournament_size":30},"8":{"parsimony_coefficient":0.01,"population_size":500,"tournament_size":30},"9":{"parsimony_coefficient":0.01,"population_size":1000,"tournament_size":15},"10":{"parsimony_coefficient":0.025,"population_size":1000,"tournament_size":15}},"split0_test_score":{"0":0.7426160338,"1":0.7426160338,"2":0.805907173,"3":0.7426160338,"4":0.7426160338,"5":0.741209564,"6":0.7693389592,"7":0.7426160338,"8":0.7338331771,"9":0.76710403,"10":0.798031865},"split1_test_score":{"0":0.7257383966,"1":0.7257383966,"2":0.8241912799,"3":0.7257383966,"4":0.7257383966,"5":0.7229254571,"6":0.7566807314,"7":0.7257383966,"8":0.8064667291,"9":0.7769447048,"10":0.824742268},"split2_test_score":{"0":0.7201125176,"1":0.7201125176,"2":0.7876230661,"3":0.7876230661,"4":0.7201125176,"5":0.7201125176,"6":0.7876230661,"7":0.7876230661,"8":0.7919400187,"9":0.7806935333,"10":0.8153701968},"split3_test_score":{"0":0.7510548523,"1":0.7510548523,"2":0.8157524613,"3":0.7510548523,"4":0.7510548523,"5":0.7946554149,"6":0.7805907173,"7":0.7510548523,"8":0.747891284,"9":0.7764761012,"10":0.8191190253},"split4_test_score":{"0":0.7313642757,"1":0.7313642757,"2":0.805907173,"3":0.7313642757,"4":0.7313642757,"5":0.7876230661,"6":0.7749648383,"7":0.7313642757,"8":0.7380506092,"9":0.7741330834,"10":0.8195876289},"mean_test_score":{"0":0.7341772152,"1":0.7341772152,"2":0.8078762307,"3":0.7476793249,"4":0.7341772152,"5":0.7533052039,"6":0.7738396624,"7":0.7476793249,"8":0.7636363636,"9":0.7750702905,"10":0.8153701968},"std_test_score":{"0":0.0112517581,"1":0.0112517581,"2":0.0122160623,"3":0.0218179684,"4":0.0112517581,"5":0.0318073688,"6":0.010502478,"7":0.0218179684,"8":0.0297533373,"9":0.0045044479,"10":0.0091683577},"rank_test_score":{"0":9,"1":9,"2":2,"3":7,"4":9,"5":6,"6":4,"7":7,"8":5,"9":3,"10":1},"split0_train_score":{"0":0.7392832045,"1":0.7392832045,"2":0.8176387913,"3":0.7392832045,"4":0.7392832045,"5":0.7375263528,"6":0.7789880534,"7":0.7392832045,"8":0.7429441387,"9":0.7771401803,"10":0.8170745989},"split1_train_score":{"0":0.7364722417,"1":0.7364722417,"2":0.8049894589,"3":0.7364722417,"4":0.7364722417,"5":0.73471539,"6":0.7702037948,"7":0.7364722417,"8":0.7950579693,"9":0.774680876,"10":0.8105164539},"split2_train_score":{"0":0.7484188335,"1":0.7484188335,"2":0.8134223472,"3":0.8134223472,"4":0.7484188335,"5":0.7484188335,"6":0.8134223472,"7":0.8134223472,"8":0.7984541515,"9":0.7737439981,"10":0.8187141351},"split3_train_score":{"0":0.7406886859,"1":0.7406886859,"2":0.8134223472,"3":0.7406886859,"4":0.7406886859,"5":0.7976106817,"6":0.7698524245,"7":0.7406886859,"8":0.7395479564,"9":0.7747979857,"10":0.8119217707},"split4_train_score":{"0":0.7456078707,"1":0.7456078707,"2":0.8172874209,"3":0.7456078707,"4":0.7456078707,"5":0.8021784961,"6":0.7740688686,"7":0.7456078707,"8":0.7421243705,"9":0.7755006441,"10":0.8177772573},"mean_train_score":{"0":0.7420941673,"1":0.7420941673,"2":0.8133520731,"3":0.75509487,"4":0.7420941673,"5":0.7640899508,"6":0.7813070977,"7":0.75509487,"8":0.7636257173,"9":0.7751727369,"10":0.8152008432},"std_train_score":{"0":0.0043319845,"1":0.0043319845,"2":0.0045564484,"3":0.0293136382,"4":0.0043319845,"5":0.0296258339,"6":0.0163929988,"7":0.0293136382,"8":0.027095315,"9":0.0011315491,"10":0.0033222856}}