{"iter":{"0":0},"n_resources":{"0":10675},"mean_fit_time":{"0":14.9123224735},"std_fit_time":{"0":0.158208981},"mean_score_time":{"0":0.0012481689},"std_score_time":{"0":0.0001087376},"param_parsimony_coefficient":{"0":0.025},"param_population_size":{"0":500},"param_tournament_size":{"0":15},"params":{"0":{"parsimony_coefficient":0.025,"population_size":500,"tournament_size":15}},"split0_test_score":{"0":0.7391100703},"split1_test_score":{"0":0.7592505855},"split2_test_score":{"0":0.7512880562},"split3_test_score":{"0":0.7447306792},"split4_test_score":{"0":0.7419203747},"mean_test_score":{"0":0.7472599532},"std_test_score":{"0":0.00722952},"rank_test_score":{"0":1},"split0_train_score":{"0":0.7492974239},"split1_train_score":{"0":0.7442622951},"split2_train_score":{"0":0.7462529274},"split3_train_score":{"0":0.7478922717},"split4_train_score":{"0":0.7485948478},"mean_train_score":{"0":0.7472599532},"std_train_score":{"0":0.00180738}}