{"iter":{"0":0},"n_resources":{"0":10675},"mean_fit_time":{"0":15.3940187931},"std_fit_time":{"0":0.1833933258},"mean_score_time":{"0":0.0011988163},"std_score_time":{"0":0.000201742},"param_parsimony_coefficient":{"0":0.02},"param_population_size":{"0":500},"param_tournament_size":{"0":15},"params":{"0":{"parsimony_coefficient":0.02,"population_size":500,"tournament_size":15}},"split0_test_score":{"0":0.8988290398},"split1_test_score":{"0":0.893676815},"split2_test_score":{"0":0.8964871194},"split3_test_score":{"0":0.8903981265},"split4_test_score":{"0":0.8838407494},"mean_test_score":{"0":0.89264637},"std_test_score":{"0":0.0052274685},"rank_test_score":{"0":1},"split0_train_score":{"0":0.8911007026},"split1_train_score":{"0":0.8923887588},"split2_train_score":{"0":0.8916861827},"split3_train_score":{"0":0.8932084309},"split4_train_score":{"0":0.8948477752},"mean_train_score":{"0":0.89264637},"std_train_score":{"0":0.0013068671}}