{"iter":{"0":0,"1":0,"2":0,"3":0,"4":0,"5":0,"6":0,"7":0,"8":1,"9":1,"10":1},"n_resources":{"0":4560,"1":4560,"2":4560,"3":4560,"4":4560,"5":4560,"6":4560,"7":4560,"8":13680,"9":13680,"10":13680},"mean_fit_time":{"0":14.7500032902,"1":14.5412865639,"2":24.7271864414,"3":24.9708178043,"4":14.6839373589,"5":15.0332826138,"6":25.0161808491,"7":25.3885392666,"8":26.4844969749,"9":26.1200173378,"10":26.7607437611},"std_fit_time":{"0":0.3528657834,"1":0.2917378704,"2":0.2871611113,"3":0.1470981762,"4":0.7767780515,"5":0.2947764739,"6":0.4151875993,"7":0.3723875491,"8":0.5027099141,"9":0.0908705039,"10":0.8527645594},"mean_score_time":{"0":0.0009456158,"1":0.000978899,"2":0.0006371498,"3":0.0006248951,"4":0.0008154869,"5":0.0009108067,"6":0.000659132,"7":0.0007109642,"8":0.0008024693,"9":0.0007677555,"10":0.0008379459},"std_score_time":{"0":0.0000979647,"1":0.0000480574,"2":0.0000032711,"3":0.0000069674,"4":0.0001149763,"5":0.0001661775,"6":0.0000629928,"7":0.0000691246,"8":0.0000688567,"9":0.0000321097,"10":0.0001196974},"param_parsimony_coefficient":{"0":0.025,"1":0.025,"2":0.025,"3":0.025,"4":0.01,"5":0.01,"6":0.01,"7":0.01,"8":0.01,"9":0.025,"10":0.01},"param_population_size":{"0":500,"1":500,"2":1000,"3":1000,"4":500,"5":500,"6":1000,"7":1000,"8":1000,"9":1000,"10":1000},"param_tournament_size":{"0":15,"1":30,"2":15,"3":30,"4":15,"5":30,"6":15,"7":30,"8":30,"9":30,"10":15},"params":{"0":{"parsimony_coefficient":0.025,"population_size":500,"tournament_size":15},"1":{"parsimony_coefficient":0.025,"population_size":500,"tournament_size":30},"2":{"parsimony_coefficient":0.025,"population_size":1000,"tournament_size":15},"3":{"parsimony_coefficient":0.025,"population_size":1000,"tournament_size":30},"4":{"parsimony_coefficient":0.01,"population_size":500,"tournament_size":15},"5":{"parsimony_coefficient":0.01,"population_size":500,"tournament_size":30},"6":{"parsimony_coefficient":0.01,"population_size":1000,"tournament_size":15},"7":{"parsimony_coefficient":0.01,"population_size":1000,"tournament_size":30},"8":{"parsimony_coefficient":0.01,"population_size":1000,"tournament_size":30},"9":{"parsimony_coefficient":0.025,"population_size":1000,"tournament_size":30},"10":{"parsimony_coefficient":0.01,"population_size":1000,"tournament_size":15}},"split0_test_score":{"0":0.9462719298,"1":0.9451754386,"2":0.9484649123,"3":0.9484649123,"4":0.9484649123,"5":0.9418859649,"6":0.9484649123,"7":0.9484649123,"8":0.9459064327,"9":0.9459064327,"10":0.9459064327},"split1_test_score":{"0":0.9396929825,"1":0.9385964912,"2":0.9429824561,"3":0.9429824561,"4":0.9396929825,"5":0.9375,"6":0.9429824561,"7":0.9429824561,"8":0.9455409357,"9":0.9455409357,"10":0.9455409357},"split2_test_score":{"0":0.9407894737,"1":0.9375,"2":0.9396929825,"3":0.9396929825,"4":0.9473684211,"5":0.9396929825,"6":0.9396929825,"7":0.9396929825,"8":0.942251462,"9":0.942251462,"10":0.9455409357},"split3_test_score":{"0":0.9418859649,"1":0.9396929825,"2":0.9396929825,"3":0.9418859649,"4":0.9418859649,"5":0.9396929825,"6":0.9418859649,"7":0.9342105263,"8":0.9364035088,"9":0.9364035088,"10":0.9364035088},"split4_test_score":{"0":0.9309210526,"1":0.9287280702,"2":0.9440789474,"3":0.9440789474,"4":0.9320175439,"5":0.9495614035,"6":0.9495614035,"7":0.9495614035,"8":0.956505848,"9":0.9488304094,"10":0.956505848},"mean_test_score":{"0":0.9399122807,"1":0.9379385965,"2":0.9429824561,"3":0.9434210526,"4":0.9418859649,"5":0.9416666667,"6":0.9445175439,"7":0.9429824561,"8":0.9453216374,"9":0.9437865497,"10":0.9459795322},"std_test_score":{"0":0.0050199663,"1":0.0053086484,"2":0.0032527186,"3":0.00290932,"4":0.0059251123,"5":0.0041839439,"6":0.0038361526,"7":0.0056763943,"8":0.0065488264,"9":0.0042397661,"10":0.0063701433},"rank_test_score":{"0":10,"1":11,"2":6,"3":5,"4":8,"5":9,"6":3,"7":6,"8":2,"9":4,"10":1},"split0_train_score":{"0":0.9383223684,"1":0.9372258772,"2":0.9443530702,"3":0.9443530702,"4":0.9385964912,"5":0.9355811404,"6":0.9443530702,"7":0.9443530702,"8":0.9432565789,"9":0.9432565789,"10":0.9432565789},"split1_train_score":{"0":0.9413377193,"1":0.9399671053,"2":0.9462719298,"3":0.9462719298,"4":0.9418859649,"5":0.9396929825,"6":0.9462719298,"7":0.9462719298,"8":0.9433479532,"9":0.9433479532,"10":0.9433479532},"split2_train_score":{"0":0.9421600877,"1":0.9416118421,"2":0.9495614035,"3":0.9495614035,"4":0.954495614,"5":0.9506578947,"6":0.9495614035,"7":0.9495614035,"8":0.9441703216,"9":0.9441703216,"10":0.9455409357},"split3_train_score":{"0":0.9468201754,"1":0.9440789474,"2":0.9440789474,"3":0.951754386,"4":0.9449013158,"5":0.9440789474,"6":0.951754386,"7":0.9438048246,"8":0.9456323099,"9":0.9456323099,"10":0.9456323099},"split4_train_score":{"0":0.9333881579,"1":0.9325657895,"2":0.9405153509,"3":0.9405153509,"4":0.9344846491,"5":0.9479166667,"6":0.9479166667,"7":0.9479166667,"8":0.9519371345,"9":0.9425255848,"10":0.9519371345},"mean_train_score":{"0":0.9404057018,"1":0.9390899123,"2":0.9449561404,"3":0.9464912281,"4":0.942872807,"5":0.9435855263,"6":0.9479714912,"7":0.9463815789,"8":0.9456688596,"9":0.9437865497,"10":0.9459429825},"std_train_score":{"0":0.0044424813,"1":0.0039511738,"2":0.0029595109,"3":0.0039359301,"4":0.0067650043,"5":0.0054450478,"6":0.0025621319,"7":0.0021556583,"8":0.0032478894,"9":0.0010599415,"10":0.0031666689}}