{"iter":{"0":0,"1":0,"2":0,"3":0,"4":0,"5":0,"6":0,"7":0,"8":1,"9":1,"10":1},"n_resources":{"0":4560,"1":4560,"2":4560,"3":4560,"4":4560,"5":4560,"6":4560,"7":4560,"8":13680,"9":13680,"10":13680},"mean_fit_time":{"0":14.2112804413,"1":14.33510499,"2":24.8116778374,"3":24.553073597,"4":14.8172970772,"5":14.4456988811,"6":25.264907074,"7":25.0533432007,"8":26.8674266338,"9":26.769252634,"10":26.1133774757},"std_fit_time":{"0":0.1605432269,"1":0.232189664,"2":0.2216404103,"3":0.1799172968,"4":0.2891033563,"5":0.4689518661,"6":1.1104896558,"7":0.3547313432,"8":0.1911004872,"9":0.1741811749,"10":0.2049926664},"mean_score_time":{"0":0.000807333,"1":0.0009191036,"2":0.0006309509,"3":0.000635767,"4":0.0009829521,"5":0.0007998466,"6":0.0006851673,"7":0.0006376266,"8":0.00074687,"9":0.0007703781,"10":0.0007750034},"std_score_time":{"0":0.0001725289,"1":0.0001448645,"2":0.0000063754,"3":0.0000120882,"4":0.0000641137,"5":0.0001542928,"6":0.00006726,"7":0.0000185756,"8":0.0000176034,"9":0.0000515988,"10":0.0000163859},"param_parsimony_coefficient":{"0":0.025,"1":0.025,"2":0.025,"3":0.025,"4":0.01,"5":0.01,"6":0.01,"7":0.01,"8":0.01,"9":0.01,"10":0.025},"param_population_size":{"0":500,"1":500,"2":1000,"3":1000,"4":500,"5":500,"6":1000,"7":1000,"8":1000,"9":1000,"10":1000},"param_tournament_size":{"0":15,"1":30,"2":15,"3":30,"4":15,"5":30,"6":15,"7":30,"8":30,"9":15,"10":30},"params":{"0":{"parsimony_coefficient":0.025,"population_size":500,"tournament_size":15},"1":{"parsimony_coefficient":0.025,"population_size":500,"tournament_size":30},"2":{"parsimony_coefficient":0.025,"population_size":1000,"tournament_size":15},"3":{"parsimony_coefficient":0.025,"population_size":1000,"tournament_size":30},"4":{"parsimony_coefficient":0.01,"population_size":500,"tournament_size":15},"5":{"parsimony_coefficient":0.01,"population_size":500,"tournament_size":30},"6":{"parsimony_coefficient":0.01,"population_size":1000,"tournament_size":15},"7":{"parsimony_coefficient":0.01,"population_size":1000,"tournament_size":30},"8":{"parsimony_coefficient":0.01,"population_size":1000,"tournament_size":30},"9":{"parsimony_coefficient":0.01,"population_size":1000,"tournament_size":15},"10":{"parsimony_coefficient":0.025,"population_size":1000,"tournament_size":30}},"split0_test_score":{"0":0.9418859649,"1":0.9407894737,"2":0.9462719298,"3":0.9462719298,"4":0.9506578947,"5":0.9407894737,"6":0.9462719298,"7":0.9462719298,"8":0.9499269006,"9":0.9499269006,"10":0.9499269006},"split1_test_score":{"0":0.9418859649,"1":0.9407894737,"2":0.951754386,"3":0.951754386,"4":0.9429824561,"5":0.9605263158,"6":0.951754386,"7":0.951754386,"8":0.9502923977,"9":0.9502923977,"10":0.9502923977},"split2_test_score":{"0":0.9473684211,"1":0.9473684211,"2":0.9473684211,"3":0.9484649123,"4":0.9506578947,"5":0.9473684211,"6":0.9484649123,"7":0.9429824561,"8":0.9415204678,"9":0.9415204678,"10":0.9415204678},"split3_test_score":{"0":0.9265350877,"1":0.9265350877,"2":0.9265350877,"3":0.9309210526,"4":0.9265350877,"5":0.9265350877,"6":0.9265350877,"7":0.9265350877,"8":0.9433479532,"9":0.9433479532,"10":0.9433479532},"split4_test_score":{"0":0.9375,"1":0.9375,"2":0.9375,"3":0.9506578947,"4":0.9375,"5":0.9375,"6":0.9473684211,"7":0.9506578947,"8":0.9484649123,"9":0.9484649123,"10":0.9484649123},"mean_test_score":{"0":0.9390350877,"1":0.9385964912,"2":0.9418859649,"3":0.9456140351,"4":0.9416666667,"5":0.9425438596,"6":0.9440789474,"7":0.9436403509,"8":0.9467105263,"9":0.9467105263,"10":0.9467105263},"std_test_score":{"0":0.0069900778,"1":0.006830005,"2":0.0089617617,"3":0.0075840423,"4":0.0090525296,"5":0.0112378316,"6":0.0089617617,"7":0.0091107799,"8":0.0035915551,"9":0.0035915551,"10":0.0035915551},"rank_test_score":{"0":10,"1":11,"2":8,"3":4,"4":9,"5":7,"6":5,"7":6,"8":1,"9":1,"10":1},"split0_train_score":{"0":0.9407894737,"1":0.9402412281,"2":0.9462719298,"3":0.9462719298,"4":0.9479166667,"5":0.9402412281,"6":0.9462719298,"7":0.9462719298,"8":0.9459064327,"9":0.9459064327,"10":0.9459064327},"split1_train_score":{"0":0.9364035088,"1":0.9355811404,"2":0.9473684211,"3":0.9473684211,"4":0.9391447368,"5":0.9539473684,"6":0.9473684211,"7":0.9473684211,"8":0.9458150585,"9":0.9458150585,"10":0.9458150585},"split2_train_score":{"0":0.9435307018,"1":0.9435307018,"2":0.9435307018,"3":0.9509320175,"4":0.9514802632,"5":0.9435307018,"6":0.9509320175,"7":0.9416118421,"8":0.9480080409,"9":0.9480080409,"10":0.9480080409},"split3_train_score":{"0":0.9402412281,"1":0.9391447368,"2":0.9391447368,"3":0.9443530702,"4":0.9402412281,"5":0.9391447368,"6":0.9391447368,"7":0.9391447368,"8":0.9475511696,"9":0.9475511696,"10":0.9475511696},"split4_train_score":{"0":0.9451754386,"1":0.9443530702,"2":0.9443530702,"3":0.9487390351,"4":0.9473684211,"5":0.9443530702,"6":0.9503837719,"7":0.9487390351,"8":0.9462719298,"9":0.9462719298,"10":0.9462719298},"mean_train_score":{"0":0.9412280702,"1":0.9405701754,"2":0.9441337719,"3":0.9475328947,"4":0.9452302632,"5":0.9442434211,"6":0.9468201754,"7":0.944627193,"8":0.9467105263,"9":0.9467105263,"10":0.9467105263},"std_train_score":{"0":0.0030108619,"1":0.003165614,"2":0.0028403144,"3":0.0022242832,"4":0.0047492122,"5":0.0052287803,"6":0.0042218472,"7":0.0036407802,"8":0.0008978888,"9":0.0008978888,"10":0.0008978888}}