{"iter":{"0":0,"1":0,"2":0,"3":0,"4":0,"5":0,"6":0,"7":0,"8":1,"9":1,"10":1},"n_resources":{"0":4560,"1":4560,"2":4560,"3":4560,"4":4560,"5":4560,"6":4560,"7":4560,"8":13680,"9":13680,"10":13680},"mean_fit_time":{"0":14.7542431355,"1":14.9205040455,"2":25.2103252411,"3":25.3024856567,"4":14.7308730602,"5":14.922811842,"6":26.2835008621,"7":25.6226344585,"8":26.9178128242,"9":26.3380720139,"10":26.4514846325},"std_fit_time":{"0":0.2899605381,"1":0.170875218,"2":0.3339888871,"3":0.1436043232,"4":0.2482675793,"5":0.2698999877,"6":1.0559068606,"7":0.3436352515,"8":0.9228786746,"9":0.1390422826,"10":0.2073203558},"mean_score_time":{"0":0.0007727623,"1":0.0009024143,"2":0.000628376,"3":0.000624752,"4":0.000988245,"5":0.0008938789,"6":0.0006839275,"7":0.0006807327,"8":0.0007974625,"9":0.0007631302,"10":0.0007665157},"std_score_time":{"0":0.0001122321,"1":0.0000914999,"2":0.0000075569,"3":0.0000110237,"4":0.0000774788,"5":0.0001137347,"6":0.0000614995,"7":0.0000421621,"8":0.0000695328,"9":0.0000074292,"10":0.0000195311},"param_parsimony_coefficient":{"0":0.025,"1":0.025,"2":0.025,"3":0.025,"4":0.01,"5":0.01,"6":0.01,"7":0.01,"8":0.01,"9":0.025,"10":0.025},"param_population_size":{"0":500,"1":500,"2":1000,"3":1000,"4":500,"5":500,"6":1000,"7":1000,"8":1000,"9":1000,"10":1000},"param_tournament_size":{"0":15,"1":30,"2":15,"3":30,"4":15,"5":30,"6":15,"7":30,"8":15,"9":15,"10":30},"params":{"0":{"parsimony_coefficient":0.025,"population_size":500,"tournament_size":15},"1":{"parsimony_coefficient":0.025,"population_size":500,"tournament_size":30},"2":{"parsimony_coefficient":0.025,"population_size":1000,"tournament_size":15},"3":{"parsimony_coefficient":0.025,"population_size":1000,"tournament_size":30},"4":{"parsimony_coefficient":0.01,"population_size":500,"tournament_size":15},"5":{"parsimony_coefficient":0.01,"population_size":500,"tournament_size":30},"6":{"parsimony_coefficient":0.01,"population_size":1000,"tournament_size":15},"7":{"parsimony_coefficient":0.01,"population_size":1000,"tournament_size":30},"8":{"parsimony_coefficient":0.01,"population_size":1000,"tournament_size":15},"9":{"parsimony_coefficient":0.025,"population_size":1000,"tournament_size":15},"10":{"parsimony_coefficient":0.025,"population_size":1000,"tournament_size":30}},"split0_test_score":{"0":0.9484649123,"1":0.9484649123,"2":0.961622807,"3":0.961622807,"4":0.951754386,"5":0.951754386,"6":0.9605263158,"7":0.951754386,"8":0.9491959064,"9":0.947002924,"10":0.947002924},"split1_test_score":{"0":0.9298245614,"1":0.9451754386,"2":0.9418859649,"3":0.9418859649,"4":0.9418859649,"5":0.9451754386,"6":0.9418859649,"7":0.9418859649,"8":0.9459064327,"9":0.9459064327,"10":0.9459064327},"split2_test_score":{"0":0.9396929825,"1":0.9385964912,"2":0.9473684211,"3":0.9473684211,"4":0.9539473684,"5":0.9539473684,"6":0.9473684211,"7":0.9396929825,"8":0.9426169591,"9":0.9426169591,"10":0.9426169591},"split3_test_score":{"0":0.9418859649,"1":0.9561403509,"2":0.9550438596,"3":0.9550438596,"4":0.9550438596,"5":0.9506578947,"6":0.9550438596,"7":0.9440789474,"8":0.9462719298,"9":0.9462719298,"10":0.9462719298},"split4_test_score":{"0":0.9353070175,"1":0.9353070175,"2":0.9407894737,"3":0.9407894737,"4":0.9385964912,"5":0.9298245614,"6":0.9407894737,"7":0.9407894737,"8":0.9491959064,"9":0.9491959064,"10":0.9491959064},"mean_test_score":{"0":0.9390350877,"1":0.9447368421,"2":0.9493421053,"3":0.9493421053,"4":0.948245614,"5":0.9462719298,"6":0.949122807,"7":0.9436403509,"8":0.9466374269,"9":0.9461988304,"10":0.9461988304},"std_test_score":{"0":0.0062644109,"1":0.0073587551,"2":0.0079493724,"3":0.0079493724,"4":0.0067020644,"5":0.0087169329,"6":0.0076156822,"7":0.0043085269,"8":0.0024463743,"9":0.0021236607,"10":0.0021236607},"rank_test_score":{"0":11,"1":9,"2":1,"3":1,"4":4,"5":6,"6":3,"7":10,"8":5,"9":7,"10":7},"split0_train_score":{"0":0.9432565789,"1":0.9427083333,"2":0.9503837719,"3":0.9503837719,"4":0.9451754386,"5":0.9427083333,"6":0.9542214912,"7":0.9427083333,"8":0.9475511696,"9":0.945997807,"10":0.945997807},"split1_train_score":{"0":0.9311951754,"1":0.944627193,"2":0.9435307018,"3":0.9435307018,"4":0.9435307018,"5":0.944627193,"6":0.9435307018,"7":0.9435307018,"8":0.9462719298,"9":0.9462719298,"10":0.9462719298},"split2_train_score":{"0":0.9377741228,"1":0.9366776316,"2":0.9495614035,"3":0.9495614035,"4":0.9525767544,"5":0.9525767544,"6":0.9495614035,"7":0.9405153509,"8":0.9470942982,"9":0.9470942982,"10":0.9470942982},"split3_train_score":{"0":0.9421600877,"1":0.9506578947,"2":0.9501096491,"3":0.9501096491,"4":0.9440789474,"5":0.9418859649,"6":0.9501096491,"7":0.9440789474,"8":0.9461805556,"9":0.9461805556,"10":0.9461805556},"split4_train_score":{"0":0.9413377193,"1":0.9402412281,"2":0.945997807,"3":0.945997807,"4":0.9435307018,"5":0.9396929825,"6":0.9490131579,"7":0.945997807,"8":0.9454495614,"9":0.9454495614,"10":0.9454495614},"mean_train_score":{"0":0.9391447368,"1":0.9429824561,"2":0.9479166667,"3":0.9479166667,"4":0.9457785088,"5":0.9442982456,"6":0.9492872807,"7":0.9433662281,"8":0.9465095029,"9":0.9461988304,"10":0.9461988304},"std_train_score":{"0":0.0043791065,"1":0.0046681432,"2":0.0027025784,"3":0.0027025784,"4":0.0034517711,"5":0.0044316426,"6":0.0034150025,"7":0.001790003,"8":0.0007369095,"9":0.0005309152,"10":0.0005309152}}