{"iter":{"0":0,"1":0,"2":0,"3":0,"4":0,"5":0,"6":0,"7":0,"8":1,"9":1,"10":1},"n_resources":{"0":4560,"1":4560,"2":4560,"3":4560,"4":4560,"5":4560,"6":4560,"7":4560,"8":13680,"9":13680,"10":13680},"mean_fit_time":{"0":14.826817894,"1":14.6258615017,"2":24.9882995129,"3":24.9223808289,"4":14.7709518909,"5":14.5848042488,"6":26.1638150215,"7":25.6886967182,"8":15.1304401398,"9":26.8672712803,"10":28.0025878429},"std_fit_time":{"0":0.3143922067,"1":0.3571935991,"2":0.3045930872,"3":0.4174052198,"4":0.1748542219,"5":0.3165961711,"6":1.2562577924,"7":0.7432424908,"8":0.2420016923,"9":0.4070633217,"10":0.3801465812},"mean_score_time":{"0":0.0009533882,"1":0.0008005619,"2":0.0006342888,"3":0.0006247044,"4":0.0009757996,"5":0.0008386612,"6":0.000734663,"7":0.0006644249,"8":0.0009407043,"9":0.0008576393,"10":0.0009346485},"std_score_time":{"0":0.0000964657,"1":0.0001145259,"2":0.0000050836,"3":0.0000158905,"4":0.0000333743,"5":0.0001295187,"6":0.0000908067,"7":0.0000602141,"8":0.0001008265,"9":0.0000894487,"10":0.0001014141},"param_parsimony_coefficient":{"0":0.025,"1":0.025,"2":0.025,"3":0.025,"4":0.01,"5":0.01,"6":0.01,"7":0.01,"8":0.01,"9":0.01,"10":0.01},"param_population_size":{"0":500,"1":500,"2":1000,"3":1000,"4":500,"5":500,"6":1000,"7":1000,"8":500,"9":1000,"10":1000},"param_tournament_size":{"0":15,"1":30,"2":15,"3":30,"4":15,"5":30,"6":15,"7":30,"8":15,"9":30,"10":15},"params":{"0":{"parsimony_coefficient":0.025,"population_size":500,"tournament_size":15},"1":{"parsimony_coefficient":0.025,"population_size":500,"tournament_size":30},"2":{"parsimony_coefficient":0.025,"population_size":1000,"tournament_size":15},"3":{"parsimony_coefficient":0.025,"population_size":1000,"tournament_size":30},"4":{"parsimony_coefficient":0.01,"population_size":500,"tournament_size":15},"5":{"parsimony_coefficient":0.01,"population_size":500,"tournament_size":30},"6":{"parsimony_coefficient":0.01,"population_size":1000,"tournament_size":15},"7":{"parsimony_coefficient":0.01,"population_size":1000,"tournament_size":30},"8":{"parsimony_coefficient":0.01,"population_size":500,"tournament_size":15},"9":{"parsimony_coefficient":0.01,"population_size":1000,"tournament_size":30},"10":{"parsimony_coefficient":0.01,"population_size":1000,"tournament_size":15}},"split0_test_score":{"0":0.9495614035,"1":0.9473684211,"2":0.9473684211,"3":0.9495614035,"4":0.9528508772,"5":0.9473684211,"6":0.9528508772,"7":0.9473684211,"8":0.9437134503,"9":0.9535818713,"10":0.9495614035},"split1_test_score":{"0":0.9276315789,"1":0.9396929825,"2":0.9375,"3":0.9375,"4":0.9429824561,"5":0.9375,"6":0.9375,"7":0.9375,"8":0.9411549708,"9":0.9426169591,"10":0.9466374269},"split2_test_score":{"0":0.9320175439,"1":0.9309210526,"2":0.9309210526,"3":0.9331140351,"4":0.9342105263,"5":0.9309210526,"6":0.9385964912,"7":0.9364035088,"8":0.9356725146,"9":0.9323830409,"10":0.9437134503},"split3_test_score":{"0":0.9396929825,"1":0.9396929825,"2":0.9396929825,"3":0.9418859649,"4":0.9462719298,"5":0.9396929825,"6":0.9550438596,"7":0.9550438596,"8":0.9389619883,"9":0.9546783626,"10":0.9546783626},"split4_test_score":{"0":0.9418859649,"1":0.9396929825,"2":0.9462719298,"3":0.9462719298,"4":0.9418859649,"5":0.9396929825,"6":0.9462719298,"7":0.9462719298,"8":0.9444444444,"9":0.9605263158,"10":0.9513888889},"mean_test_score":{"0":0.9381578947,"1":0.9394736842,"2":0.9403508772,"3":0.9416666667,"4":0.9436403509,"5":0.9390350877,"6":0.9460526316,"7":0.9445175439,"8":0.9407894737,"9":0.9487573099,"10":0.9491959064},"std_test_score":{"0":0.0076785708,"1":0.0052080448,"2":0.0060297049,"3":0.0059007123,"4":0.0060694529,"5":0.0052631579,"6":0.0071532923,"7":0.0068861046,"8":0.0032113864,"9":0.0100266181,"10":0.0037842629},"rank_test_score":{"0":11,"1":9,"2":8,"3":6,"4":5,"5":10,"6":3,"7":4,"8":7,"9":2,"10":1},"split0_train_score":{"0":0.9402412281,"1":0.9383223684,"2":0.9383223684,"3":0.9432565789,"4":0.9416118421,"5":0.9383223684,"6":0.9473684211,"7":0.9383223684,"8":0.9400584795,"9":0.9547697368,"10":0.9461805556},"split1_train_score":{"0":0.9322916667,"1":0.9435307018,"2":0.9427083333,"3":0.9427083333,"4":0.9394188596,"5":0.9427083333,"6":0.9427083333,"7":0.9427083333,"8":0.9406980994,"9":0.9439875731,"10":0.9469115497},"split2_train_score":{"0":0.9391447368,"1":0.9383223684,"2":0.9383223684,"3":0.9454495614,"4":0.9410635965,"5":0.9383223684,"6":0.9487390351,"7":0.9479166667,"8":0.9420687135,"9":0.9395102339,"10":0.9476425439},"split3_train_score":{"0":0.9476425439,"1":0.9476425439,"2":0.9476425439,"3":0.9490131579,"4":0.9539473684,"5":0.9476425439,"6":0.9583333333,"7":0.9583333333,"8":0.941246345,"9":0.954495614,"10":0.954495614},"split4_train_score":{"0":0.9424342105,"1":0.9410635965,"2":0.945997807,"3":0.945997807,"4":0.9424342105,"5":0.9410635965,"6":0.945997807,"7":0.945997807,"8":0.939875731,"9":0.9530336257,"10":0.9457236842},"mean_train_score":{"0":0.9403508772,"1":0.9417763158,"2":0.9425986842,"3":0.9452850877,"4":0.9436951754,"5":0.9416118421,"6":0.948629386,"7":0.9466557018,"8":0.9407894737,"9":0.9491593567,"10":0.9481907895},"std_train_score":{"0":0.0049784807,"1":0.0035173278,"2":0.0038361526,"3":0.0022444616,"4":0.0052201505,"5":0.0034500291,"6":0.0052488612,"7":0.0066845508,"8":0.0008028466,"9":0.0062420331,"10":0.0032191766}}