{"iter":{"0":0,"1":0,"2":0,"3":0,"4":0,"5":0,"6":0,"7":0,"8":1,"9":1,"10":1},"n_resources":{"0":4560,"1":4560,"2":4560,"3":4560,"4":4560,"5":4560,"6":4560,"7":4560,"8":13680,"9":13680,"10":13680},"mean_fit_time":{"0":14.3739274502,"1":14.7976182461,"2":25.0609574795,"3":25.4356257439,"4":14.8119987965,"5":14.7912967682,"6":27.0855985165,"7":25.4947702885,"8":15.5543932915,"9":26.4812547684,"10":26.5405241966},"std_fit_time":{"0":0.2665433456,"1":0.2818166829,"2":0.2303239186,"3":0.1693033807,"4":0.1631987799,"5":0.2443106699,"6":0.9365048465,"7":0.6187183242,"8":0.184399968,"9":0.2883169547,"10":0.1951777916},"mean_score_time":{"0":0.0008546829,"1":0.0007773399,"2":0.0006293297,"3":0.0006291866,"4":0.000797987,"5":0.000915575,"6":0.0007432461,"7":0.0006601334,"8":0.0010750771,"9":0.0007677078,"10":0.0007775784},"std_score_time":{"0":0.0001117056,"1":0.0001531361,"2":0.0000144487,"3":0.0000058769,"4":0.0001593615,"5":0.000101803,"6":0.0000923849,"7":0.0000490142,"8":0.0001034729,"9":0.0000102192,"10":0.0000299701},"param_parsimony_coefficient":{"0":0.025,"1":0.025,"2":0.025,"3":0.025,"4":0.01,"5":0.01,"6":0.01,"7":0.01,"8":0.01,"9":0.01,"10":0.01},"param_population_size":{"0":500,"1":500,"2":1000,"3":1000,"4":500,"5":500,"6":1000,"7":1000,"8":500,"9":1000,"10":1000},"param_tournament_size":{"0":15,"1":30,"2":15,"3":30,"4":15,"5":30,"6":15,"7":30,"8":30,"9":30,"10":15},"params":{"0":{"parsimony_coefficient":0.025,"population_size":500,"tournament_size":15},"1":{"parsimony_coefficient":0.025,"population_size":500,"tournament_size":30},"2":{"parsimony_coefficient":0.025,"population_size":1000,"tournament_size":15},"3":{"parsimony_coefficient":0.025,"population_size":1000,"tournament_size":30},"4":{"parsimony_coefficient":0.01,"population_size":500,"tournament_size":15},"5":{"parsimony_coefficient":0.01,"population_size":500,"tournament_size":30},"6":{"parsimony_coefficient":0.01,"population_size":1000,"tournament_size":15},"7":{"parsimony_coefficient":0.01,"population_size":1000,"tournament_size":30},"8":{"parsimony_coefficient":0.01,"population_size":500,"tournament_size":30},"9":{"parsimony_coefficient":0.01,"population_size":1000,"tournament_size":30},"10":{"parsimony_coefficient":0.01,"population_size":1000,"tournament_size":15}},"split0_test_score":{"0":0.9396929825,"1":0.9396929825,"2":0.9440789474,"3":0.9440789474,"4":0.9396929825,"5":0.9396929825,"6":0.9484649123,"7":0.9440789474,"8":0.9495614035,"9":0.9444444444,"10":0.9444444444},"split1_test_score":{"0":0.9429824561,"1":0.9331140351,"2":0.9429824561,"3":0.9429824561,"4":0.9429824561,"5":0.9561403509,"6":0.9429824561,"7":0.9429824561,"8":0.9572368421,"9":0.9451754386,"10":0.9451754386},"split2_test_score":{"0":0.9353070175,"1":0.9353070175,"2":0.9353070175,"3":0.9353070175,"4":0.9364035088,"5":0.9320175439,"6":0.9429824561,"7":0.9353070175,"8":0.9513888889,"9":0.9415204678,"10":0.9415204678},"split3_test_score":{"0":0.9473684211,"1":0.9462719298,"2":0.9462719298,"3":0.9528508772,"4":0.9484649123,"5":0.9605263158,"6":0.9605263158,"7":0.9605263158,"8":0.9539473684,"9":0.9411549708,"10":0.9411549708},"split4_test_score":{"0":0.9375,"1":0.9364035088,"2":0.9473684211,"3":0.9473684211,"4":0.9385964912,"5":0.9364035088,"6":0.9484649123,"7":0.9473684211,"8":0.9557748538,"9":0.947002924,"10":0.947002924},"mean_test_score":{"0":0.9405701754,"1":0.9381578947,"2":0.9432017544,"3":0.9445175439,"4":0.9412280702,"5":0.9449561404,"6":0.9486842105,"7":0.9460526316,"8":0.9535818713,"9":0.9438596491,"10":0.9438596491},"std_test_score":{"0":0.0042410262,"1":0.0045790818,"2":0.0042410262,"3":0.0057437723,"4":0.0041954225,"5":0.0112762808,"6":0.0064086137,"7":0.0082463139,"8":0.0028026739,"9":0.0022244333,"10":0.0022244333},"rank_test_score":{"0":10,"1":11,"2":8,"3":5,"4":9,"5":4,"6":2,"7":3,"8":1,"9":6,"10":6},"split0_train_score":{"0":0.9421600877,"1":0.9416118421,"2":0.9490131579,"3":0.9490131579,"4":0.9421600877,"5":0.9416118421,"6":0.9501096491,"7":0.9490131579,"8":0.9545869883,"9":0.9437134503,"10":0.9437134503},"split1_train_score":{"0":0.9353070175,"1":0.9273574561,"2":0.9364035088,"3":0.9364035088,"4":0.9353070175,"5":0.9495614035,"6":0.9364035088,"7":0.9364035088,"8":0.9526681287,"9":0.9435307018,"10":0.9435307018},"split2_train_score":{"0":0.9429824561,"1":0.9427083333,"2":0.9468201754,"3":0.9468201754,"4":0.9440789474,"5":0.9383223684,"6":0.9512061404,"7":0.9468201754,"8":0.954130117,"9":0.9444444444,"10":0.9444444444},"split3_train_score":{"0":0.9358552632,"1":0.9353070175,"2":0.9353070175,"3":0.9383223684,"4":0.9377741228,"5":0.9523026316,"6":0.9523026316,"7":0.9523026316,"8":0.9534904971,"9":0.9445358187,"10":0.9445358187},"split4_train_score":{"0":0.9385964912,"1":0.9380482456,"2":0.9421600877,"3":0.9421600877,"4":0.9410635965,"5":0.9380482456,"6":0.9449013158,"7":0.9421600877,"8":0.9530336257,"9":0.9430738304,"10":0.9430738304},"mean_train_score":{"0":0.9389802632,"1":0.9370065789,"2":0.9419407895,"3":0.9425438596,"4":0.9400767544,"5":0.9439692982,"6":0.9469846491,"7":0.9453399123,"8":0.9535818713,"9":0.9438596491,"10":0.9438596491},"std_train_score":{"0":0.003147522,"1":0.0054917684,"2":0.0054505651,"3":0.0048127097,"4":0.0031427436,"5":0.0058859216,"6":0.0058680211,"7":0.0055521881,"8":0.0007006685,"9":0.0005561083,"10":0.0005561083}}