{"iter":{"0":0,"1":0,"2":0,"3":0,"4":0,"5":0,"6":0,"7":0,"8":1,"9":1,"10":1},"n_resources":{"0":4556,"1":4556,"2":4556,"3":4556,"4":4556,"5":4556,"6":4556,"7":4556,"8":13668,"9":13668,"10":13668},"mean_fit_time":{"0":14.7334164143,"1":14.7631060123,"2":25.1670196533,"3":25.0443122387,"4":14.5916058064,"5":14.479406023,"6":25.1631778717,"7":25.3473386288,"8":15.0304477692,"9":26.1127515316,"10":26.1609461308},"std_fit_time":{"0":0.2882059222,"1":0.1892544524,"2":0.2501791757,"3":0.2202924336,"4":0.256918178,"5":0.1670815856,"6":0.2783376407,"7":0.3678462199,"8":0.2647924872,"9":0.1817828036,"10":0.3023209569},"mean_score_time":{"0":0.0007338047,"1":0.0007665634,"2":0.0006264687,"3":0.0006504536,"4":0.0007962704,"5":0.0007266998,"6":0.0006237507,"7":0.0006289005,"8":0.0009449959,"9":0.0007529736,"10":0.0007540703},"std_score_time":{"0":0.0000316307,"1":0.0000352848,"2":0.0000083652,"3":0.0000486307,"4":0.0000347498,"5":0.000016366,"6":0.0000057089,"7":0.0000267345,"8":0.0001500046,"9":0.0000080009,"10":0.0000083309},"param_parsimony_coefficient":{"0":0.025,"1":0.025,"2":0.025,"3":0.025,"4":0.01,"5":0.01,"6":0.01,"7":0.01,"8":0.01,"9":0.01,"10":0.01},"param_population_size":{"0":500,"1":500,"2":1000,"3":1000,"4":500,"5":500,"6":1000,"7":1000,"8":500,"9":1000,"10":1000},"param_tournament_size":{"0":15,"1":30,"2":15,"3":30,"4":15,"5":30,"6":15,"7":30,"8":30,"9":15,"10":30},"params":{"0":{"parsimony_coefficient":0.025,"population_size":500,"tournament_size":15},"1":{"parsimony_coefficient":0.025,"population_size":500,"tournament_size":30},"2":{"parsimony_coefficient":0.025,"population_size":1000,"tournament_size":15},"3":{"parsimony_coefficient":0.025,"population_size":1000,"tournament_size":30},"4":{"parsimony_coefficient":0.01,"population_size":500,"tournament_size":15},"5":{"parsimony_coefficient":0.01,"population_size":500,"tournament_size":30},"6":{"parsimony_coefficient":0.01,"population_size":1000,"tournament_size":15},"7":{"parsimony_coefficient":0.01,"population_size":1000,"tournament_size":30},"8":{"parsimony_coefficient":0.01,"population_size":500,"tournament_size":30},"9":{"parsimony_coefficient":0.01,"population_size":1000,"tournament_size":15},"10":{"parsimony_coefficient":0.01,"population_size":1000,"tournament_size":30}},"split0_test_score":{"0":0.7607025247,"1":0.7607025247,"2":0.7607025247,"3":0.7607025247,"4":0.7607025247,"5":0.7607025247,"6":0.7607025247,"7":0.7607025247,"8":0.7438712038,"9":0.7438712038,"10":0.7438712038},"split1_test_score":{"0":0.724478595,"1":0.724478595,"2":0.724478595,"3":0.724478595,"4":0.724478595,"5":0.724478595,"6":0.724478595,"7":0.724478595,"8":0.7409440176,"9":0.7409440176,"10":0.7409440176},"split2_test_score":{"0":0.7233809001,"1":0.7233809001,"2":0.7233809001,"3":0.7233809001,"4":0.7233809001,"5":0.7233809001,"6":0.7233809001,"7":0.7233809001,"8":0.7325283571,"9":0.7325283571,"10":0.7325283571},"split3_test_score":{"0":0.737650933,"1":0.737650933,"2":0.737650933,"3":0.737650933,"4":0.737650933,"5":0.737650933,"6":0.737650933,"7":0.737650933,"8":0.7252103915,"9":0.7252103915,"10":0.7252103915},"split4_test_score":{"0":0.7431394072,"1":0.7431394072,"2":0.7431394072,"3":0.7431394072,"4":0.7431394072,"5":0.7431394072,"6":0.7431394072,"7":0.7431394072,"8":0.7204537139,"9":0.7204537139,"10":0.7204537139},"mean_test_score":{"0":0.737870472,"1":0.737870472,"2":0.737870472,"3":0.737870472,"4":0.737870472,"5":0.737870472,"6":0.737870472,"7":0.737870472,"8":0.7326015368,"9":0.7326015368,"10":0.7326015368},"std_test_score":{"0":0.0136996538,"1":0.0136996538,"2":0.0136996538,"3":0.0136996538,"4":0.0136996538,"5":0.0136996538,"6":0.0136996538,"7":0.0136996538,"8":0.0089309167,"9":0.0089309167,"10":0.0089309167},"rank_test_score":{"0":1,"1":1,"2":1,"3":1,"4":1,"5":1,"6":1,"7":1,"8":9,"9":9,"10":9},"split0_train_score":{"0":0.7220087816,"1":0.7220087816,"2":0.7220087816,"3":0.7220087816,"4":0.7220087816,"5":0.7220087816,"6":0.7220087816,"7":0.7220087816,"8":0.7298335467,"9":0.7298335467,"10":0.7298335467},"split1_train_score":{"0":0.7263995609,"1":0.7263995609,"2":0.7263995609,"3":0.7263995609,"4":0.7263995609,"5":0.7263995609,"6":0.7263995609,"7":0.7263995609,"8":0.7304737516,"9":0.7304737516,"10":0.7304737516},"split2_train_score":{"0":0.7340834248,"1":0.7340834248,"2":0.7340834248,"3":0.7340834248,"4":0.7340834248,"5":0.7340834248,"6":0.7340834248,"7":0.7340834248,"8":0.7325772819,"9":0.7325772819,"10":0.7325772819},"split3_train_score":{"0":0.7332601537,"1":0.7332601537,"2":0.7332601537,"3":0.7332601537,"4":0.7332601537,"5":0.7332601537,"6":0.7332601537,"7":0.7332601537,"8":0.7344064386,"9":0.7344064386,"10":0.7344064386},"split4_train_score":{"0":0.7373765093,"1":0.7373765093,"2":0.7373765093,"3":0.7373765093,"4":0.7373765093,"5":0.7373765093,"6":0.7373765093,"7":0.7373765093,"8":0.7355039327,"9":0.7355039327,"10":0.7355039327},"mean_train_score":{"0":0.7306256861,"1":0.7306256861,"2":0.7306256861,"3":0.7306256861,"4":0.7306256861,"5":0.7306256861,"6":0.7306256861,"7":0.7306256861,"8":0.7325589903,"9":0.7325589903,"10":0.7325589903},"std_train_score":{"0":0.0055960909,"1":0.0055960909,"2":0.0055960909,"3":0.0055960909,"4":0.0055960909,"5":0.0055960909,"6":0.0055960909,"7":0.0055960909,"8":0.0021845983,"9":0.0021845983,"10":0.0021845983}}