{"iter":{"0":0,"1":0,"2":0,"3":0,"4":0,"5":0,"6":0,"7":0,"8":1,"9":1,"10":1},"n_resources":{"0":4556,"1":4556,"2":4556,"3":4556,"4":4556,"5":4556,"6":4556,"7":4556,"8":13668,"9":13668,"10":13668},"mean_fit_time":{"0":14.5713102341,"1":14.4055091381,"2":24.7255561352,"3":24.5971103191,"4":14.3979233265,"5":14.5061552525,"6":24.9745459557,"7":25.1312872887,"8":14.672635746,"9":25.7895718098,"10":26.1346357346},"std_fit_time":{"0":0.1983768052,"1":0.264041807,"2":0.2219292338,"3":0.2054047479,"4":0.1376940487,"5":0.1614987323,"6":0.3536834646,"7":0.7144396538,"8":0.1962946423,"9":0.2549185895,"10":0.2177495781},"mean_score_time":{"0":0.0008051395,"1":0.0007995129,"2":0.0006262302,"3":0.0006242752,"4":0.0008285046,"5":0.0007133961,"6":0.0006242275,"7":0.0006388187,"8":0.0009158134,"9":0.0008317947,"10":0.0008102894},"std_score_time":{"0":0.0001403392,"1":0.000135118,"2":0.0000099767,"3":0.0000088023,"4":0.0000889951,"5":0.0000510885,"6":0.0000040668,"7":0.0000098656,"8":0.0001255601,"9":0.0001413533,"10":0.0000878332},"param_parsimony_coefficient":{"0":0.025,"1":0.025,"2":0.025,"3":0.025,"4":0.01,"5":0.01,"6":0.01,"7":0.01,"8":0.01,"9":0.01,"10":0.01},"param_population_size":{"0":500,"1":500,"2":1000,"3":1000,"4":500,"5":500,"6":1000,"7":1000,"8":500,"9":1000,"10":1000},"param_tournament_size":{"0":15,"1":30,"2":15,"3":30,"4":15,"5":30,"6":15,"7":30,"8":30,"9":15,"10":30},"params":{"0":{"parsimony_coefficient":0.025,"population_size":500,"tournament_size":15},"1":{"parsimony_coefficient":0.025,"population_size":500,"tournament_size":30},"2":{"parsimony_coefficient":0.025,"population_size":1000,"tournament_size":15},"3":{"parsimony_coefficient":0.025,"population_size":1000,"tournament_size":30},"4":{"parsimony_coefficient":0.01,"population_size":500,"tournament_size":15},"5":{"parsimony_coefficient":0.01,"population_size":500,"tournament_size":30},"6":{"parsimony_coefficient":0.01,"population_size":1000,"tournament_size":15},"7":{"parsimony_coefficient":0.01,"population_size":1000,"tournament_size":30},"8":{"parsimony_coefficient":0.01,"population_size":500,"tournament_size":30},"9":{"parsimony_coefficient":0.01,"population_size":1000,"tournament_size":15},"10":{"parsimony_coefficient":0.01,"population_size":1000,"tournament_size":30}},"split0_test_score":{"0":0.7354555434,"1":0.7354555434,"2":0.7354555434,"3":0.7354555434,"4":0.7354555434,"5":0.7354555434,"6":0.7354555434,"7":0.7354555434,"8":0.7398463227,"9":0.7398463227,"10":0.7398463227},"split1_test_score":{"0":0.7387486279,"1":0.7387486279,"2":0.7387486279,"3":0.7387486279,"4":0.7387486279,"5":0.7387486279,"6":0.7387486279,"7":0.7387486279,"8":0.7416758141,"9":0.7416758141,"10":0.7416758141},"split2_test_score":{"0":0.7530186608,"1":0.7530186608,"2":0.7530186608,"3":0.7530186608,"4":0.7530186608,"5":0.7530186608,"6":0.7530186608,"7":0.7530186608,"8":0.7383827296,"9":0.7383827296,"10":0.7383827296},"split3_test_score":{"0":0.7299670692,"1":0.7299670692,"2":0.7299670692,"3":0.7299670692,"4":0.7299670692,"5":0.7299670692,"6":0.7299670692,"7":0.7299670692,"8":0.7270398829,"9":0.7270398829,"10":0.7270398829},"split4_test_score":{"0":0.7124039517,"1":0.7124039517,"2":0.7124039517,"3":0.7124039517,"4":0.7124039517,"5":0.7124039517,"6":0.7124039517,"7":0.7124039517,"8":0.7215514087,"9":0.7215514087,"10":0.7215514087},"mean_test_score":{"0":0.7339187706,"1":0.7339187706,"2":0.7339187706,"3":0.7339187706,"4":0.7339187706,"5":0.7339187706,"6":0.7339187706,"7":0.7339187706,"8":0.7336992316,"9":0.7336992316,"10":0.7336992316},"std_test_score":{"0":0.0131833105,"1":0.0131833105,"2":0.0131833105,"3":0.0131833105,"4":0.0131833105,"5":0.0131833105,"6":0.0131833105,"7":0.0131833105,"8":0.0079405828,"9":0.0079405828,"10":0.0079405828},"rank_test_score":{"0":1,"1":1,"2":1,"3":1,"4":1,"5":1,"6":1,"7":1,"8":9,"9":9,"10":9},"split0_train_score":{"0":0.7390230516,"1":0.7390230516,"2":0.7390230516,"3":0.7390230516,"4":0.7390230516,"5":0.7390230516,"6":0.7390230516,"7":0.7390230516,"8":0.7321199927,"9":0.7321199927,"10":0.7321199927},"split1_train_score":{"0":0.7305159166,"1":0.7305159166,"2":0.7305159166,"3":0.7305159166,"4":0.7305159166,"5":0.7305159166,"6":0.7305159166,"7":0.7305159166,"8":0.7316627035,"9":0.7316627035,"10":0.7316627035},"split2_train_score":{"0":0.7277716795,"1":0.7277716795,"2":0.7277716795,"3":0.7277716795,"4":0.7277716795,"5":0.7277716795,"6":0.7277716795,"7":0.7277716795,"8":0.732485824,"9":0.732485824,"10":0.732485824},"split3_train_score":{"0":0.7299670692,"1":0.7299670692,"2":0.7299670692,"3":0.7299670692,"4":0.7299670692,"5":0.7299670692,"6":0.7299670692,"7":0.7299670692,"8":0.7354124748,"9":0.7354124748,"10":0.7354124748},"split4_train_score":{"0":0.739571899,"1":0.739571899,"2":0.739571899,"3":0.739571899,"4":0.739571899,"5":0.739571899,"6":0.739571899,"7":0.739571899,"8":0.7366928846,"9":0.7366928846,"10":0.7366928846},"mean_train_score":{"0":0.7333699232,"1":0.7333699232,"2":0.7333699232,"3":0.7333699232,"4":0.7333699232,"5":0.7333699232,"6":0.7333699232,"7":0.7333699232,"8":0.7336747759,"9":0.7336747759,"10":0.7336747759},"std_train_score":{"0":0.0049292488,"1":0.0049292488,"2":0.0049292488,"3":0.0049292488,"4":0.0049292488,"5":0.0049292488,"6":0.0049292488,"7":0.0049292488,"8":0.0020003985,"9":0.0020003985,"10":0.0020003985}}