{"iter":{"0":0,"1":0,"2":0,"3":0,"4":0,"5":0,"6":0,"7":0,"8":1,"9":1,"10":1},"n_resources":{"0":4557,"1":4557,"2":4557,"3":4557,"4":4557,"5":4557,"6":4557,"7":4557,"8":13671,"9":13671,"10":13671},"mean_fit_time":{"0":14.5850203514,"1":14.535930109,"2":24.9732012749,"3":25.1066233635,"4":14.5909235954,"5":14.3798857689,"6":24.9731682777,"7":25.0074313164,"8":14.9374478817,"9":26.0624705315,"10":26.1305165768},"std_fit_time":{"0":0.289455876,"1":0.2618390481,"2":0.1757473271,"3":0.1070182643,"4":0.1427495409,"5":0.2809598406,"6":0.2255292382,"7":0.3233062911,"8":0.3321641903,"9":0.3806085845,"10":0.2642724666},"mean_score_time":{"0":0.0007531166,"1":0.0007812977,"2":0.000630188,"3":0.0006195545,"4":0.0007322311,"5":0.0007153034,"6":0.0006220341,"7":0.0006143093,"8":0.0009228706,"9":0.0007489681,"10":0.0007350922},"std_score_time":{"0":0.0000447621,"1":0.000042335,"2":0.0000149725,"3":0.0000069667,"4":0.0000521101,"5":0.0000453764,"6":0.0000076962,"7":0.0000093448,"8":0.000142293,"9":0.0000073834,"10":0.0000173607},"param_parsimony_coefficient":{"0":0.025,"1":0.025,"2":0.025,"3":0.025,"4":0.01,"5":0.01,"6":0.01,"7":0.01,"8":0.01,"9":0.01,"10":0.01},"param_population_size":{"0":500,"1":500,"2":1000,"3":1000,"4":500,"5":500,"6":1000,"7":1000,"8":500,"9":1000,"10":1000},"param_tournament_size":{"0":15,"1":30,"2":15,"3":30,"4":15,"5":30,"6":15,"7":30,"8":30,"9":15,"10":30},"params":{"0":{"parsimony_coefficient":0.025,"population_size":500,"tournament_size":15},"1":{"parsimony_coefficient":0.025,"population_size":500,"tournament_size":30},"2":{"parsimony_coefficient":0.025,"population_size":1000,"tournament_size":15},"3":{"parsimony_coefficient":0.025,"population_size":1000,"tournament_size":30},"4":{"parsimony_coefficient":0.01,"population_size":500,"tournament_size":15},"5":{"parsimony_coefficient":0.01,"population_size":500,"tournament_size":30},"6":{"parsimony_coefficient":0.01,"population_size":1000,"tournament_size":15},"7":{"parsimony_coefficient":0.01,"population_size":1000,"tournament_size":30},"8":{"parsimony_coefficient":0.01,"population_size":500,"tournament_size":30},"9":{"parsimony_coefficient":0.01,"population_size":1000,"tournament_size":15},"10":{"parsimony_coefficient":0.01,"population_size":1000,"tournament_size":30}},"split0_test_score":{"0":0.7321624588,"1":0.7321624588,"2":0.7321624588,"3":0.7321624588,"4":0.7321624588,"5":0.7321624588,"6":0.7321624588,"7":0.7321624588,"8":0.7360146252,"9":0.7360146252,"10":0.7360146252},"split1_test_score":{"0":0.7189901207,"1":0.7189901207,"2":0.7189901207,"3":0.7189901207,"4":0.7189901207,"5":0.7189901207,"6":0.7189901207,"7":0.7189901207,"8":0.7403072421,"9":0.7403072421,"10":0.7403072421},"split2_test_score":{"0":0.7288693743,"1":0.7288693743,"2":0.7288693743,"3":0.7288693743,"4":0.7288693743,"5":0.7288693743,"6":0.7288693743,"7":0.7288693743,"8":0.7392099488,"9":0.7392099488,"10":0.7392099488},"split3_test_score":{"0":0.7409440176,"1":0.7409440176,"2":0.7409440176,"3":0.7409440176,"4":0.7409440176,"5":0.7409440176,"6":0.7409440176,"7":0.7409440176,"8":0.7245793709,"9":0.7245793709,"10":0.7245793709},"split4_test_score":{"0":0.731064764,"1":0.731064764,"2":0.731064764,"3":0.731064764,"4":0.731064764,"5":0.731064764,"6":0.731064764,"7":0.731064764,"8":0.7231163131,"9":0.7231163131,"10":0.7231163131},"mean_test_score":{"0":0.7304061471,"1":0.7304061471,"2":0.7304061471,"3":0.7304061471,"4":0.7304061471,"5":0.7304061471,"6":0.7304061471,"7":0.7304061471,"8":0.7326455,"9":0.7326455,"10":0.7326455},"std_test_score":{"0":0.0070321042,"1":0.0070321042,"2":0.0070321042,"3":0.0070321042,"4":0.0070321042,"5":0.0070321042,"6":0.0070321042,"7":0.0070321042,"8":0.0073350273,"9":0.0073350273,"10":0.0073350273},"rank_test_score":{"0":4,"1":4,"2":4,"3":4,"4":4,"5":4,"6":4,"7":4,"8":1,"9":1,"10":1},"split0_train_score":{"0":0.7379972565,"1":0.7379972565,"2":0.7379972565,"3":0.7379972565,"4":0.7379972565,"5":0.7379972565,"6":0.7379972565,"7":0.7379972565,"8":0.7318032187,"9":0.7318032187,"10":0.7318032187},"split1_train_score":{"0":0.7358024691,"1":0.7358024691,"2":0.7358024691,"3":0.7358024691,"4":0.7358024691,"5":0.7358024691,"6":0.7358024691,"7":0.7358024691,"8":0.7307305477,"9":0.7307305477,"10":0.7307305477},"split2_train_score":{"0":0.7319615912,"1":0.7319615912,"2":0.7319615912,"3":0.7319615912,"4":0.7319615912,"5":0.7319615912,"6":0.7319615912,"7":0.7319615912,"8":0.7310048459,"9":0.7310048459,"10":0.7310048459},"split3_train_score":{"0":0.7333333333,"1":0.7333333333,"2":0.7333333333,"3":0.7333333333,"4":0.7333333333,"5":0.7333333333,"6":0.7333333333,"7":0.7333333333,"8":0.734662156,"9":0.734662156,"10":0.734662156},"split4_train_score":{"0":0.7300411523,"1":0.7300411523,"2":0.7300411523,"3":0.7300411523,"4":0.7300411523,"5":0.7300411523,"6":0.7300411523,"7":0.7300411523,"8":0.735027887,"9":0.735027887,"10":0.735027887},"mean_train_score":{"0":0.7338271605,"1":0.7338271605,"2":0.7338271605,"3":0.7338271605,"4":0.7338271605,"5":0.7338271605,"6":0.7338271605,"7":0.7338271605,"8":0.7326457311,"9":0.7326457311,"10":0.7326457311},"std_train_score":{"0":0.0028053384,"1":0.0028053384,"2":0.0028053384,"3":0.0028053384,"4":0.0028053384,"5":0.0028053384,"6":0.0028053384,"7":0.0028053384,"8":0.0018336245,"9":0.0018336245,"10":0.0018336245}}