{"iter":{"0":0,"1":0,"2":0,"3":0,"4":0,"5":0,"6":0,"7":0,"8":1,"9":1,"10":1},"n_resources":{"0":4557,"1":4557,"2":4557,"3":4557,"4":4557,"5":4557,"6":4557,"7":4557,"8":13671,"9":13671,"10":13671},"mean_fit_time":{"0":14.6946556091,"1":14.6659644604,"2":25.1757306576,"3":25.1795597076,"4":14.7761238098,"5":14.6373422146,"6":25.0523558617,"7":25.4418237209,"8":15.0986453056,"9":26.0450383663,"10":26.1038502693},"std_fit_time":{"0":0.16776274,"1":0.3103425183,"2":0.1182666415,"3":0.1627953585,"4":0.3302938568,"5":0.1388999051,"6":0.1739285016,"7":0.5483411523,"8":0.3393137058,"9":0.1387956033,"10":0.2122831625},"mean_score_time":{"0":0.0006737709,"1":0.0007352352,"2":0.0006126881,"3":0.0006187916,"4":0.0007286072,"5":0.0007707119,"6":0.0006201267,"7":0.0006690025,"8":0.0009004116,"9":0.0007504463,"10":0.0007538319},"std_score_time":{"0":0.0000507333,"1":0.0000199466,"2":0.0000158489,"3":0.0000062402,"4":0.0000086254,"5":0.0001079803,"6":0.0000056077,"7":0.0000677897,"8":0.0000852148,"9":0.0000095303,"10":0.0000061868},"param_parsimony_coefficient":{"0":0.025,"1":0.025,"2":0.025,"3":0.025,"4":0.01,"5":0.01,"6":0.01,"7":0.01,"8":0.01,"9":0.01,"10":0.01},"param_population_size":{"0":500,"1":500,"2":1000,"3":1000,"4":500,"5":500,"6":1000,"7":1000,"8":500,"9":1000,"10":1000},"param_tournament_size":{"0":15,"1":30,"2":15,"3":30,"4":15,"5":30,"6":15,"7":30,"8":30,"9":15,"10":30},"params":{"0":{"parsimony_coefficient":0.025,"population_size":500,"tournament_size":15},"1":{"parsimony_coefficient":0.025,"population_size":500,"tournament_size":30},"2":{"parsimony_coefficient":0.025,"population_size":1000,"tournament_size":15},"3":{"parsimony_coefficient":0.025,"population_size":1000,"tournament_size":30},"4":{"parsimony_coefficient":0.01,"population_size":500,"tournament_size":15},"5":{"parsimony_coefficient":0.01,"population_size":500,"tournament_size":30},"6":{"parsimony_coefficient":0.01,"population_size":1000,"tournament_size":15},"7":{"parsimony_coefficient":0.01,"population_size":1000,"tournament_size":30},"8":{"parsimony_coefficient":0.01,"population_size":500,"tournament_size":30},"9":{"parsimony_coefficient":0.01,"population_size":1000,"tournament_size":15},"10":{"parsimony_coefficient":0.01,"population_size":1000,"tournament_size":30}},"split0_test_score":{"0":0.7178924259,"1":0.7178924259,"2":0.7178924259,"3":0.7178924259,"4":0.7178924259,"5":0.7178924259,"6":0.7178924259,"7":0.7178924259,"8":0.7378427788,"9":0.7378427788,"10":0.7378427788},"split1_test_score":{"0":0.7343578485,"1":0.7343578485,"2":0.7343578485,"3":0.7343578485,"4":0.7343578485,"5":0.7343578485,"6":0.7343578485,"7":0.7343578485,"8":0.7373811266,"9":0.7373811266,"10":0.7373811266},"split2_test_score":{"0":0.7288693743,"1":0.7288693743,"2":0.7288693743,"3":0.7288693743,"4":0.7288693743,"5":0.7288693743,"6":0.7288693743,"7":0.7288693743,"8":0.7315288954,"9":0.7315288954,"10":0.7315288954},"split3_test_score":{"0":0.7124039517,"1":0.7124039517,"2":0.7124039517,"3":0.7124039517,"4":0.7124039517,"5":0.7124039517,"6":0.7124039517,"7":0.7124039517,"8":0.7209217264,"9":0.7209217264,"10":0.7209217264},"split4_test_score":{"0":0.7497255763,"1":0.7497255763,"2":0.7497255763,"3":0.7497255763,"4":0.7497255763,"5":0.7497255763,"6":0.7497255763,"7":0.7497255763,"8":0.7289685443,"9":0.7289685443,"10":0.7289685443},"mean_test_score":{"0":0.7286498353,"1":0.7286498353,"2":0.7286498353,"3":0.7286498353,"4":0.7286498353,"5":0.7286498353,"6":0.7286498353,"7":0.7286498353,"8":0.7313286143,"9":0.7313286143,"10":0.7313286143},"std_test_score":{"0":0.0130879109,"1":0.0130879109,"2":0.0130879109,"3":0.0130879109,"4":0.0130879109,"5":0.0130879109,"6":0.0130879109,"7":0.0130879109,"8":0.0062125776,"9":0.0062125776,"10":0.0062125776},"rank_test_score":{"0":4,"1":4,"2":4,"3":4,"4":4,"5":4,"6":4,"7":4,"8":1,"9":1,"10":1},"split0_train_score":{"0":0.7231824417,"1":0.7231824417,"2":0.7231824417,"3":0.7231824417,"4":0.7231824417,"5":0.7231824417,"6":0.7231824417,"7":0.7231824417,"8":0.7297000732,"9":0.7297000732,"10":0.7297000732},"split1_train_score":{"0":0.7267489712,"1":0.7267489712,"2":0.7267489712,"3":0.7267489712,"4":0.7267489712,"5":0.7267489712,"6":0.7267489712,"7":0.7267489712,"8":0.7298162202,"9":0.7298162202,"10":0.7298162202},"split2_train_score":{"0":0.7303155007,"1":0.7303155007,"2":0.7303155007,"3":0.7303155007,"4":0.7303155007,"5":0.7303155007,"6":0.7303155007,"7":0.7303155007,"8":0.7312791442,"9":0.7312791442,"10":0.7312791442},"split3_train_score":{"0":0.7379972565,"1":0.7379972565,"2":0.7379972565,"3":0.7379972565,"4":0.7379972565,"5":0.7379972565,"6":0.7379972565,"7":0.7379972565,"8":0.733930694,"9":0.733930694,"10":0.733930694},"split4_train_score":{"0":0.7267489712,"1":0.7267489712,"2":0.7267489712,"3":0.7267489712,"4":0.7267489712,"5":0.7267489712,"6":0.7267489712,"7":0.7267489712,"8":0.7319191734,"9":0.7319191734,"10":0.7319191734},"mean_train_score":{"0":0.7289986283,"1":0.7289986283,"2":0.7289986283,"3":0.7289986283,"4":0.7289986283,"5":0.7289986283,"6":0.7289986283,"7":0.7289986283,"8":0.731329061,"9":0.731329061,"10":0.731329061},"std_train_score":{"0":0.0050330786,"1":0.0050330786,"2":0.0050330786,"3":0.0050330786,"4":0.0050330786,"5":0.0050330786,"6":0.0050330786,"7":0.0050330786,"8":0.0015531585,"9":0.0015531585,"10":0.0015531585}}