{"iter":{"0":0,"1":0,"2":0,"3":0,"4":0,"5":0,"6":0,"7":0,"8":1,"9":1,"10":1},"n_resources":{"0":4556,"1":4556,"2":4556,"3":4556,"4":4556,"5":4556,"6":4556,"7":4556,"8":13668,"9":13668,"10":13668},"mean_fit_time":{"0":14.4003439426,"1":14.5201934338,"2":25.0556057453,"3":24.9330105305,"4":14.5528923512,"5":14.293677187,"6":24.7957586765,"7":25.3981296062,"8":14.9409178734,"9":25.8390464306,"10":26.1634727955},"std_fit_time":{"0":0.3218329846,"1":0.4194464848,"2":0.1342299906,"3":0.2578231806,"4":0.370206935,"5":0.2204359026,"6":0.3033465581,"7":0.4001396777,"8":0.2558606498,"9":0.1222958113,"10":0.3415361806},"mean_score_time":{"0":0.0007517815,"1":0.0007378101,"2":0.0006223202,"3":0.0006177425,"4":0.0007681847,"5":0.0006818771,"6":0.0006170273,"7":0.0006448269,"8":0.00086236,"9":0.0007462502,"10":0.0007855415},"std_score_time":{"0":0.0001080393,"1":0.000096957,"2":0.0000060718,"3":0.0000064134,"4":0.0001228222,"5":0.0000537292,"6":0.0000059308,"7":0.000057931,"8":0.0001083332,"9":0.0000102747,"10":0.0000495315},"param_parsimony_coefficient":{"0":0.025,"1":0.025,"2":0.025,"3":0.025,"4":0.01,"5":0.01,"6":0.01,"7":0.01,"8":0.01,"9":0.01,"10":0.01},"param_population_size":{"0":500,"1":500,"2":1000,"3":1000,"4":500,"5":500,"6":1000,"7":1000,"8":500,"9":1000,"10":1000},"param_tournament_size":{"0":15,"1":30,"2":15,"3":30,"4":15,"5":30,"6":15,"7":30,"8":30,"9":15,"10":30},"params":{"0":{"parsimony_coefficient":0.025,"population_size":500,"tournament_size":15},"1":{"parsimony_coefficient":0.025,"population_size":500,"tournament_size":30},"2":{"parsimony_coefficient":0.025,"population_size":1000,"tournament_size":15},"3":{"parsimony_coefficient":0.025,"population_size":1000,"tournament_size":30},"4":{"parsimony_coefficient":0.01,"population_size":500,"tournament_size":15},"5":{"parsimony_coefficient":0.01,"population_size":500,"tournament_size":30},"6":{"parsimony_coefficient":0.01,"population_size":1000,"tournament_size":15},"7":{"parsimony_coefficient":0.01,"population_size":1000,"tournament_size":30},"8":{"parsimony_coefficient":0.01,"population_size":500,"tournament_size":30},"9":{"parsimony_coefficient":0.01,"population_size":1000,"tournament_size":15},"10":{"parsimony_coefficient":0.01,"population_size":1000,"tournament_size":30}},"split0_test_score":{"0":0.7145993414,"1":0.7145993414,"2":0.7145993414,"3":0.7145993414,"4":0.7145993414,"5":0.7145993414,"6":0.7145993414,"7":0.7145993414,"8":0.7435053055,"9":0.7435053055,"10":0.7435053055},"split1_test_score":{"0":0.7233809001,"1":0.7233809001,"2":0.7233809001,"3":0.7233809001,"4":0.7233809001,"5":0.7233809001,"6":0.7233809001,"7":0.7233809001,"8":0.737650933,"9":0.737650933,"10":0.737650933},"split2_test_score":{"0":0.737650933,"1":0.737650933,"2":0.737650933,"3":0.737650933,"4":0.737650933,"5":0.737650933,"6":0.737650933,"7":0.737650933,"8":0.7350896451,"9":0.7350896451,"10":0.7350896451},"split3_test_score":{"0":0.7200878156,"1":0.7200878156,"2":0.7200878156,"3":0.7200878156,"4":0.7200878156,"5":0.7200878156,"6":0.7200878156,"7":0.7200878156,"8":0.7274057812,"9":0.7274057812,"10":0.7274057812},"split4_test_score":{"0":0.7200878156,"1":0.7200878156,"2":0.7200878156,"3":0.7200878156,"4":0.7200878156,"5":0.7200878156,"6":0.7200878156,"7":0.7200878156,"8":0.7222832053,"9":0.7222832053,"10":0.7222832053},"mean_test_score":{"0":0.7231613611,"1":0.7231613611,"2":0.7231613611,"3":0.7231613611,"4":0.7231613611,"5":0.7231613611,"6":0.7231613611,"7":0.7231613611,"8":0.733186974,"9":0.733186974,"10":0.733186974},"std_test_score":{"0":0.0077742837,"1":0.0077742837,"2":0.0077742837,"3":0.0077742837,"4":0.0077742837,"5":0.0077742837,"6":0.0077742837,"7":0.0077742837,"8":0.0075143784,"9":0.0075143784,"10":0.0075143784},"rank_test_score":{"0":4,"1":4,"2":4,"3":4,"4":4,"5":4,"6":4,"7":4,"8":1,"9":1,"10":1},"split0_train_score":{"0":0.7318880351,"1":0.7318880351,"2":0.7318880351,"3":0.7318880351,"4":0.7318880351,"5":0.7318880351,"6":0.7318880351,"7":0.7318880351,"8":0.7305652094,"9":0.7305652094,"10":0.7305652094},"split1_train_score":{"0":0.7338090011,"1":0.7338090011,"2":0.7338090011,"3":0.7338090011,"4":0.7338090011,"5":0.7338090011,"6":0.7338090011,"7":0.7338090011,"8":0.7320285348,"9":0.7320285348,"10":0.7320285348},"split2_train_score":{"0":0.7283205269,"1":0.7283205269,"2":0.7283205269,"3":0.7283205269,"4":0.7283205269,"5":0.7283205269,"6":0.7283205269,"7":0.7283205269,"8":0.7326687397,"9":0.7326687397,"10":0.7326687397},"split3_train_score":{"0":0.7387486279,"1":0.7387486279,"2":0.7387486279,"3":0.7387486279,"4":0.7387486279,"5":0.7387486279,"6":0.7387486279,"7":0.7387486279,"8":0.7344978965,"9":0.7344978965,"10":0.7344978965},"split4_train_score":{"0":0.7546652031,"1":0.7546652031,"2":0.7546652031,"3":0.7546652031,"4":0.7546652031,"5":0.7546652031,"6":0.7546652031,"7":0.7546652031,"8":0.7357783062,"9":0.7357783062,"10":0.7357783062},"mean_train_score":{"0":0.7374862788,"1":0.7374862788,"2":0.7374862788,"3":0.7374862788,"4":0.7374862788,"5":0.7374862788,"6":0.7374862788,"7":0.7374862788,"8":0.7331077373,"9":0.7331077373,"10":0.7331077373},"std_train_score":{"0":0.0092258623,"1":0.0092258623,"2":0.0092258623,"3":0.0092258623,"4":0.0092258623,"5":0.0092258623,"6":0.0092258623,"7":0.0092258623,"8":0.0018377337,"9":0.0018377337,"10":0.0018377337}}