{"iter":{"0":0,"1":0,"2":0,"3":0,"4":0,"5":0,"6":0,"7":0,"8":1,"9":1,"10":1},"n_resources":{"0":4584,"1":4584,"2":4584,"3":4584,"4":4584,"5":4584,"6":4584,"7":4584,"8":13752,"9":13752,"10":13752},"mean_fit_time":{"0":15.5570662975,"1":15.9028645515,"2":25.4473461151,"3":25.2749289036,"4":15.7056090355,"5":15.7384624004,"6":27.2083755493,"7":26.7890585899,"8":16.1760130405,"9":16.3309155941,"10":16.1654525757},"std_fit_time":{"0":0.3416779663,"1":0.3418170043,"2":0.5305198062,"3":0.2646215128,"4":0.2987751521,"5":0.2194965191,"6":0.4061366777,"7":0.3834837247,"8":0.1854586178,"9":0.3899519587,"10":0.3362443255},"mean_score_time":{"0":0.0008428574,"1":0.0009459496,"2":0.0006535053,"3":0.0006438255,"4":0.0008226395,"5":0.0009357452,"6":0.0007853985,"7":0.0007108688,"8":0.0010280609,"9":0.0011895657,"10":0.0010880947},"std_score_time":{"0":0.0001879725,"1":0.0001524335,"2":0.0000609489,"3":0.0000100878,"4":0.0001618689,"5":0.0001141157,"6":0.0000601175,"7":0.0000623993,"8":0.0002258345,"9":0.0001280359,"10":0.000210822},"param_parsimony_coefficient":{"0":0.025,"1":0.025,"2":0.025,"3":0.025,"4":0.01,"5":0.01,"6":0.01,"7":0.01,"8":0.01,"9":0.025,"10":0.01},"param_population_size":{"0":500,"1":500,"2":1000,"3":1000,"4":500,"5":500,"6":1000,"7":1000,"8":500,"9":500,"10":500},"param_tournament_size":{"0":15,"1":30,"2":15,"3":30,"4":15,"5":30,"6":15,"7":30,"8":30,"9":15,"10":15},"params":{"0":{"parsimony_coefficient":0.025,"population_size":500,"tournament_size":15},"1":{"parsimony_coefficient":0.025,"population_size":500,"tournament_size":30},"2":{"parsimony_coefficient":0.025,"population_size":1000,"tournament_size":15},"3":{"parsimony_coefficient":0.025,"population_size":1000,"tournament_size":30},"4":{"parsimony_coefficient":0.01,"population_size":500,"tournament_size":15},"5":{"parsimony_coefficient":0.01,"population_size":500,"tournament_size":30},"6":{"parsimony_coefficient":0.01,"population_size":1000,"tournament_size":15},"7":{"parsimony_coefficient":0.01,"population_size":1000,"tournament_size":30},"8":{"parsimony_coefficient":0.01,"population_size":500,"tournament_size":30},"9":{"parsimony_coefficient":0.025,"population_size":500,"tournament_size":15},"10":{"parsimony_coefficient":0.01,"population_size":500,"tournament_size":15}},"split0_test_score":{"0":0.8735005453,"1":0.8484187568,"2":0.8735005453,"3":0.8222464558,"4":0.8451472192,"5":0.8484187568,"6":0.8735005453,"7":0.8735005453,"8":0.8756815703,"9":0.8756815703,"10":0.8756815703},"split1_test_score":{"0":0.8691384951,"1":0.8298800436,"2":0.8691384951,"3":0.8069792803,"4":0.8691384951,"5":0.8582333697,"6":0.8691384951,"7":0.8069792803,"8":0.8800436205,"9":0.8800436205,"10":0.8800436205},"split2_test_score":{"0":0.8777292576,"1":0.8777292576,"2":0.8362445415,"3":0.8045851528,"4":0.8777292576,"5":0.8362445415,"6":0.8362445415,"7":0.8777292576,"8":0.8836363636,"9":0.8836363636,"10":0.8836363636},"split3_test_score":{"0":0.7980349345,"1":0.8384279476,"2":0.864628821,"3":0.8133187773,"4":0.864628821,"5":0.864628821,"6":0.8384279476,"7":0.8384279476,"8":0.8803636364,"9":0.8803636364,"10":0.8025454545},"split4_test_score":{"0":0.8733624454,"1":0.8733624454,"2":0.7936681223,"3":0.8144104803,"4":0.8733624454,"5":0.8733624454,"6":0.8395196507,"7":0.8733624454,"8":0.8527272727,"9":0.8843636364,"10":0.8843636364},"mean_test_score":{"0":0.8583531356,"1":0.8535636902,"2":0.847436105,"3":0.8123080293,"4":0.8660012477,"5":0.8561775869,"6":0.851366236,"7":0.8539998952,"8":0.8744904927,"9":0.8808177654,"10":0.8652541291},"std_test_score":{"0":0.030281238,"1":0.0189337873,"2":0.0298736852,"3":0.0062008487,"4":0.0112991135,"5":0.0128724101,"6":0.0163840616,"7":0.0274652148,"8":0.0111717,"9":0.0030888098,"10":0.0315052956},"rank_test_score":{"0":5,"1":8,"2":10,"3":11,"4":3,"5":6,"6":9,"7":7,"8":2,"9":1,"10":4},"split0_train_score":{"0":0.8865557677,"1":0.8511044451,"2":0.8865557677,"3":0.8243796019,"4":0.8481047178,"5":0.8511044451,"6":0.8865557677,"7":0.8865557677,"8":0.8821016271,"9":0.8821016271,"10":0.8821016271},"split1_train_score":{"0":0.8756476684,"1":0.8423779656,"2":0.8756476684,"3":0.8129260976,"4":0.8756476684,"5":0.8685574039,"6":0.8756476684,"7":0.8129260976,"8":0.8810108172,"9":0.8810108172,"10":0.8810108172},"split2_train_score":{"0":0.8761930734,"1":0.8761930734,"2":0.8467412053,"3":0.8200163621,"4":0.8761930734,"5":0.8467412053,"6":0.8467412053,"7":0.8761930734,"8":0.8801127068,"9":0.8801127068,"10":0.8801127068},"split3_train_score":{"0":0.814835015,"1":0.8603763294,"2":0.8892827925,"3":0.8320152713,"4":0.8892827925,"5":0.8892827925,"6":0.8603763294,"7":0.8603763294,"8":0.8809307399,"9":0.8809307399,"10":0.8070350845},"split4_train_score":{"0":0.8753749659,"1":0.8753749659,"2":0.8003817835,"3":0.8118352877,"4":0.8753749659,"5":0.8753749659,"6":0.8404690483,"7":0.8753749659,"8":0.848936557,"9":0.8799309217,"10":0.8799309217},"mean_train_score":{"0":0.8657212981,"1":0.8610853559,"2":0.8597218435,"3":0.8202345241,"4":0.8729206436,"5":0.8662121625,"6":0.8619580038,"7":0.8622852468,"8":0.8746184896,"9":0.8808173625,"10":0.8660382315},"std_train_score":{"0":0.025787102,"1":0.0132855096,"2":0.0332784638,"3":0.0074829879,"4":0.0134738209,"5":0.0156784718,"6":0.0172527375,"7":0.026053008,"8":0.0128565298,"9":0.0007722606,"10":0.029511625}}