{"iter":{"0":0,"1":0,"2":0,"3":0,"4":0,"5":0,"6":0,"7":0,"8":1,"9":1,"10":1},"n_resources":{"0":4584,"1":4584,"2":4584,"3":4584,"4":4584,"5":4584,"6":4584,"7":4584,"8":13752,"9":13752,"10":13752},"mean_fit_time":{"0":15.36486063,"1":16.1314711571,"2":25.6509016037,"3":25.6770983696,"4":15.432520771,"5":15.8656436443,"6":27.4394969463,"7":26.3760697842,"8":27.0277063847,"9":16.0647484303,"10":16.0148847103},"std_fit_time":{"0":0.3316654852,"1":0.2281095043,"2":0.3019874987,"3":0.3990397022,"4":0.3727086235,"5":0.3571735632,"6":0.3480321338,"7":0.5563707631,"8":0.3692574623,"9":0.2536216978,"10":0.1977394473},"mean_score_time":{"0":0.0009857178,"1":0.0009088516,"2":0.000698185,"3":0.000668335,"4":0.0008949757,"5":0.0009315968,"6":0.0007763386,"7":0.0007415295,"8":0.0008818626,"9":0.0012865543,"10":0.00127635},"std_score_time":{"0":0.0001356415,"1":0.0002052394,"2":0.0000634959,"3":0.0000562052,"4":0.000156386,"5":0.0001774659,"6":0.0000526778,"7":0.0000523956,"8":0.0000422415,"9":0.0000226171,"10":0.0000428121},"param_parsimony_coefficient":{"0":0.025,"1":0.025,"2":0.025,"3":0.025,"4":0.01,"5":0.01,"6":0.01,"7":0.01,"8":0.025,"9":0.01,"10":0.025},"param_population_size":{"0":500,"1":500,"2":1000,"3":1000,"4":500,"5":500,"6":1000,"7":1000,"8":1000,"9":500,"10":500},"param_tournament_size":{"0":15,"1":30,"2":15,"3":30,"4":15,"5":30,"6":15,"7":30,"8":15,"9":30,"10":15},"params":{"0":{"parsimony_coefficient":0.025,"population_size":500,"tournament_size":15},"1":{"parsimony_coefficient":0.025,"population_size":500,"tournament_size":30},"2":{"parsimony_coefficient":0.025,"population_size":1000,"tournament_size":15},"3":{"parsimony_coefficient":0.025,"population_size":1000,"tournament_size":30},"4":{"parsimony_coefficient":0.01,"population_size":500,"tournament_size":15},"5":{"parsimony_coefficient":0.01,"population_size":500,"tournament_size":30},"6":{"parsimony_coefficient":0.01,"population_size":1000,"tournament_size":15},"7":{"parsimony_coefficient":0.01,"population_size":1000,"tournament_size":30},"8":{"parsimony_coefficient":0.025,"population_size":1000,"tournament_size":15},"9":{"parsimony_coefficient":0.01,"population_size":500,"tournament_size":30},"10":{"parsimony_coefficient":0.025,"population_size":500,"tournament_size":15}},"split0_test_score":{"0":0.8593238822,"1":0.8342420938,"2":0.8593238822,"3":0.8091603053,"4":0.8593238822,"5":0.8560523446,"6":0.8342420938,"7":0.8342420938,"8":0.8149763722,"9":0.8767720829,"10":0.8767720829},"split1_test_score":{"0":0.8625954198,"1":0.8298800436,"2":0.8625954198,"3":0.8037077426,"4":0.7797164667,"5":0.8625954198,"6":0.8298800436,"7":0.8396946565,"8":0.8007997092,"9":0.8800436205,"10":0.8800436205},"split2_test_score":{"0":0.8886462882,"1":0.8548034934,"2":0.8886462882,"3":0.8286026201,"4":0.8886462882,"5":0.8886462882,"6":0.8548034934,"7":0.8286026201,"8":0.8836363636,"9":0.8836363636,"10":0.8836363636},"split3_test_score":{"0":0.8722707424,"1":0.8417030568,"2":0.8722707424,"3":0.8100436681,"4":0.8417030568,"5":0.8722707424,"6":0.8417030568,"7":0.8100436681,"8":0.8803636364,"9":0.8803636364,"10":0.8803636364},"split4_test_score":{"0":0.8679039301,"1":0.8679039301,"2":0.7871179039,"3":0.7958515284,"4":0.7871179039,"5":0.827510917,"6":0.827510917,"7":0.8679039301,"8":0.7883636364,"9":0.8345454545,"10":0.8730909091},"mean_test_score":{"0":0.8701480526,"1":0.8457065236,"2":0.8539908473,"3":0.8094731729,"4":0.8313015196,"5":0.8614151424,"6":0.8376279209,"7":0.8360973937,"8":0.8336279436,"9":0.8710722316,"10":0.8787813225},"std_test_score":{"0":0.0102560377,"1":0.0139529071,"2":0.0349560428,"3":0.0108180265,"4":0.0419406172,"5":0.0201941997,"6":0.0098534686,"7":0.0187776806,"8":0.0403967787,"9":0.0183922113,"10":0.0035801225},"rank_test_score":{"0":3,"1":6,"2":5,"3":11,"4":10,"5":4,"6":7,"7":8,"8":9,"9":2,"10":1},"split0_train_score":{"0":0.8808290155,"1":0.8483774202,"2":0.8808290155,"3":0.8194709572,"4":0.8808290155,"5":0.874284156,"6":0.8483774202,"7":0.8483774202,"8":0.8012907917,"9":0.8792837015,"10":0.8792837015},"split1_train_score":{"0":0.8767384783,"1":0.844832288,"2":0.8767384783,"3":0.8186528497,"4":0.8011998909,"5":0.8767384783,"6":0.844832288,"7":0.8350149986,"8":0.804835924,"9":0.878465594,"10":0.878465594},"split2_train_score":{"0":0.8767384783,"1":0.8451049905,"2":0.8767384783,"3":0.8186528497,"4":0.8767384783,"5":0.8767384783,"6":0.8451049905,"7":0.8186528497,"8":0.877567715,"9":0.877567715,"10":0.877567715},"split3_train_score":{"0":0.8699209163,"1":0.8336514862,"2":0.8699209163,"3":0.8066539406,"4":0.8336514862,"5":0.8699209163,"6":0.8336514862,"7":0.8066539406,"8":0.878385748,"9":0.878385748,"10":0.878385748},"split4_train_score":{"0":0.8832833379,"1":0.8832833379,"2":0.8191982547,"3":0.8287428416,"4":0.8191982547,"5":0.8560130897,"6":0.8560130897,"7":0.8832833379,"8":0.8079440102,"9":0.8496636975,"10":0.8802035993},"mean_train_score":{"0":0.8775020453,"1":0.8510499046,"2":0.8646850286,"3":0.8184346878,"4":0.8423234251,"5":0.8707390237,"6":0.8455958549,"7":0.8383965094,"8":0.8340048378,"9":0.8726732912,"10":0.8787812716},"std_train_score":{"0":0.0045416222,"1":0.016869156,"2":0.0230115655,"3":0.0070173084,"4":0.0315220478,"5":0.0077727383,"6":0.0072076045,"7":0.02654537,"8":0.0359655128,"9":0.0115176147,"10":0.0008949037}}