{"iter":{"0":0,"1":0,"2":0,"3":0,"4":0,"5":0,"6":0,"7":0,"8":1,"9":1,"10":1},"n_resources":{"0":4584,"1":4584,"2":4584,"3":4584,"4":4584,"5":4584,"6":4584,"7":4584,"8":13752,"9":13752,"10":13752},"mean_fit_time":{"0":15.294453001,"1":16.0343120575,"2":25.6233856201,"3":25.1815825462,"4":15.2412594318,"5":15.5784067631,"6":27.0717547417,"7":26.891577673,"8":16.2128547192,"9":26.7063587189,"10":27.741364193},"std_fit_time":{"0":0.3759669587,"1":0.2806815374,"2":0.6058248056,"3":0.3048090756,"4":0.3287583182,"5":0.2594695923,"6":0.2178050177,"7":0.2489719388,"8":0.3398007499,"9":0.2763047401,"10":0.5506435385},"mean_score_time":{"0":0.0009306431,"1":0.0008974075,"2":0.0006705284,"3":0.0006373882,"4":0.0009969234,"5":0.0009145737,"6":0.0007957935,"7":0.0007554054,"8":0.0011621475,"9":0.000852108,"10":0.0009020329},"std_score_time":{"0":0.000126492,"1":0.0001990931,"2":0.0000848908,"3":0.0000065182,"4":0.000073532,"5":0.0001682815,"6":0.0000634024,"7":0.0000476653,"8":0.0001925263,"9":0.000078851,"10":0.0000747254},"param_parsimony_coefficient":{"0":0.025,"1":0.025,"2":0.025,"3":0.025,"4":0.01,"5":0.01,"6":0.01,"7":0.01,"8":0.01,"9":0.025,"10":0.01},"param_population_size":{"0":500,"1":500,"2":1000,"3":1000,"4":500,"5":500,"6":1000,"7":1000,"8":500,"9":1000,"10":1000},"param_tournament_size":{"0":15,"1":30,"2":15,"3":30,"4":15,"5":30,"6":15,"7":30,"8":30,"9":15,"10":30},"params":{"0":{"parsimony_coefficient":0.025,"population_size":500,"tournament_size":15},"1":{"parsimony_coefficient":0.025,"population_size":500,"tournament_size":30},"2":{"parsimony_coefficient":0.025,"population_size":1000,"tournament_size":15},"3":{"parsimony_coefficient":0.025,"population_size":1000,"tournament_size":30},"4":{"parsimony_coefficient":0.01,"population_size":500,"tournament_size":15},"5":{"parsimony_coefficient":0.01,"population_size":500,"tournament_size":30},"6":{"parsimony_coefficient":0.01,"population_size":1000,"tournament_size":15},"7":{"parsimony_coefficient":0.01,"population_size":1000,"tournament_size":30},"8":{"parsimony_coefficient":0.01,"population_size":500,"tournament_size":30},"9":{"parsimony_coefficient":0.025,"population_size":1000,"tournament_size":15},"10":{"parsimony_coefficient":0.01,"population_size":1000,"tournament_size":30}},"split0_test_score":{"0":0.8713195202,"1":0.8505997819,"2":0.8713195202,"3":0.8200654308,"4":0.8713195202,"5":0.8505997819,"6":0.8713195202,"7":0.8505997819,"8":0.8753180662,"9":0.8753180662,"10":0.8753180662},"split1_test_score":{"0":0.8767720829,"1":0.8451472192,"2":0.8767720829,"3":0.8255179935,"4":0.7993456925,"5":0.8451472192,"6":0.8767720829,"7":0.8767720829,"8":0.8822246456,"9":0.8822246456,"10":0.8273355144},"split2_test_score":{"0":0.8897379913,"1":0.8537117904,"2":0.8897379913,"3":0.8253275109,"4":0.8013100437,"5":0.8897379913,"6":0.8537117904,"7":0.8897379913,"8":0.8821818182,"9":0.8821818182,"10":0.8487272727},"split3_test_score":{"0":0.8144104803,"1":0.8591703057,"2":0.864628821,"3":0.8340611354,"4":0.864628821,"5":0.864628821,"6":0.864628821,"7":0.8875545852,"8":0.8832727273,"9":0.8832727273,"10":0.8196363636},"split4_test_score":{"0":0.7936681223,"1":0.8471615721,"2":0.885371179,"3":0.8144104803,"4":0.7936681223,"5":0.885371179,"6":0.8471615721,"7":0.885371179,"8":0.8389090909,"9":0.8763636364,"10":0.8763636364},"mean_test_score":{"0":0.8491816394,"1":0.8511581338,"2":0.8775659189,"3":0.8238765102,"4":0.8260544399,"5":0.8670969985,"6":0.8627187573,"7":0.878007124,"8":0.8723812696,"9":0.8798721787,"10":0.8494761706},"std_test_score":{"0":0.0379128477,"1":0.0049624876,"2":0.0091224734,"3":0.0065216027,"4":0.0343843751,"5":0.0179254182,"6":0.0109386369,"7":0.01439225,"8":0.0169739693,"9":0.0033311282,"10":0.0235453731},"rank_test_score":{"0":9,"1":7,"2":3,"3":11,"4":10,"5":5,"6":6,"7":2,"8":4,"9":1,"10":8},"split0_train_score":{"0":0.8854649577,"1":0.8491955277,"2":0.8854649577,"3":0.8197436597,"4":0.8854649577,"5":0.8491955277,"6":0.8854649577,"7":0.8491955277,"8":0.8810108172,"9":0.8810108172,"10":0.8810108172},"split1_train_score":{"0":0.8808290155,"1":0.8489228252,"2":0.8808290155,"3":0.822197982,"4":0.8071993455,"5":0.8489228252,"6":0.8808290155,"7":0.8808290155,"8":0.8792837015,"9":0.8792837015,"10":0.8186528497},"split2_train_score":{"0":0.8846468503,"1":0.852195255,"2":0.8846468503,"3":0.8262885192,"4":0.8126533951,"5":0.8846468503,"6":0.852195255,"7":0.8846468503,"8":0.8792946737,"9":0.8792946737,"10":0.8472095983},"split3_train_score":{"0":0.8170166349,"1":0.8571038996,"2":0.8609217344,"3":0.8341968912,"4":0.8609217344,"5":0.8609217344,"6":0.8609217344,"7":0.8868284701,"8":0.879021996,"9":0.879021996,"10":0.8205780767},"split4_train_score":{"0":0.814835015,"1":0.8579220071,"2":0.8862830652,"3":0.8328333788,"4":0.814835015,"5":0.8862830652,"6":0.8579220071,"7":0.8862830652,"8":0.8496636975,"9":0.8807489547,"10":0.8807489547},"mean_train_score":{"0":0.8565584947,"1":0.8530679029,"2":0.8796291246,"3":0.8270520862,"4":0.8362148896,"5":0.8659940005,"6":0.8674665939,"7":0.8775565858,"8":0.8736549772,"9":0.8798720286,"10":0.8496400593},"std_train_score":{"0":0.0332204905,"1":0.0038154966,"2":0.0095385076,"3":0.0056926276,"4":0.0312734464,"5":0.0164858518,"6":0.0131882033,"7":0.0143349192,"8":0.0120165177,"9":0.0008328099,"10":0.0274321015}}