{"iter":{"0":0,"1":0,"2":0,"3":0,"4":0,"5":0,"6":0,"7":0,"8":1,"9":1,"10":1},"n_resources":{"0":4584,"1":4584,"2":4584,"3":4584,"4":4584,"5":4584,"6":4584,"7":4584,"8":13752,"9":13752,"10":13752},"mean_fit_time":{"0":15.1003722191,"1":16.0716461658,"2":25.3199949741,"3":25.0066951752,"4":14.9963211536,"5":15.179837513,"6":26.6407064915,"7":26.7831625938,"8":27.8392196178,"9":16.5234760284,"10":27.8866168499},"std_fit_time":{"0":0.2699628221,"1":0.416025188,"2":0.505757948,"3":0.3455210573,"4":0.2146284666,"5":0.2791702773,"6":0.264097916,"7":0.3184599862,"8":0.3089205048,"9":0.264914637,"10":0.302306185},"mean_score_time":{"0":0.0008503914,"1":0.0009813309,"2":0.0006859779,"3":0.0006242275,"4":0.0008857727,"5":0.0009792805,"6":0.000720787,"7":0.0007797241,"8":0.0008633614,"9":0.0012284756,"10":0.0009589195},"std_score_time":{"0":0.0002066684,"1":0.0001678419,"2":0.0000624361,"3":0.0000147569,"4":0.0001943807,"5":0.0000785365,"6":0.000064298,"7":0.0000199707,"8":0.0000714937,"9":0.0001436133,"10":0.000107267},"param_parsimony_coefficient":{"0":0.025,"1":0.025,"2":0.025,"3":0.025,"4":0.01,"5":0.01,"6":0.01,"7":0.01,"8":0.01,"9":0.025,"10":0.01},"param_population_size":{"0":500,"1":500,"2":1000,"3":1000,"4":500,"5":500,"6":1000,"7":1000,"8":1000,"9":500,"10":1000},"param_tournament_size":{"0":15,"1":30,"2":15,"3":30,"4":15,"5":30,"6":15,"7":30,"8":15,"9":30,"10":30},"params":{"0":{"parsimony_coefficient":0.025,"population_size":500,"tournament_size":15},"1":{"parsimony_coefficient":0.025,"population_size":500,"tournament_size":30},"2":{"parsimony_coefficient":0.025,"population_size":1000,"tournament_size":15},"3":{"parsimony_coefficient":0.025,"population_size":1000,"tournament_size":30},"4":{"parsimony_coefficient":0.01,"population_size":500,"tournament_size":15},"5":{"parsimony_coefficient":0.01,"population_size":500,"tournament_size":30},"6":{"parsimony_coefficient":0.01,"population_size":1000,"tournament_size":15},"7":{"parsimony_coefficient":0.01,"population_size":1000,"tournament_size":30},"8":{"parsimony_coefficient":0.01,"population_size":1000,"tournament_size":15},"9":{"parsimony_coefficient":0.025,"population_size":500,"tournament_size":30},"10":{"parsimony_coefficient":0.01,"population_size":1000,"tournament_size":30}},"split0_test_score":{"0":0.8113413304,"1":0.8516902944,"2":0.8822246456,"3":0.8167938931,"4":0.8822246456,"5":0.8516902944,"6":0.8822246456,"7":0.8516902944,"8":0.8836786623,"9":0.8578698655,"10":0.8578698655},"split1_test_score":{"0":0.8909487459,"1":0.8909487459,"2":0.8102508179,"3":0.8298800436,"4":0.8571428571,"5":0.8582333697,"6":0.8582333697,"7":0.8909487459,"8":0.8804071247,"9":0.8473282443,"10":0.8804071247},"split2_test_score":{"0":0.8340611354,"1":0.8973799127,"2":0.8340611354,"3":0.8438864629,"4":0.8340611354,"5":0.8635371179,"6":0.8635371179,"7":0.8973799127,"8":0.8890909091,"9":0.8563636364,"10":0.8563636364},"split3_test_score":{"0":0.8755458515,"1":0.8449781659,"2":0.8755458515,"3":0.8176855895,"4":0.8755458515,"5":0.8449781659,"6":0.8755458515,"7":0.8700873362,"8":0.8825454545,"9":0.8476363636,"10":0.8825454545},"split4_test_score":{"0":0.8820960699,"1":0.8820960699,"2":0.846069869,"3":0.8209606987,"4":0.8111353712,"5":0.846069869,"6":0.8820960699,"7":0.8820960699,"8":0.8778181818,"9":0.8418181818,"10":0.8778181818},"mean_test_score":{"0":0.8587986266,"1":0.8734186378,"2":0.8496304639,"3":0.8258413376,"4":0.8520219722,"5":0.8529017634,"6":0.8723274109,"7":0.8784404718,"8":0.8827080665,"9":0.8502032583,"10":0.8710008526},"std_test_score":{"0":0.0307278669,"1":0.0211552667,"2":0.0266076167,"3":0.0101403235,"4":0.0264049376,"5":0.0071058093,"6":0.0097944021,"7":0.0162103029,"8":0.0037660187,"9":0.0060314391,"10":0.0114446729},"rank_test_score":{"0":6,"1":3,"2":10,"3":11,"4":8,"5":7,"6":4,"7":2,"8":1,"9":9,"10":5},"split0_train_score":{"0":0.7992909735,"1":0.8491955277,"2":0.8813744205,"3":0.8202890646,"4":0.8813744205,"5":0.8491955277,"6":0.8813744205,"7":0.8491955277,"8":0.8824652304,"9":0.8482865194,"10":0.8482865194},"split1_train_score":{"0":0.8778292882,"1":0.8778292882,"2":0.8156531224,"3":0.8260158167,"4":0.8467412053,"5":0.8497409326,"6":0.8497409326,"7":0.8778292882,"8":0.8832833379,"9":0.8509226434,"10":0.8832833379},"split2_train_score":{"0":0.7982001636,"1":0.8778292882,"2":0.7982001636,"3":0.8189255522,"4":0.7982001636,"5":0.8467412053,"6":0.8467412053,"7":0.8778292882,"8":0.881112525,"9":0.8486638793,"10":0.8486638793},"split3_train_score":{"0":0.8794655031,"1":0.8464685029,"2":0.8794655031,"3":0.8191982547,"4":0.8794655031,"5":0.8464685029,"6":0.8794655031,"7":0.8721025361,"8":0.8827485912,"9":0.8508453009,"10":0.8827485912},"split4_train_score":{"0":0.8824652304,"1":0.8824652304,"2":0.8532860649,"3":0.8224706845,"4":0.8047450232,"5":0.8532860649,"6":0.8824652304,"7":0.8824652304,"8":0.8839301945,"9":0.8522995819,"10":0.8839301945},"mean_train_score":{"0":0.8474502318,"1":0.8667575675,"2":0.8455958549,"3":0.8213798746,"4":0.8421052632,"5":0.8490864467,"6":0.8679574584,"7":0.8718843741,"8":0.8827079758,"9":0.850203585,"10":0.8693825045},"std_train_score":{"0":0.0397964777,"1":0.0155689952,"2":0.0335538878,"3":0.0026326738,"4":0.0354479661,"5":0.0024670156,"6":0.0161548545,"7":0.0118107568,"8":0.0009413712,"9":0.0015078383,"10":0.0170752613}}