{"iter":{"0":0,"1":0,"2":0,"3":0,"4":0,"5":0,"6":0,"7":0,"8":1,"9":1,"10":1},"n_resources":{"0":4584,"1":4584,"2":4584,"3":4584,"4":4584,"5":4584,"6":4584,"7":4584,"8":13752,"9":13752,"10":13752},"mean_fit_time":{"0":15.4646986485,"1":16.2016727924,"2":25.7995523453,"3":25.3798680782,"4":15.5202077389,"5":15.4619656086,"6":27.4708656788,"7":26.7426803589,"8":15.9778659821,"9":16.8074635983,"10":16.2616765976},"std_fit_time":{"0":0.4375114548,"1":0.1291060947,"2":0.6357860774,"3":0.1315304336,"4":0.2489423089,"5":0.183794978,"6":0.180448184,"7":0.5301170267,"8":0.29116554,"9":0.3003405098,"10":0.3615103664},"mean_score_time":{"0":0.0008939266,"1":0.0010223866,"2":0.0006712437,"3":0.0006283283,"4":0.0009186268,"5":0.0009025097,"6":0.0007354259,"7":0.0007092953,"8":0.0011273384,"9":0.0013311863,"10":0.0012732029},"std_score_time":{"0":0.0001656667,"1":0.0001948879,"2":0.0000595364,"3":0.0000048337,"4":0.0001602347,"5":0.0001366346,"6":0.0000492939,"7":0.0000635316,"8":0.0001179137,"9":0.0000530042,"10":0.000017915},"param_parsimony_coefficient":{"0":0.025,"1":0.025,"2":0.025,"3":0.025,"4":0.01,"5":0.01,"6":0.01,"7":0.01,"8":0.01,"9":0.025,"10":0.01},"param_population_size":{"0":500,"1":500,"2":1000,"3":1000,"4":500,"5":500,"6":1000,"7":1000,"8":500,"9":500,"10":500},"param_tournament_size":{"0":15,"1":30,"2":15,"3":30,"4":15,"5":30,"6":15,"7":30,"8":15,"9":30,"10":30},"params":{"0":{"parsimony_coefficient":0.025,"population_size":500,"tournament_size":15},"1":{"parsimony_coefficient":0.025,"population_size":500,"tournament_size":30},"2":{"parsimony_coefficient":0.025,"population_size":1000,"tournament_size":15},"3":{"parsimony_coefficient":0.025,"population_size":1000,"tournament_size":30},"4":{"parsimony_coefficient":0.01,"population_size":500,"tournament_size":15},"5":{"parsimony_coefficient":0.01,"population_size":500,"tournament_size":30},"6":{"parsimony_coefficient":0.01,"population_size":1000,"tournament_size":15},"7":{"parsimony_coefficient":0.01,"population_size":1000,"tournament_size":30},"8":{"parsimony_coefficient":0.01,"population_size":500,"tournament_size":15},"9":{"parsimony_coefficient":0.025,"population_size":500,"tournament_size":30},"10":{"parsimony_coefficient":0.01,"population_size":500,"tournament_size":30}},"split0_test_score":{"0":0.8778625954,"1":0.8778625954,"2":0.8178844057,"3":0.8255179935,"4":0.852780807,"5":0.8538713195,"6":0.8538713195,"7":0.8778625954,"8":0.8153398764,"9":0.8764085787,"10":0.8764085787},"split1_test_score":{"0":0.8691384951,"1":0.8691384951,"2":0.7928026172,"3":0.8102508179,"4":0.7928026172,"5":0.8691384951,"6":0.8386041439,"7":0.8691384951,"8":0.796437659,"9":0.8767720829,"10":0.8436932025},"split2_test_score":{"0":0.8886462882,"1":0.8886462882,"2":0.8482532751,"3":0.8165938865,"4":0.8886462882,"5":0.8886462882,"6":0.8482532751,"7":0.8013100437,"8":0.8101818182,"9":0.8523636364,"10":0.8854545455},"split3_test_score":{"0":0.8045851528,"1":0.8373362445,"2":0.8373362445,"3":0.8100436681,"4":0.8624454148,"5":0.8624454148,"6":0.8624454148,"7":0.8373362445,"8":0.8847272727,"9":0.8487272727,"10":0.8847272727},"split4_test_score":{"0":0.8002183406,"1":0.8373362445,"2":0.8711790393,"3":0.8133187773,"4":0.8711790393,"5":0.8711790393,"6":0.8373362445,"7":0.8373362445,"8":0.7967272727,"9":0.88,"10":0.8450909091},"mean_test_score":{"0":0.8480901744,"1":0.8620639736,"2":0.8334911164,"3":0.8151450286,"4":0.8535708333,"5":0.8690561114,"6":0.8481020796,"7":0.8445967247,"8":0.8206827798,"9":0.8668543141,"10":0.8670749017},"std_test_score":{"0":0.0378381464,"1":0.021114857,"2":0.0266541151,"3":0.0057098154,"4":0.0325959963,"5":0.0115114539,"6":0.0094355948,"7":0.0271590963,"8":0.0328700657,"9":0.0134240421,"10":0.0187964615},"rank_test_score":{"0":7,"1":4,"2":9,"3":11,"4":5,"5":1,"6":6,"7":8,"8":10,"9":3,"10":2},"split0_train_score":{"0":0.8841014453,"1":0.8841014453,"2":0.8028361058,"3":0.8243796019,"4":0.8486501227,"5":0.8497409326,"6":0.8497409326,"7":0.8841014453,"8":0.8026543042,"9":0.8817380238,"10":0.8817380238},"split1_train_score":{"0":0.8802836106,"1":0.8802836106,"2":0.8047450232,"3":0.8219252795,"4":0.8047450232,"5":0.8802836106,"6":0.8483774202,"7":0.8802836106,"8":0.8073811472,"9":0.881647123,"10":0.850104536},"split2_train_score":{"0":0.873738751,"1":0.873738751,"2":0.8431960731,"3":0.8164712299,"4":0.873738751,"5":0.873738751,"6":0.8431960731,"7":0.8031088083,"8":0.8039447373,"9":0.8479367388,"10":0.8794764588},"split3_train_score":{"0":0.8099263703,"1":0.8535587674,"2":0.8535587674,"3":0.8279247341,"4":0.881647123,"5":0.881647123,"6":0.881647123,"7":0.8535587674,"8":0.879658244,"9":0.8488456644,"10":0.879658244},"split4_train_score":{"0":0.8014725934,"1":0.8451049905,"2":0.8751022634,"3":0.8175620398,"4":0.8751022634,"5":0.8751022634,"6":0.8451049905,"7":0.8451049905,"8":0.8073077622,"9":0.8808398473,"10":0.8497545901},"mean_train_score":{"0":0.8499045541,"1":0.867357513,"2":0.8358876466,"3":0.821652577,"4":0.8567766567,"5":0.8721025361,"6":0.8536133079,"7":0.8532315244,"8":0.820189239,"9":0.8682014795,"10":0.8681463705},"std_train_score":{"0":0.0363436195,"1":0.0153215117,"2":0.0281628661,"3":0.00425276,"4":0.0283387087,"5":0.0115736424,"6":0.014207145,"7":0.0292000058,"8":0.0297922808,"9":0.0161805995,"10":0.0148955869}}