{"iter":{"0":0,"1":0,"2":0,"3":0,"4":0,"5":0,"6":0,"7":0,"8":1,"9":1,"10":1},"n_resources":{"0":4568,"1":4568,"2":4568,"3":4568,"4":4568,"5":4568,"6":4568,"7":4568,"8":13704,"9":13704,"10":13704},"mean_fit_time":{"0":14.5039173126,"1":14.605303669,"2":24.8959070683,"3":25.0595332623,"4":14.6214992046,"5":15.0113461018,"6":25.1036197186,"7":24.9685154915,"8":26.1179936886,"9":26.3266760826,"10":14.8628227234},"std_fit_time":{"0":0.3614914733,"1":0.0792605191,"2":0.1953943486,"3":0.2777641508,"4":0.2499254905,"5":0.1790164024,"6":0.1248080841,"7":0.0982540289,"8":0.1989955617,"9":0.3613874945,"10":0.1368879155},"mean_score_time":{"0":0.0007320404,"1":0.0007210255,"2":0.0006349564,"3":0.0006289005,"4":0.0007569313,"5":0.0007866859,"6":0.000624609,"7":0.000632,"8":0.0007708073,"9":0.0007697105,"10":0.0009253502},"std_score_time":{"0":0.0000123597,"1":0.0001037241,"2":0.0000065422,"3":0.0000096898,"4":0.0000089277,"5":0.0001849401,"6":0.0000085942,"7":0.0000025114,"8":0.0000061455,"9":0.0000044848,"10":0.000116576},"param_parsimony_coefficient":{"0":0.025,"1":0.025,"2":0.025,"3":0.025,"4":0.01,"5":0.01,"6":0.01,"7":0.01,"8":0.01,"9":0.01,"10":0.025},"param_population_size":{"0":500,"1":500,"2":1000,"3":1000,"4":500,"5":500,"6":1000,"7":1000,"8":1000,"9":1000,"10":500},"param_tournament_size":{"0":15,"1":30,"2":15,"3":30,"4":15,"5":30,"6":15,"7":30,"8":15,"9":30,"10":30},"params":{"0":{"parsimony_coefficient":0.025,"population_size":500,"tournament_size":15},"1":{"parsimony_coefficient":0.025,"population_size":500,"tournament_size":30},"2":{"parsimony_coefficient":0.025,"population_size":1000,"tournament_size":15},"3":{"parsimony_coefficient":0.025,"population_size":1000,"tournament_size":30},"4":{"parsimony_coefficient":0.01,"population_size":500,"tournament_size":15},"5":{"parsimony_coefficient":0.01,"population_size":500,"tournament_size":30},"6":{"parsimony_coefficient":0.01,"population_size":1000,"tournament_size":15},"7":{"parsimony_coefficient":0.01,"population_size":1000,"tournament_size":30},"8":{"parsimony_coefficient":0.01,"population_size":1000,"tournament_size":15},"9":{"parsimony_coefficient":0.01,"population_size":1000,"tournament_size":30},"10":{"parsimony_coefficient":0.025,"population_size":500,"tournament_size":30}},"split0_test_score":{"0":0.8959474261,"1":0.9288061336,"2":0.8959474261,"3":0.8959474261,"4":0.8959474261,"5":0.8937568456,"6":0.8959474261,"7":0.8959474261,"8":0.8993068223,"9":0.8993068223,"10":0.9270339292},"split1_test_score":{"0":0.9069003286,"1":0.9320920044,"2":0.9069003286,"3":0.9069003286,"4":0.9069003286,"5":0.9069003286,"6":0.9069003286,"7":0.9069003286,"8":0.9033199562,"9":0.9033199562,"10":0.9303174024},"split2_test_score":{"0":0.9003285871,"1":0.9255202629,"2":0.9003285871,"3":0.9003285871,"4":0.9003285871,"5":0.9003285871,"6":0.9003285871,"7":0.9003285871,"8":0.9044144473,"9":0.9044144473,"10":0.9336008756},"split3_test_score":{"0":0.9025191676,"1":0.9299014239,"2":0.9025191676,"3":0.9025191676,"4":0.9025191676,"5":0.9025191676,"6":0.9025191676,"7":0.9025191676,"8":0.8956585188,"9":0.8956585188,"10":0.9233856257},"split4_test_score":{"0":0.8882803943,"1":0.9222343921,"2":0.8882803943,"3":0.8882803943,"4":0.8882803943,"5":0.8882803943,"6":0.8882803943,"7":0.8882803943,"8":0.9051094891,"9":0.9051094891,"10":0.9321167883},"mean_test_score":{"0":0.8987951807,"1":0.9277108434,"2":0.8987951807,"3":0.8987951807,"4":0.8987951807,"5":0.8983570646,"6":0.8987951807,"7":0.8987951807,"8":0.9015618467,"9":0.9015618467,"10":0.9292909242},"std_test_score":{"0":0.006333771,"1":0.0034636119,"2":0.006333771,"3":0.006333771,"4":0.006333771,"5":0.0065863292,"6":0.006333771,"7":0.006333771,"8":0.0035706711,"9":0.0035706711,"10":0.00367645},"rank_test_score":{"0":5,"1":2,"2":5,"3":5,"4":5,"5":11,"6":5,"7":5,"8":3,"9":3,"10":1},"split0_train_score":{"0":0.9009304871,"1":0.9277504105,"2":0.9009304871,"3":0.9009304871,"4":0.9009304871,"5":0.9009304871,"6":0.9009304871,"7":0.9009304871,"8":0.9021253307,"9":0.9021253307,"10":0.9298549667},"split1_train_score":{"0":0.8987411056,"1":0.9241926656,"2":0.8987411056,"3":0.8987411056,"4":0.8987411056,"5":0.8990147783,"6":0.8987411056,"7":0.8987411056,"8":0.9011219557,"9":0.9011219557,"10":0.9290340235},"split2_train_score":{"0":0.9031198686,"1":0.9274767378,"2":0.9031198686,"3":0.9031198686,"4":0.9031198686,"5":0.9031198686,"6":0.9031198686,"7":0.9031198686,"8":0.9008483079,"9":0.9008483079,"10":0.9282130804},"split3_train_score":{"0":0.8990147783,"1":0.9288451013,"2":0.8990147783,"3":0.8990147783,"4":0.8990147783,"5":0.898467433,"6":0.8990147783,"7":0.8990147783,"8":0.9030374897,"9":0.9030374897,"10":0.9307671258},"split4_train_score":{"0":0.9047619048,"1":0.929939792,"2":0.9047619048,"3":0.9047619048,"4":0.9047619048,"5":0.9044882321,"6":0.9047619048,"7":0.9047619048,"8":0.9006749362,"9":0.9006749362,"10":0.9285844582},"mean_train_score":{"0":0.9013136289,"1":0.9276409414,"2":0.9013136289,"3":0.9013136289,"4":0.9013136289,"5":0.9012041598,"6":0.9013136289,"7":0.9013136289,"8":0.901561604,"9":0.901561604,"10":0.9292907309},"std_train_score":{"0":0.0023324878,"1":0.0019320594,"2":0.0023324878,"3":0.0023324878,"4":0.0023324878,"5":0.0023157302,"6":0.0023324878,"7":0.0023324878,"8":0.0008926688,"9":0.0008926688,"10":0.0009191468}}