{"iter":{"0":0,"1":0,"2":0,"3":0,"4":0,"5":0,"6":0,"7":0,"8":1,"9":1,"10":1},"n_resources":{"0":4568,"1":4568,"2":4568,"3":4568,"4":4568,"5":4568,"6":4568,"7":4568,"8":13704,"9":13704,"10":13704},"mean_fit_time":{"0":14.7360206604,"1":14.6287219524,"2":25.2436015129,"3":25.3103044987,"4":14.7376047134,"5":14.9448890209,"6":25.3409655094,"7":25.0221488953,"8":26.4012784481,"9":15.0538102627,"10":15.2842979908},"std_fit_time":{"0":0.1200876602,"1":0.1232898875,"2":0.3149385955,"3":0.2418917412,"4":0.1722325797,"5":0.1278519455,"6":0.3148958081,"7":0.2987701584,"8":0.4476309846,"9":0.2936924761,"10":0.2110715498},"mean_score_time":{"0":0.0007648468,"1":0.0007330418,"2":0.0006257057,"3":0.0006202221,"4":0.0006821632,"5":0.0007300854,"6":0.0006327629,"7":0.0006182671,"8":0.0008182526,"9":0.0008867264,"10":0.0008439064},"std_score_time":{"0":0.0000481431,"1":0.0000144369,"2":0.0000148515,"3":0.0000193637,"4":0.0000627988,"5":0.000022157,"6":0.00000542,"7":0.0000122292,"8":0.0001223549,"9":0.0000567203,"10":0.0000845932},"param_parsimony_coefficient":{"0":0.025,"1":0.025,"2":0.025,"3":0.025,"4":0.01,"5":0.01,"6":0.01,"7":0.01,"8":0.01,"9":0.01,"10":0.025},"param_population_size":{"0":500,"1":500,"2":1000,"3":1000,"4":500,"5":500,"6":1000,"7":1000,"8":1000,"9":500,"10":500},"param_tournament_size":{"0":15,"1":30,"2":15,"3":30,"4":15,"5":30,"6":15,"7":30,"8":30,"9":30,"10":30},"params":{"0":{"parsimony_coefficient":0.025,"population_size":500,"tournament_size":15},"1":{"parsimony_coefficient":0.025,"population_size":500,"tournament_size":30},"2":{"parsimony_coefficient":0.025,"population_size":1000,"tournament_size":15},"3":{"parsimony_coefficient":0.025,"population_size":1000,"tournament_size":30},"4":{"parsimony_coefficient":0.01,"population_size":500,"tournament_size":15},"5":{"parsimony_coefficient":0.01,"population_size":500,"tournament_size":30},"6":{"parsimony_coefficient":0.01,"population_size":1000,"tournament_size":15},"7":{"parsimony_coefficient":0.01,"population_size":1000,"tournament_size":30},"8":{"parsimony_coefficient":0.01,"population_size":1000,"tournament_size":30},"9":{"parsimony_coefficient":0.01,"population_size":500,"tournament_size":30},"10":{"parsimony_coefficient":0.025,"population_size":500,"tournament_size":30}},"split0_test_score":{"0":0.9178532311,"1":0.9178532311,"2":0.9178532311,"3":0.9178532311,"4":0.9178532311,"5":0.9178532311,"6":0.9178532311,"7":0.9178532311,"8":0.8949288581,"9":0.9215614739,"10":0.9215614739},"split1_test_score":{"0":0.9003285871,"1":0.9299014239,"2":0.9003285871,"3":0.9003285871,"4":0.9003285871,"5":0.9299014239,"6":0.9003285871,"7":0.9003285871,"8":0.9018606348,"9":0.928858081,"10":0.928858081},"split2_test_score":{"0":0.9090909091,"1":0.9320920044,"2":0.9090909091,"3":0.9090909091,"4":0.9090909091,"5":0.9320920044,"6":0.9090909091,"7":0.9090909091,"8":0.905144108,"9":0.9299525721,"10":0.9299525721},"split3_test_score":{"0":0.8970427163,"1":0.9309967141,"2":0.8970427163,"3":0.8970427163,"4":0.8970427163,"5":0.8970427163,"6":0.8970427163,"7":0.8970427163,"8":0.9044144473,"9":0.9292229113,"10":0.9292229113},"split4_test_score":{"0":0.8882803943,"1":0.9299014239,"2":0.8882803943,"3":0.8882803943,"4":0.8882803943,"5":0.9299014239,"6":0.8882803943,"7":0.8882803943,"8":0.9054744526,"9":0.9350364964,"10":0.9350364964},"mean_test_score":{"0":0.9025191676,"1":0.9281489595,"2":0.9025191676,"3":0.9025191676,"4":0.9025191676,"5":0.9213581599,"6":0.9025191676,"7":0.9025191676,"8":0.9023645001,"9":0.9289263069,"10":0.9289263069},"std_test_score":{"0":0.0101573039,"1":0.0052115563,"2":0.0101573039,"3":0.0101573039,"4":0.0101573039,"5":0.0131507829,"6":0.0101573039,"7":0.0101573039,"8":0.0039279246,"9":0.0043062984,"10":0.0043062984},"rank_test_score":{"0":5,"1":3,"2":5,"3":5,"4":5,"5":4,"6":5,"7":5,"8":11,"9":1,"10":1},"split0_train_score":{"0":0.9288451013,"1":0.9288451013,"2":0.9288451013,"3":0.9288451013,"4":0.9288451013,"5":0.9288451013,"6":0.9288451013,"7":0.9288451013,"8":0.9042232965,"9":0.9307671258,"10":0.9307671258},"split1_train_score":{"0":0.9047619048,"1":0.9291187739,"2":0.9047619048,"3":0.9047619048,"4":0.9047619048,"5":0.9291187739,"6":0.9047619048,"7":0.9047619048,"8":0.9024901943,"9":0.9289428076,"10":0.9289428076},"split2_train_score":{"0":0.903667214,"1":0.9272030651,"2":0.903667214,"3":0.903667214,"4":0.903667214,"5":0.9272030651,"6":0.903667214,"7":0.903667214,"8":0.9016692511,"9":0.9286691599,"10":0.9286691599},"split3_train_score":{"0":0.9044882321,"1":0.9293924466,"2":0.9044882321,"3":0.9044882321,"4":0.9044882321,"5":0.903667214,"6":0.9044882321,"7":0.9044882321,"8":0.9018516829,"9":0.9288515917,"10":0.9288515917},"split4_train_score":{"0":0.9022988506,"1":0.9274767378,"2":0.9022988506,"3":0.9022988506,"4":0.9022988506,"5":0.9274767378,"6":0.9022988506,"7":0.9022988506,"8":0.901587012,"9":0.9273987596,"10":0.9273987596},"mean_train_score":{"0":0.9088122605,"1":0.928407225,"2":0.9088122605,"3":0.9088122605,"4":0.9088122605,"5":0.9232621784,"6":0.9088122605,"7":0.9088122605,"8":0.9023642874,"9":0.9289258889,"10":0.9289258889},"std_train_score":{"0":0.0100529928,"1":0.0008926933,"2":0.0100529928,"3":0.0100529928,"4":0.0100529928,"5":0.0098257261,"6":0.0100529928,"7":0.0100529928,"8":0.0009820146,"9":0.0010764751,"10":0.0010764751}}