{"iter":{"0":0,"1":0,"2":0,"3":0,"4":0,"5":0,"6":0,"7":0,"8":1,"9":1,"10":1},"n_resources":{"0":4568,"1":4568,"2":4568,"3":4568,"4":4568,"5":4568,"6":4568,"7":4568,"8":13704,"9":13704,"10":13704},"mean_fit_time":{"0":14.7392620564,"1":14.7317367077,"2":24.9866475582,"3":25.2091650009,"4":14.6227337837,"5":14.8401491642,"6":25.2487552643,"7":25.1368952751,"8":26.372914505,"9":15.2925611496,"10":14.9693347931},"std_fit_time":{"0":0.1654694897,"1":0.3007485374,"2":0.241942082,"3":0.3894456445,"4":0.2841881863,"5":0.1572238964,"6":0.2025122044,"7":0.3344934617,"8":0.1513852037,"9":0.3333561522,"10":0.121423741},"mean_score_time":{"0":0.0007479668,"1":0.0007212162,"2":0.0006351471,"3":0.0006310463,"4":0.0007511616,"5":0.0006864548,"6":0.000632143,"7":0.0006302834,"8":0.0007543564,"9":0.0009138107,"10":0.0008289814},"std_score_time":{"0":0.0000295833,"1":0.0000061732,"2":0.0000115203,"3":0.0000083281,"4":0.0000876693,"5":0.0000568696,"6":0.0000056834,"7":0.0000056714,"8":0.0000154822,"9":0.0001039736,"10":0.0000751877},"param_parsimony_coefficient":{"0":0.025,"1":0.025,"2":0.025,"3":0.025,"4":0.01,"5":0.01,"6":0.01,"7":0.01,"8":0.01,"9":0.025,"10":0.01},"param_population_size":{"0":500,"1":500,"2":1000,"3":1000,"4":500,"5":500,"6":1000,"7":1000,"8":1000,"9":500,"10":500},"param_tournament_size":{"0":15,"1":30,"2":15,"3":30,"4":15,"5":30,"6":15,"7":30,"8":30,"9":30,"10":30},"params":{"0":{"parsimony_coefficient":0.025,"population_size":500,"tournament_size":15},"1":{"parsimony_coefficient":0.025,"population_size":500,"tournament_size":30},"2":{"parsimony_coefficient":0.025,"population_size":1000,"tournament_size":15},"3":{"parsimony_coefficient":0.025,"population_size":1000,"tournament_size":30},"4":{"parsimony_coefficient":0.01,"population_size":500,"tournament_size":15},"5":{"parsimony_coefficient":0.01,"population_size":500,"tournament_size":30},"6":{"parsimony_coefficient":0.01,"population_size":1000,"tournament_size":15},"7":{"parsimony_coefficient":0.01,"population_size":1000,"tournament_size":30},"8":{"parsimony_coefficient":0.01,"population_size":1000,"tournament_size":30},"9":{"parsimony_coefficient":0.025,"population_size":500,"tournament_size":30},"10":{"parsimony_coefficient":0.01,"population_size":500,"tournament_size":30}},"split0_test_score":{"0":0.9014238773,"1":0.9222343921,"2":0.9014238773,"3":0.9014238773,"4":0.9014238773,"5":0.9222343921,"6":0.9014238773,"7":0.9014238773,"8":0.8945640277,"9":0.9204669829,"10":0.9204669829},"split1_test_score":{"0":0.9090909091,"1":0.9353778751,"2":0.9090909091,"3":0.9090909091,"4":0.9090909091,"5":0.9353778751,"6":0.9090909091,"7":0.9090909091,"8":0.9025902955,"9":0.9292229113,"10":0.9292229113},"split2_test_score":{"0":0.9047097481,"1":0.9408543264,"2":0.9047097481,"3":0.9047097481,"4":0.9047097481,"5":0.9408543264,"6":0.9047097481,"7":0.9047097481,"8":0.9098869026,"9":0.9361546881,"10":0.9361546881},"split3_test_score":{"0":0.9364731654,"1":0.9364731654,"2":0.9364731654,"3":0.9364731654,"4":0.9364731654,"5":0.9364731654,"6":0.9364731654,"7":0.9364731654,"8":0.9055089383,"9":0.9292229113,"10":0.9292229113},"split4_test_score":{"0":0.9014238773,"1":0.9255202629,"2":0.9014238773,"3":0.9014238773,"4":0.9014238773,"5":0.9255202629,"6":0.9014238773,"7":0.9014238773,"8":0.903649635,"9":0.9284671533,"10":0.9284671533},"mean_test_score":{"0":0.9106243154,"1":0.9320920044,"2":0.9106243154,"3":0.9106243154,"4":0.9106243154,"5":0.9320920044,"6":0.9106243154,"7":0.9106243154,"8":0.9032399598,"9":0.9287069294,"10":0.9287069294},"std_test_score":{"0":0.0132271887,"1":0.0070303643,"2":0.0132271887,"3":0.0132271887,"4":0.0132271887,"5":0.0070303643,"6":0.0132271887,"7":0.0132271887,"8":0.0050038347,"9":0.0049790721,"10":0.0049790721},"rank_test_score":{"0":5,"1":1,"2":5,"3":5,"4":5,"5":1,"6":5,"7":5,"8":11,"9":3,"10":3},"split0_train_score":{"0":0.9083196497,"1":0.9337712096,"2":0.9083196497,"3":0.9083196497,"4":0.9083196497,"5":0.9337712096,"6":0.9083196497,"7":0.9083196497,"8":0.9054091033,"9":0.9307671258,"10":0.9307671258},"split1_train_score":{"0":0.9099616858,"1":0.9340448823,"2":0.9099616858,"3":0.9099616858,"4":0.9099616858,"5":0.9340448823,"6":0.9099616858,"7":0.9099616858,"8":0.9034023534,"9":0.928577944,"10":0.928577944},"split2_train_score":{"0":0.8987411056,"1":0.925561029,"2":0.8987411056,"3":0.8987411056,"4":0.8987411056,"5":0.925561029,"6":0.8987411056,"7":0.8987411056,"8":0.9015780352,"9":0.9268448417,"10":0.9268448417},"split3_train_score":{"0":0.9324028462,"1":0.9324028462,"2":0.9324028462,"3":0.9324028462,"4":0.9324028462,"5":0.9324028462,"6":0.9324028462,"7":0.9324028462,"8":0.9026726261,"9":0.928577944,"10":0.928577944},"split4_train_score":{"0":0.8990147783,"1":0.9241926656,"2":0.8990147783,"3":0.8990147783,"4":0.8990147783,"5":0.9241926656,"6":0.8990147783,"7":0.8990147783,"8":0.903137541,"9":0.9287668734,"10":0.9287668734},"mean_train_score":{"0":0.9096880131,"1":0.9299945265,"2":0.9096880131,"3":0.9096880131,"4":0.9096880131,"5":0.9299945265,"6":0.9096880131,"7":0.9096880131,"8":0.9032399318,"9":0.9287069458,"10":0.9287069458},"std_train_score":{"0":0.0122610251,"1":0.0042375987,"2":0.0122610251,"3":0.0122610251,"4":0.0122610251,"5":0.0042375987,"6":0.0122610251,"7":0.0122610251,"8":0.001251072,"9":0.0012448813,"10":0.0012448813}}