{"iter":{"0":0,"1":0,"2":0,"3":0,"4":0,"5":0,"6":0,"7":0,"8":1,"9":1,"10":1},"n_resources":{"0":4568,"1":4568,"2":4568,"3":4568,"4":4568,"5":4568,"6":4568,"7":4568,"8":13704,"9":13704,"10":13704},"mean_fit_time":{"0":14.7285217762,"1":14.9381453514,"2":25.1553484917,"3":25.3209754944,"4":14.8205214024,"5":14.8702982903,"6":24.8455567837,"7":25.2028361797,"8":26.6114571095,"9":15.1812114716,"10":15.1337999821},"std_fit_time":{"0":0.231975184,"1":0.3474978473,"2":0.3197855287,"3":0.3163866681,"4":0.2707752974,"5":0.4211635622,"6":0.3601875175,"7":0.171918724,"8":0.2663401133,"9":0.2048529685,"10":0.2937755315},"mean_score_time":{"0":0.0007240772,"1":0.0007497311,"2":0.0006228447,"3":0.0006236076,"4":0.0007096767,"5":0.0007946014,"6":0.000614357,"7":0.0006415367,"8":0.0007644653,"9":0.0008571625,"10":0.0008986473},"std_score_time":{"0":0.0000815711,"1":0.0000511621,"2":0.0000060515,"3":0.0000155251,"4":0.0000421578,"5":0.0001513654,"6":0.0000099799,"7":0.0000183129,"8":0.0000128716,"9":0.0000938698,"10":0.000021988},"param_parsimony_coefficient":{"0":0.025,"1":0.025,"2":0.025,"3":0.025,"4":0.01,"5":0.01,"6":0.01,"7":0.01,"8":0.01,"9":0.01,"10":0.025},"param_population_size":{"0":500,"1":500,"2":1000,"3":1000,"4":500,"5":500,"6":1000,"7":1000,"8":1000,"9":500,"10":500},"param_tournament_size":{"0":15,"1":30,"2":15,"3":30,"4":15,"5":30,"6":15,"7":30,"8":30,"9":30,"10":30},"params":{"0":{"parsimony_coefficient":0.025,"population_size":500,"tournament_size":15},"1":{"parsimony_coefficient":0.025,"population_size":500,"tournament_size":30},"2":{"parsimony_coefficient":0.025,"population_size":1000,"tournament_size":15},"3":{"parsimony_coefficient":0.025,"population_size":1000,"tournament_size":30},"4":{"parsimony_coefficient":0.01,"population_size":500,"tournament_size":15},"5":{"parsimony_coefficient":0.01,"population_size":500,"tournament_size":30},"6":{"parsimony_coefficient":0.01,"population_size":1000,"tournament_size":15},"7":{"parsimony_coefficient":0.01,"population_size":1000,"tournament_size":30},"8":{"parsimony_coefficient":0.01,"population_size":1000,"tournament_size":30},"9":{"parsimony_coefficient":0.01,"population_size":500,"tournament_size":30},"10":{"parsimony_coefficient":0.025,"population_size":500,"tournament_size":30}},"split0_test_score":{"0":0.9047097481,"1":0.9288061336,"2":0.9047097481,"3":0.9047097481,"4":0.9047097481,"5":0.9288061336,"6":0.9047097481,"7":0.9047097481,"8":0.8985771616,"9":0.9255746078,"10":0.9255746078},"split1_test_score":{"0":0.9244249726,"1":0.9244249726,"2":0.9244249726,"3":0.9244249726,"4":0.9244249726,"5":0.9244249726,"6":0.9244249726,"7":0.9244249726,"8":0.9007661437,"9":0.9263042685,"10":0.9263042685},"split2_test_score":{"0":0.9189485214,"1":0.9441401972,"2":0.9189485214,"3":0.9189485214,"4":0.9189485214,"5":0.9189485214,"6":0.9189485214,"7":0.9189485214,"8":0.9109813937,"9":0.9394381613,"10":0.9394381613},"split3_test_score":{"0":0.8981380066,"1":0.9342825849,"2":0.8981380066,"3":0.8981380066,"4":0.8981380066,"5":0.9342825849,"6":0.8981380066,"7":0.8981380066,"8":0.9025902955,"9":0.9299525721,"10":0.9299525721},"split4_test_score":{"0":0.8992332968,"1":0.9244249726,"2":0.8992332968,"3":0.8992332968,"4":0.8992332968,"5":0.8981380066,"6":0.8992332968,"7":0.8992332968,"8":0.9058394161,"9":0.9321167883,"10":0.9321167883},"mean_test_score":{"0":0.9090909091,"1":0.9312157722,"2":0.9090909091,"3":0.9090909091,"4":0.9090909091,"5":0.9209200438,"6":0.9090909091,"7":0.9090909091,"8":0.9037508821,"9":0.9306772796,"10":0.9306772796},"std_test_score":{"0":0.0106643255,"1":0.0074092156,"2":0.0106643255,"3":0.0106643255,"4":0.0106643255,"5":0.0124574521,"6":0.0106643255,"7":0.0106643255,"8":0.00432817,"9":0.0049902088,"10":0.0049902088},"rank_test_score":{"0":5,"1":1,"2":5,"3":5,"4":5,"5":4,"6":5,"7":5,"8":11,"9":2,"10":2},"split0_train_score":{"0":0.9077723043,"1":0.9329501916,"2":0.9077723043,"3":0.9077723043,"4":0.9077723043,"5":0.9329501916,"6":0.9077723043,"7":0.9077723043,"8":0.9050442397,"9":0.9319529326,"10":0.9319529326},"split1_train_score":{"0":0.9326765189,"1":0.9326765189,"2":0.9326765189,"3":0.9326765189,"4":0.9326765189,"5":0.9326765189,"6":0.9326765189,"7":0.9326765189,"8":0.9044969443,"9":0.9317705008,"10":0.9317705008},"split2_train_score":{"0":0.8990147783,"1":0.9258347017,"2":0.8990147783,"3":0.8990147783,"4":0.8990147783,"5":0.8987411056,"6":0.8990147783,"7":0.8990147783,"8":0.9019428988,"9":0.9284867281,"10":0.9284867281},"split3_train_score":{"0":0.9028461959,"1":0.9266557198,"2":0.9028461959,"3":0.9028461959,"4":0.9028461959,"5":0.9266557198,"6":0.9028461959,"7":0.9028461959,"8":0.9040408647,"9":0.9308583417,"10":0.9308583417},"split4_train_score":{"0":0.9074986316,"1":0.9324028462,"2":0.9074986316,"3":0.9074986316,"4":0.9074986316,"5":0.9072249589,"6":0.9074986316,"7":0.9074986316,"8":0.9032287486,"9":0.9303174024,"10":0.9303174024},"mean_train_score":{"0":0.9099616858,"1":0.9301039956,"2":0.9099616858,"3":0.9099616858,"4":0.9099616858,"5":0.919649699,"6":0.9099616858,"7":0.9099616858,"8":0.9037507392,"9":0.9306771811,"10":0.9306771811},"std_train_score":{"0":0.0118092222,"1":0.0031660985,"2":0.0118092222,"3":0.0118092222,"4":0.0118092222,"5":0.0140515402,"6":0.0118092222,"7":0.0118092222,"8":0.0010821182,"9":0.0012476565,"10":0.0012476565}}