{"iter":{"0":0,"1":0,"2":0,"3":0,"4":0,"5":0,"6":0,"7":0,"8":1,"9":1,"10":1},"n_resources":{"0":4568,"1":4568,"2":4568,"3":4568,"4":4568,"5":4568,"6":4568,"7":4568,"8":13704,"9":13704,"10":13704},"mean_fit_time":{"0":14.5589234352,"1":14.8780998707,"2":25.150540781,"3":25.2355772018,"4":14.6156724453,"5":14.5130909443,"6":25.2451673985,"7":25.2090453625,"8":26.3647374153,"9":15.1604168415,"10":15.0916942596},"std_fit_time":{"0":0.3544640815,"1":0.1105950947,"2":0.2143421675,"3":0.1990754044,"4":0.1828439588,"5":0.4269297396,"6":0.163859591,"7":0.1757800496,"8":0.3352629624,"9":0.3717074416,"10":0.2820513028},"mean_score_time":{"0":0.0007386208,"1":0.0006971359,"2":0.0006363392,"3":0.0006356716,"4":0.0006937981,"5":0.0007671833,"6":0.0006387711,"7":0.0006323814,"8":0.000755024,"9":0.0009018898,"10":0.0009118557},"std_score_time":{"0":0.0000768312,"1":0.0000489895,"2":0.0000109205,"3":0.0000063768,"4":0.0000602087,"5":0.0001037074,"6":0.0000049586,"7":0.0000112139,"8":0.0000274177,"9":0.000037157,"10":0.0001010224},"param_parsimony_coefficient":{"0":0.025,"1":0.025,"2":0.025,"3":0.025,"4":0.01,"5":0.01,"6":0.01,"7":0.01,"8":0.01,"9":0.01,"10":0.025},"param_population_size":{"0":500,"1":500,"2":1000,"3":1000,"4":500,"5":500,"6":1000,"7":1000,"8":1000,"9":500,"10":500},"param_tournament_size":{"0":15,"1":30,"2":15,"3":30,"4":15,"5":30,"6":15,"7":30,"8":30,"9":30,"10":30},"params":{"0":{"parsimony_coefficient":0.025,"population_size":500,"tournament_size":15},"1":{"parsimony_coefficient":0.025,"population_size":500,"tournament_size":30},"2":{"parsimony_coefficient":0.025,"population_size":1000,"tournament_size":15},"3":{"parsimony_coefficient":0.025,"population_size":1000,"tournament_size":30},"4":{"parsimony_coefficient":0.01,"population_size":500,"tournament_size":15},"5":{"parsimony_coefficient":0.01,"population_size":500,"tournament_size":30},"6":{"parsimony_coefficient":0.01,"population_size":1000,"tournament_size":15},"7":{"parsimony_coefficient":0.01,"population_size":1000,"tournament_size":30},"8":{"parsimony_coefficient":0.01,"population_size":1000,"tournament_size":30},"9":{"parsimony_coefficient":0.01,"population_size":500,"tournament_size":30},"10":{"parsimony_coefficient":0.025,"population_size":500,"tournament_size":30}},"split0_test_score":{"0":0.9069003286,"1":0.9364731654,"2":0.9069003286,"3":0.9069003286,"4":0.9069003286,"5":0.9069003286,"6":0.9069003286,"7":0.9069003286,"8":0.9011309741,"9":0.9252097775,"10":0.9252097775},"split1_test_score":{"0":0.8992332968,"1":0.9342825849,"2":0.8992332968,"3":0.8992332968,"4":0.8992332968,"5":0.9342825849,"6":0.8992332968,"7":0.8992332968,"8":0.9047792776,"9":0.9299525721,"10":0.9299525721},"split2_test_score":{"0":0.9156626506,"1":0.9386637459,"2":0.9156626506,"3":0.9156626506,"4":0.9156626506,"5":0.9386637459,"6":0.9156626506,"7":0.9156626506,"8":0.9062385991,"9":0.9354250274,"10":0.9354250274},"split3_test_score":{"0":0.8948521358,"1":0.9320920044,"2":0.8948521358,"3":0.8948521358,"4":0.8948521358,"5":0.9320920044,"6":0.8948521358,"7":0.8948521358,"8":0.8978475009,"9":0.9270339292,"10":0.9270339292},"split4_test_score":{"0":0.9079956188,"1":0.9353778751,"2":0.9079956188,"3":0.9079956188,"4":0.9079956188,"5":0.9079956188,"6":0.9079956188,"7":0.9079956188,"8":0.9083941606,"9":0.9357664234,"10":0.9357664234},"mean_test_score":{"0":0.9049288061,"1":0.9353778751,"2":0.9049288061,"3":0.9049288061,"4":0.9049288061,"5":0.9239868565,"6":0.9049288061,"7":0.9049288061,"8":0.9036781025,"9":0.9306775459,"10":0.9306775459},"std_test_score":{"0":0.007245492,"1":0.0021905805,"2":0.007245492,"3":0.007245492,"4":0.007245492,"5":0.0136731536,"6":0.007245492,"7":0.007245492,"8":0.0037548292,"9":0.004292628,"10":0.004292628},"rank_test_score":{"0":5,"1":1,"2":5,"3":5,"4":5,"5":4,"6":5,"7":5,"8":11,"9":2,"10":2},"split0_train_score":{"0":0.9064039409,"1":0.9334975369,"2":0.9064039409,"3":0.9064039409,"4":0.9064039409,"5":0.9064039409,"6":0.9064039409,"7":0.9064039409,"8":0.9043145125,"9":0.9320441485,"10":0.9320441485},"split1_train_score":{"0":0.899288451,"1":0.9324028462,"2":0.899288451,"3":0.899288451,"4":0.899288451,"5":0.9324028462,"6":0.899288451,"7":0.899288451,"8":0.9034023534,"9":0.9308583417,"10":0.9308583417},"split2_train_score":{"0":0.9129720854,"1":0.9392446634,"2":0.9129720854,"3":0.9129720854,"4":0.9129720854,"5":0.9392446634,"6":0.9129720854,"7":0.9129720854,"8":0.9030374897,"9":0.9294901031,"10":0.9294901031},"split3_train_score":{"0":0.9022988506,"1":0.9282977559,"2":0.9022988506,"3":0.9022988506,"4":0.9022988506,"5":0.9282977559,"6":0.9022988506,"7":0.9022988506,"8":0.9051354556,"9":0.931588069,"10":0.931588069},"split4_train_score":{"0":0.9028461959,"1":0.9269293924,"2":0.9028461959,"3":0.9028461959,"4":0.9028461959,"5":0.9022988506,"6":0.9028461959,"7":0.9028461959,"8":0.9024990879,"9":0.9294053265,"10":0.9294053265},"mean_train_score":{"0":0.9047619048,"1":0.932074439,"2":0.9047619048,"3":0.9047619048,"4":0.9047619048,"5":0.9217296114,"6":0.9047619048,"7":0.9047619048,"8":0.9036777798,"9":0.9306771978,"10":0.9306771978},"std_train_score":{"0":0.0046861204,"1":0.00434235,"2":0.0046861204,"3":0.0046861204,"4":0.0046861204,"5":0.0146715108,"6":0.0046861204,"7":0.0046861204,"8":0.0009386579,"9":0.0010731173,"10":0.0010731173}}