{"iter":{"0":0,"1":0,"2":0,"3":0,"4":0,"5":0,"6":0,"7":0,"8":1,"9":1,"10":1},"n_resources":{"0":4584,"1":4584,"2":4584,"3":4584,"4":4584,"5":4584,"6":4584,"7":4584,"8":13752,"9":13752,"10":13752},"mean_fit_time":{"0":14.6950951099,"1":15.3296639919,"2":26.2043839455,"3":25.6259831905,"4":15.6561047554,"5":16.011309576,"6":26.0891843796,"7":26.2464258671,"8":27.427322197,"9":27.4830512524,"10":16.6977820396},"std_fit_time":{"0":0.2238339123,"1":0.3724998668,"2":0.2033700527,"3":0.1489909761,"4":0.3318414569,"5":0.2928668626,"6":0.395341611,"7":0.2663047778,"8":0.1072201912,"9":0.2120233903,"10":0.0980643782},"mean_score_time":{"0":0.000744915,"1":0.000697279,"2":0.0006589413,"3":0.0006360531,"4":0.0008143425,"5":0.0008547306,"6":0.0006371975,"7":0.0006364346,"8":0.0008020401,"9":0.0007925034,"10":0.0011628151},"std_score_time":{"0":0.0001045906,"1":0.0000660471,"2":0.0000260522,"3":0.0000092282,"4":0.0000339314,"5":0.000098853,"6":0.0000038075,"7":0.000019342,"8":0.0000575732,"9":0.0000271211,"10":0.0001468133},"param_parsimony_coefficient":{"0":0.025,"1":0.025,"2":0.025,"3":0.025,"4":0.01,"5":0.01,"6":0.01,"7":0.01,"8":0.01,"9":0.01,"10":0.01},"param_population_size":{"0":500,"1":500,"2":1000,"3":1000,"4":500,"5":500,"6":1000,"7":1000,"8":1000,"9":1000,"10":500},"param_tournament_size":{"0":15,"1":30,"2":15,"3":30,"4":15,"5":30,"6":15,"7":30,"8":15,"9":30,"10":30},"params":{"0":{"parsimony_coefficient":0.025,"population_size":500,"tournament_size":15},"1":{"parsimony_coefficient":0.025,"population_size":500,"tournament_size":30},"2":{"parsimony_coefficient":0.025,"population_size":1000,"tournament_size":15},"3":{"parsimony_coefficient":0.025,"population_size":1000,"tournament_size":30},"4":{"parsimony_coefficient":0.01,"population_size":500,"tournament_size":15},"5":{"parsimony_coefficient":0.01,"population_size":500,"tournament_size":30},"6":{"parsimony_coefficient":0.01,"population_size":1000,"tournament_size":15},"7":{"parsimony_coefficient":0.01,"population_size":1000,"tournament_size":30},"8":{"parsimony_coefficient":0.01,"population_size":1000,"tournament_size":15},"9":{"parsimony_coefficient":0.01,"population_size":1000,"tournament_size":30},"10":{"parsimony_coefficient":0.01,"population_size":500,"tournament_size":30}},"split0_test_score":{"0":0.9051254089,"1":0.907306434,"2":0.9171210469,"3":0.907306434,"4":0.9051254089,"5":0.9182115594,"6":0.9171210469,"7":0.9171210469,"8":0.9203925845,"9":0.9203925845,"10":0.9207560887},"split1_test_score":{"0":0.6946564885,"1":0.9040348964,"2":0.9138495093,"3":0.9051254089,"4":0.9149400218,"5":0.9171210469,"6":0.9138495093,"7":0.9138495093,"8":0.9127589967,"9":0.9127589967,"10":0.9145765176},"split2_test_score":{"0":0.7358078603,"1":0.9301310044,"2":0.9388646288,"3":0.9192139738,"4":0.9475982533,"5":0.942139738,"6":0.9388646288,"7":0.9388646288,"8":0.9330909091,"9":0.9330909091,"10":0.9352727273},"split3_test_score":{"0":0.864628821,"1":0.9126637555,"2":0.9203056769,"3":0.9093886463,"4":0.9082969432,"5":0.923580786,"6":0.9203056769,"7":0.9203056769,"8":0.9229090909,"9":0.9229090909,"10":0.9258181818},"split4_test_score":{"0":0.6888646288,"1":0.9159388646,"2":0.9246724891,"3":0.9115720524,"4":0.9246724891,"5":0.9246724891,"6":0.9246724891,"7":0.9246724891,"8":0.9229090909,"9":0.9229090909,"10":0.9250909091},"mean_test_score":{"0":0.7778166415,"1":0.914014991,"2":0.9229626702,"3":0.9105213031,"4":0.9201266233,"5":0.9251451239,"6":0.9229626702,"7":0.9229626702,"8":0.9224121344,"9":0.9224121344,"10":0.9243028849},"std_test_score":{"0":0.0898183568,"1":0.0090538394,"2":0.008718138,"3":0.0048456283,"4":0.0152789656,"5":0.0089882988,"6":0.008718138,"7":0.008718138,"8":0.0065083302,"9":0.0065083302,"10":0.0067887632},"rank_test_score":{"0":11,"1":9,"2":3,"3":10,"4":8,"5":1,"6":3,"7":3,"8":6,"9":6,"10":2},"split0_train_score":{"0":0.9091900736,"1":0.911644396,"2":0.9236433052,"3":0.9020998091,"4":0.9091900736,"5":0.9255522225,"6":0.9236433052,"7":0.9236433052,"8":0.9229160985,"9":0.9229160985,"10":0.9251886192},"split1_train_score":{"0":0.725388601,"1":0.9173711481,"2":0.92637033,"3":0.911644396,"4":0.92637033,"5":0.9274611399,"6":0.92637033,"7":0.92637033,"8":0.9248250159,"9":0.9248250159,"10":0.9267339333},"split2_train_score":{"0":0.7139350968,"1":0.910553586,"2":0.919007363,"3":0.9075538587,"4":0.9233706027,"5":0.9206435779,"6":0.919007363,"7":0.919007363,"8":0.9197418651,"9":0.9197418651,"10":0.9215597164},"split3_train_score":{"0":0.8505590401,"1":0.9121898009,"2":0.9217343878,"3":0.9050995364,"4":0.9083719662,"5":0.9233706027,"6":0.9217343878,"7":0.9217343878,"8":0.9222868569,"9":0.9222868569,"10":0.9239229231},"split4_train_score":{"0":0.7172075266,"1":0.9195527679,"2":0.9282792473,"3":0.9130079084,"4":0.9266430325,"5":0.9293700573,"6":0.9282792473,"7":0.9282792473,"8":0.9222868569,"9":0.9222868569,"10":0.9241047082},"mean_train_score":{"0":0.7832560676,"1":0.9142623398,"2":0.9238069266,"3":0.9078811017,"4":0.918789201,"5":0.92527952,"6":0.9238069266,"7":0.9238069266,"8":0.9224113387,"9":0.9224113387,"10":0.9243019801},"std_train_score":{"0":0.081123997,"1":0.003537152,"2":0.0032842256,"3":0.0040426246,"4":0.0082559973,"5":0.003056215,"6":0.0032842256,"7":0.0032842256,"8":0.0016271263,"9":0.0016271263,"10":0.001697241}}