{"iter":{"0":0,"1":0,"2":0,"3":0,"4":0,"5":0,"6":0,"7":0,"8":1,"9":1,"10":1},"n_resources":{"0":4584,"1":4584,"2":4584,"3":4584,"4":4584,"5":4584,"6":4584,"7":4584,"8":13752,"9":13752,"10":13752},"mean_fit_time":{"0":14.8472153187,"1":15.3078071117,"2":25.9098081589,"3":25.0144001484,"4":15.7427262306,"5":15.7772078037,"6":26.2907439232,"7":26.2191312313,"8":27.6858178139,"9":27.3665399551,"10":16.4119463444},"std_fit_time":{"0":0.4391312152,"1":0.1089863694,"2":0.5019229679,"3":0.4120440323,"4":0.3716546752,"5":0.1495708159,"6":0.2290852535,"7":0.4034058349,"8":0.2281350094,"9":0.1321297161,"10":0.2796324185},"mean_score_time":{"0":0.000740099,"1":0.0007800102,"2":0.0007234573,"3":0.000617981,"4":0.0008405685,"5":0.0008827209,"6":0.0006651878,"7":0.0006456375,"8":0.0007967472,"9":0.0007921696,"10":0.0009610176},"std_score_time":{"0":0.000009818,"1":0.0000690457,"2":0.0001095172,"3":0.0000189875,"4":0.0001524215,"5":0.0001292909,"6":0.0000399045,"7":0.000036939,"8":0.0000259447,"9":0.0000540018,"10":0.0000604425},"param_parsimony_coefficient":{"0":0.025,"1":0.025,"2":0.025,"3":0.025,"4":0.01,"5":0.01,"6":0.01,"7":0.01,"8":0.01,"9":0.01,"10":0.01},"param_population_size":{"0":500,"1":500,"2":1000,"3":1000,"4":500,"5":500,"6":1000,"7":1000,"8":1000,"9":1000,"10":500},"param_tournament_size":{"0":15,"1":30,"2":15,"3":30,"4":15,"5":30,"6":15,"7":30,"8":15,"9":30,"10":30},"params":{"0":{"parsimony_coefficient":0.025,"population_size":500,"tournament_size":15},"1":{"parsimony_coefficient":0.025,"population_size":500,"tournament_size":30},"2":{"parsimony_coefficient":0.025,"population_size":1000,"tournament_size":15},"3":{"parsimony_coefficient":0.025,"population_size":1000,"tournament_size":30},"4":{"parsimony_coefficient":0.01,"population_size":500,"tournament_size":15},"5":{"parsimony_coefficient":0.01,"population_size":500,"tournament_size":30},"6":{"parsimony_coefficient":0.01,"population_size":1000,"tournament_size":15},"7":{"parsimony_coefficient":0.01,"population_size":1000,"tournament_size":30},"8":{"parsimony_coefficient":0.01,"population_size":1000,"tournament_size":15},"9":{"parsimony_coefficient":0.01,"population_size":1000,"tournament_size":30},"10":{"parsimony_coefficient":0.01,"population_size":500,"tournament_size":30}},"split0_test_score":{"0":0.6892039258,"1":0.9105779716,"2":0.919302072,"3":0.9062159215,"4":0.9214830971,"5":0.919302072,"6":0.919302072,"7":0.919302072,"8":0.9225736096,"9":0.9225736096,"10":0.9236641221},"split1_test_score":{"0":0.8985823337,"1":0.9040348964,"2":0.919302072,"3":0.8953107961,"4":0.9105779716,"5":0.9203925845,"6":0.919302072,"7":0.919302072,"8":0.9160305344,"9":0.9160305344,"10":0.9174845511},"split2_test_score":{"0":0.7368995633,"1":0.9159388646,"2":0.923580786,"3":0.9148471616,"4":0.9126637555,"5":0.923580786,"6":0.923580786,"7":0.923580786,"8":0.9269090909,"9":0.9269090909,"10":0.9287272727},"split3_test_score":{"0":0.8995633188,"1":0.903930131,"2":0.8930131004,"3":0.8930131004,"4":0.9115720524,"5":0.9159388646,"6":0.9126637555,"7":0.9126637555,"8":0.9232727273,"9":0.9232727273,"10":0.9258181818},"split4_test_score":{"0":0.7074235808,"1":0.9137554585,"2":0.9181222707,"3":0.8973799127,"4":0.9301310044,"5":0.9181222707,"6":0.9181222707,"7":0.9181222707,"8":0.9178181818,"9":0.9178181818,"10":0.9196363636},"mean_test_score":{"0":0.7863345445,"1":0.9096474644,"2":0.9146640602,"3":0.9013533784,"4":0.9172855762,"5":0.9194673156,"6":0.9185941912,"7":0.9185941912,"8":0.9213208288,"9":0.9213208288,"10":0.9230660983},"std_test_score":{"0":0.093301057,"1":0.0049297464,"2":0.010984112,"3":0.008094294,"4":0.007504955,"5":0.0025323183,"6":0.003500317,"7":0.003500317,"8":0.0039208109,"9":0.0039208109,"10":0.0040717869},"rank_test_score":{"0":11,"1":9,"2":8,"3":10,"4":7,"5":4,"6":5,"7":5,"8":2,"9":2,"10":1},"split0_train_score":{"0":0.7169348241,"1":0.9176438506,"2":0.9266430325,"3":0.9187346605,"4":0.9364603218,"5":0.9285519498,"6":0.9266430325,"7":0.9266430325,"8":0.9210071812,"9":0.9210071812,"10":0.9229160985},"split1_train_score":{"0":0.9146441233,"1":0.917916553,"2":0.92527952,"3":0.9124625034,"4":0.9282792473,"5":0.92637033,"6":0.92527952,"7":0.92527952,"8":0.9226433961,"9":0.9226433961,"10":0.9244614126},"split2_train_score":{"0":0.7084810472,"1":0.9124625034,"2":0.9228251977,"3":0.9083719662,"4":0.9119170984,"5":0.9244614126,"6":0.9228251977,"7":0.9228251977,"8":0.9199236502,"9":0.9199236502,"10":0.921650609},"split3_train_score":{"0":0.9053722389,"1":0.9078265612,"2":0.9094627761,"3":0.9094627761,"4":0.9220070903,"5":0.917916553,"6":0.9165530406,"7":0.9165530406,"8":0.9208325759,"9":0.9208325759,"10":0.9223777495},"split4_train_score":{"0":0.7060267248,"1":0.9089173711,"2":0.918461958,"3":0.9059176439,"4":0.9260976275,"5":0.9198254704,"6":0.918461958,"7":0.918461958,"8":0.9221959644,"9":0.9221959644,"10":0.9239229231},"mean_train_score":{"0":0.7902917917,"1":0.9129533679,"2":0.9205344969,"3":0.91098991,"4":0.9249522771,"5":0.9234251432,"6":0.9219525498,"7":0.9219525498,"8":0.9213205535,"9":0.9213205535,"10":0.9230657585},"std_train_score":{"0":0.097858935,"1":0.0042296146,"2":0.00619605,"3":0.004405981,"4":0.0080424581,"5":0.0039833236,"6":0.0038773652,"7":0.0038773652,"8":0.0009801959,"9":0.0009801959,"10":0.0010179375}}