{"iter":{"0":0,"1":0,"2":0,"3":0,"4":0,"5":0,"6":0,"7":0,"8":1,"9":1,"10":1},"n_resources":{"0":4584,"1":4584,"2":4584,"3":4584,"4":4584,"5":4584,"6":4584,"7":4584,"8":13752,"9":13752,"10":13752},"mean_fit_time":{"0":15.0014680862,"1":15.0934033394,"2":25.9138820171,"3":25.2412422657,"4":15.6729628563,"5":15.7803864956,"6":26.1945536613,"7":26.2059808254,"8":27.3409004211,"9":27.510920763,"10":16.291659832},"std_fit_time":{"0":0.2922932435,"1":0.3762334589,"2":0.1373965416,"3":0.5094485795,"4":0.5818096904,"5":0.2636165928,"6":0.3583459988,"7":0.4177419393,"8":0.2864263204,"9":0.3581356677,"10":0.228064736},"mean_score_time":{"0":0.0006626129,"1":0.0007533073,"2":0.0006323338,"3":0.0006313324,"4":0.0008321762,"5":0.0007719994,"6":0.0006513119,"7":0.0006532192,"8":0.0007786751,"9":0.0007918835,"10":0.0011965752},"std_score_time":{"0":0.0000453638,"1":0.0000138567,"2":0.0000024333,"3":0.0000046378,"4":0.0001440353,"5":0.0001073796,"6":0.0000470441,"7":0.0000398424,"8":0.0000088131,"9":0.0000396924,"10":0.0002080215},"param_parsimony_coefficient":{"0":0.025,"1":0.025,"2":0.025,"3":0.025,"4":0.01,"5":0.01,"6":0.01,"7":0.01,"8":0.01,"9":0.01,"10":0.01},"param_population_size":{"0":500,"1":500,"2":1000,"3":1000,"4":500,"5":500,"6":1000,"7":1000,"8":1000,"9":1000,"10":500},"param_tournament_size":{"0":15,"1":30,"2":15,"3":30,"4":15,"5":30,"6":15,"7":30,"8":15,"9":30,"10":30},"params":{"0":{"parsimony_coefficient":0.025,"population_size":500,"tournament_size":15},"1":{"parsimony_coefficient":0.025,"population_size":500,"tournament_size":30},"2":{"parsimony_coefficient":0.025,"population_size":1000,"tournament_size":15},"3":{"parsimony_coefficient":0.025,"population_size":1000,"tournament_size":30},"4":{"parsimony_coefficient":0.01,"population_size":500,"tournament_size":15},"5":{"parsimony_coefficient":0.01,"population_size":500,"tournament_size":30},"6":{"parsimony_coefficient":0.01,"population_size":1000,"tournament_size":15},"7":{"parsimony_coefficient":0.01,"population_size":1000,"tournament_size":30},"8":{"parsimony_coefficient":0.01,"population_size":1000,"tournament_size":15},"9":{"parsimony_coefficient":0.01,"population_size":1000,"tournament_size":30},"10":{"parsimony_coefficient":0.01,"population_size":500,"tournament_size":30}},"split0_test_score":{"0":0.7175572519,"1":0.9203925845,"2":0.9269356598,"3":0.9127589967,"4":0.9323882225,"5":0.9280261723,"6":0.9269356598,"7":0.9269356598,"8":0.923300618,"9":0.923300618,"10":0.9243911305},"split1_test_score":{"0":0.719738277,"1":0.8865866957,"2":0.9007633588,"3":0.8876772083,"4":0.8985823337,"5":0.9051254089,"6":0.9007633588,"7":0.9007633588,"8":0.9109414758,"9":0.9109414758,"10":0.9131225009},"split2_test_score":{"0":0.7161572052,"1":0.9213973799,"2":0.9257641921,"3":0.9137554585,"4":0.9301310044,"5":0.9279475983,"6":0.9257641921,"7":0.9257641921,"8":0.9283636364,"9":0.9283636364,"10":0.9309090909},"split3_test_score":{"0":0.8831877729,"1":0.9203056769,"2":0.9301310044,"3":0.9104803493,"4":0.9137554585,"5":0.9334061135,"6":0.9301310044,"7":0.9301310044,"8":0.9323636364,"9":0.9323636364,"10":0.9345454545},"split4_test_score":{"0":0.9006550218,"1":0.903930131,"2":0.9104803493,"3":0.8984716157,"4":0.9006550218,"5":0.9115720524,"6":0.9104803493,"7":0.9104803493,"8":0.9207272727,"9":0.9207272727,"10":0.9221818182},"mean_test_score":{"0":0.7874591058,"1":0.9105224936,"2":0.9188149129,"3":0.9046287257,"4":0.9151024082,"5":0.9212154691,"6":0.9188149129,"7":0.9188149129,"8":0.9231393278,"9":0.9231393278,"10":0.925029999},"std_test_score":{"0":0.085479394,"1":0.0136218515,"2":0.0112926214,"3":0.0100886471,"4":0.0141993816,"5":0.0108830563,"6":0.0112926214,"7":0.0112926214,"8":0.0073077067,"9":0.0073077067,"10":0.0074218113},"rank_test_score":{"0":11,"1":9,"2":5,"3":10,"4":8,"5":4,"6":5,"7":5,"8":2,"9":2,"10":1},"split0_train_score":{"0":0.7095718571,"1":0.911644396,"2":0.9228251977,"3":0.9102808836,"4":0.9288246523,"5":0.925824925,"6":0.9228251977,"7":0.9228251977,"8":0.9230979002,"9":0.9230979002,"10":0.9251886192},"split1_train_score":{"0":0.7204799564,"1":0.9241887101,"2":0.932642487,"3":0.9187346605,"4":0.9271884374,"5":0.9348241069,"6":0.932642487,"7":0.932642487,"8":0.9261885283,"9":0.9261885283,"10":0.9280065449},"split2_train_score":{"0":0.7131169894,"1":0.9154622307,"2":0.9247341151,"3":0.9100081811,"4":0.9296427597,"5":0.9271884374,"6":0.9247341151,"7":0.9247341151,"8":0.9218323941,"9":0.9218323941,"10":0.9235593528},"split3_train_score":{"0":0.8573766021,"1":0.9113716935,"2":0.9198254704,"3":0.9094627761,"4":0.9078265612,"5":0.9222797927,"6":0.9198254704,"7":0.9198254704,"8":0.9208325759,"9":0.9208325759,"10":0.9226504272},"split4_train_score":{"0":0.9094627761,"1":0.911098991,"2":0.9233706027,"3":0.9094627761,"4":0.9094627761,"5":0.9260976275,"6":0.9233706027,"7":0.9233706027,"8":0.923741138,"9":0.923741138,"10":0.9257407744},"mean_train_score":{"0":0.7820016362,"1":0.9147532043,"2":0.9246795746,"3":0.9115898555,"4":0.9205890374,"5":0.9272429779,"6":0.9246795746,"7":0.9246795746,"8":0.9231385073,"9":0.9231385073,"10":0.9250291437},"std_train_score":{"0":0.0845030322,"1":0.0049796399,"2":0.0042924445,"3":0.0035864264,"4":0.0097981816,"5":0.0041335796,"6":0.0042924445,"7":0.0042924445,"8":0.0018270573,"9":0.0018270573,"10":0.0018555509}}