{"iter":{"0":0,"1":0,"2":0,"3":0,"4":0,"5":0,"6":0,"7":0,"8":1,"9":1,"10":1},"n_resources":{"0":4584,"1":4584,"2":4584,"3":4584,"4":4584,"5":4584,"6":4584,"7":4584,"8":13752,"9":13752,"10":13752},"mean_fit_time":{"0":15.0684061527,"1":14.9959024429,"2":25.8103526592,"3":25.2220214367,"4":15.9131197929,"5":15.6969879627,"6":25.9124473572,"7":25.9025334358,"8":27.1201062679,"9":16.3419303417,"10":16.2697619915},"std_fit_time":{"0":0.2659612901,"1":0.2350793366,"2":0.2903992973,"3":0.2231762452,"4":0.6470813294,"5":0.1033743332,"6":0.3453614546,"7":0.2507156574,"8":0.3052631689,"9":0.3201901999,"10":0.3296380904},"mean_score_time":{"0":0.000788784,"1":0.0007607937,"2":0.0006765842,"3":0.0006276608,"4":0.000878191,"5":0.0008736134,"6":0.0006918907,"7":0.0006479263,"8":0.0008348942,"9":0.0010832787,"10":0.001309967},"std_score_time":{"0":0.0001104297,"1":0.0000161175,"2":0.0000571251,"3":0.0000098748,"4":0.0001275761,"5":0.0001432185,"6":0.0000462141,"7":0.000035551,"8":0.0000655209,"9":0.0001808563,"10":0.0000219545},"param_parsimony_coefficient":{"0":0.025,"1":0.025,"2":0.025,"3":0.025,"4":0.01,"5":0.01,"6":0.01,"7":0.01,"8":0.01,"9":0.01,"10":0.01},"param_population_size":{"0":500,"1":500,"2":1000,"3":1000,"4":500,"5":500,"6":1000,"7":1000,"8":1000,"9":500,"10":500},"param_tournament_size":{"0":15,"1":30,"2":15,"3":30,"4":15,"5":30,"6":15,"7":30,"8":30,"9":15,"10":30},"params":{"0":{"parsimony_coefficient":0.025,"population_size":500,"tournament_size":15},"1":{"parsimony_coefficient":0.025,"population_size":500,"tournament_size":30},"2":{"parsimony_coefficient":0.025,"population_size":1000,"tournament_size":15},"3":{"parsimony_coefficient":0.025,"population_size":1000,"tournament_size":30},"4":{"parsimony_coefficient":0.01,"population_size":500,"tournament_size":15},"5":{"parsimony_coefficient":0.01,"population_size":500,"tournament_size":30},"6":{"parsimony_coefficient":0.01,"population_size":1000,"tournament_size":15},"7":{"parsimony_coefficient":0.01,"population_size":1000,"tournament_size":30},"8":{"parsimony_coefficient":0.01,"population_size":1000,"tournament_size":30},"9":{"parsimony_coefficient":0.01,"population_size":500,"tournament_size":15},"10":{"parsimony_coefficient":0.01,"population_size":500,"tournament_size":30}},"split0_test_score":{"0":0.8287895311,"1":0.8974918212,"2":0.9127589967,"3":0.9029443839,"4":0.9160305344,"5":0.9149400218,"6":0.9127589967,"7":0.9127589967,"8":0.9207560887,"9":0.9094874591,"10":0.9214830971},"split1_test_score":{"0":0.8996728462,"1":0.9040348964,"2":0.9171210469,"3":0.8996728462,"4":0.8996728462,"5":0.919302072,"6":0.9171210469,"7":0.9171210469,"8":0.9062159215,"9":0.8960378044,"10":0.9083969466},"split2_test_score":{"0":0.8689956332,"1":0.9290393013,"2":0.9355895197,"3":0.9279475983,"4":0.9443231441,"5":0.9377729258,"6":0.9355895197,"7":0.9355895197,"8":0.9305454545,"9":0.9163636364,"10":0.9323636364},"split3_test_score":{"0":0.8613537118,"1":0.9148471616,"2":0.9268558952,"3":0.9126637555,"4":0.9301310044,"5":0.9312227074,"6":0.9268558952,"7":0.9268558952,"8":0.9218181818,"9":0.9090909091,"10":0.9250909091},"split4_test_score":{"0":0.7085152838,"1":0.9257641921,"2":0.9312227074,"3":0.9268558952,"4":0.9443231441,"5":0.9334061135,"6":0.9312227074,"7":0.9312227074,"8":0.9207272727,"9":0.9101818182,"10":0.9221818182},"mean_test_score":{"0":0.8334654012,"1":0.9142354745,"2":0.9247096332,"3":0.9140168958,"4":0.9268961346,"5":0.9273287681,"6":0.9247096332,"7":0.9247096332,"8":0.9200125839,"9":0.9082323254,"10":0.9219032815},"std_test_score":{"0":0.0664198413,"1":0.0121395264,"2":0.0085533953,"3":0.0117395711,"4":0.0171874047,"5":0.0087073096,"6":0.0085533953,"7":0.0085533953,"8":0.0078180947,"9":0.0066473695,"10":0.0077750269},"rank_test_score":{"0":11,"1":8,"2":3,"3":9,"4":2,"5":1,"6":3,"7":3,"8":7,"9":10,"10":6},"split0_train_score":{"0":0.8500136351,"1":0.9034633215,"2":0.9162803382,"3":0.8966457595,"4":0.9195527679,"5":0.9187346605,"6":0.9162803382,"7":0.9162803382,"8":0.9198254704,"9":0.9092809745,"10":0.9220070903},"split1_train_score":{"0":0.9121898009,"1":0.9130079084,"2":0.9225524952,"3":0.9050995364,"4":0.9121898009,"5":0.9250068176,"6":0.9225524952,"7":0.9225524952,"8":0.9234615035,"9":0.9126443051,"10":0.92527952},"split2_train_score":{"0":0.8497409326,"1":0.9094627761,"2":0.9187346605,"3":0.9012817017,"4":0.9228251977,"5":0.9214616853,"6":0.9187346605,"7":0.9187346605,"8":0.9173786584,"9":0.9045628068,"10":0.9192874023},"split3_train_score":{"0":0.8549222798,"1":0.9061903463,"2":0.9157349332,"3":0.8988273793,"4":0.9198254704,"5":0.9160076357,"6":0.9157349332,"7":0.9157349332,"8":0.91956008,"9":0.9063806581,"10":0.9211052536},"split4_train_score":{"0":0.7114807745,"1":0.9113716935,"2":0.9217343878,"3":0.9108262885,"4":0.9288246523,"5":0.9236433052,"6":0.9217343878,"7":0.9217343878,"8":0.9198327577,"9":0.909107435,"10":0.9218323941},"mean_train_score":{"0":0.8356694846,"1":0.9086992092,"2":0.919007363,"3":0.9025361331,"4":0.9206435779,"5":0.9209708208,"6":0.919007363,"7":0.919007363,"8":0.920011694,"9":0.9083952359,"10":0.9219023321},"std_train_score":{"0":0.0664117835,"1":0.003464073,"2":0.0027649396,"3":0.0050064492,"4":0.0053854425,"5":0.0032651496,"6":0.0027649396,"7":0.0027649396,"8":0.0019547232,"9":0.0027601589,"10":0.001943937}}