{"iter":{"0":0,"1":0,"2":0,"3":0,"4":0,"5":0,"6":0,"7":0,"8":1,"9":1,"10":1},"n_resources":{"0":4584,"1":4584,"2":4584,"3":4584,"4":4584,"5":4584,"6":4584,"7":4584,"8":13752,"9":13752,"10":13752},"mean_fit_time":{"0":14.9753978729,"1":15.1923930168,"2":26.0524504185,"3":25.3963857651,"4":16.090842104,"5":15.88085742,"6":26.1916018009,"7":26.0184565544,"8":27.4334568977,"9":27.2486840725,"10":16.1451523304},"std_fit_time":{"0":0.061489692,"1":0.2569438697,"2":0.2763313785,"3":0.1527915245,"4":0.3101498848,"5":0.5351628316,"6":0.2506319045,"7":0.2693340648,"8":0.2166732588,"9":0.3103436188,"10":0.2504743607},"mean_score_time":{"0":0.0007360458,"1":0.0007930279,"2":0.0006371021,"3":0.0006302834,"4":0.0009487629,"5":0.0009175777,"6":0.0006712437,"7":0.0006827831,"8":0.0008400917,"9":0.000817585,"10":0.0011026382},"std_score_time":{"0":0.000021572,"1":0.000085367,"2":0.0000064565,"3":0.0000093618,"4":0.0001104892,"5":0.0001667172,"6":0.0000518506,"7":0.0000539063,"8":0.0000817909,"9":0.0000691666,"10":0.0002007939},"param_parsimony_coefficient":{"0":0.025,"1":0.025,"2":0.025,"3":0.025,"4":0.01,"5":0.01,"6":0.01,"7":0.01,"8":0.01,"9":0.01,"10":0.01},"param_population_size":{"0":500,"1":500,"2":1000,"3":1000,"4":500,"5":500,"6":1000,"7":1000,"8":1000,"9":1000,"10":500},"param_tournament_size":{"0":15,"1":30,"2":15,"3":30,"4":15,"5":30,"6":15,"7":30,"8":15,"9":30,"10":30},"params":{"0":{"parsimony_coefficient":0.025,"population_size":500,"tournament_size":15},"1":{"parsimony_coefficient":0.025,"population_size":500,"tournament_size":30},"2":{"parsimony_coefficient":0.025,"population_size":1000,"tournament_size":15},"3":{"parsimony_coefficient":0.025,"population_size":1000,"tournament_size":30},"4":{"parsimony_coefficient":0.01,"population_size":500,"tournament_size":15},"5":{"parsimony_coefficient":0.01,"population_size":500,"tournament_size":30},"6":{"parsimony_coefficient":0.01,"population_size":1000,"tournament_size":15},"7":{"parsimony_coefficient":0.01,"population_size":1000,"tournament_size":30},"8":{"parsimony_coefficient":0.01,"population_size":1000,"tournament_size":15},"9":{"parsimony_coefficient":0.01,"population_size":1000,"tournament_size":30},"10":{"parsimony_coefficient":0.01,"population_size":500,"tournament_size":30}},"split0_test_score":{"0":0.7371864776,"1":0.9051254089,"2":0.9138495093,"3":0.8953107961,"4":0.907306434,"5":0.9149400218,"6":0.9138495093,"7":0.9138495093,"8":0.9156670302,"9":0.9156670302,"10":0.9163940385},"split1_test_score":{"0":0.8309705562,"1":0.8844056707,"2":0.9007633588,"3":0.8844056707,"4":0.878953108,"5":0.9018538713,"6":0.9007633588,"7":0.9007633588,"8":0.9120319884,"9":0.9120319884,"10":0.9134860051},"split2_test_score":{"0":0.7063318777,"1":0.9115720524,"2":0.9246724891,"3":0.9104803493,"4":0.9312227074,"5":0.9268558952,"6":0.9246724891,"7":0.9246724891,"8":0.924,"9":0.924,"10":0.9258181818},"split3_test_score":{"0":0.8569868996,"1":0.9148471616,"2":0.9257641921,"3":0.9170305677,"4":0.9279475983,"5":0.9268558952,"6":0.9257641921,"7":0.9257641921,"8":0.9247272727,"9":0.9247272727,"10":0.9254545455},"split4_test_score":{"0":0.8231441048,"1":0.9192139738,"2":0.9279475983,"3":0.9148471616,"4":0.9290393013,"5":0.9290393013,"6":0.9279475983,"7":0.9279475983,"8":0.9272727273,"9":0.9272727273,"10":0.9290909091},"mean_test_score":{"0":0.7909239832,"1":0.9070328535,"2":0.9185994295,"3":0.9044149091,"4":0.9148938298,"5":0.919908997,"6":0.9185994295,"7":0.9185994295,"8":0.9207398037,"9":0.9207398037,"10":0.922048736},"std_test_score":{"0":0.0583947206,"1":0.0122120856,"2":0.0101616071,"3":0.0125541292,"4":0.0199320422,"5":0.0103010633,"6":0.0101616071,"7":0.0101616071,"8":0.0058440903,"9":0.0058440903,"10":0.0060115959},"rank_test_score":{"0":11,"1":9,"2":5,"3":10,"4":8,"5":4,"6":5,"7":5,"8":2,"9":2,"10":1},"split0_train_score":{"0":0.711208072,"1":0.9056449414,"2":0.9168257431,"3":0.903190619,"4":0.9198254704,"5":0.9192800654,"6":0.9168257431,"7":0.9168257431,"8":0.9220070903,"9":0.9220070903,"10":0.9234615035},"split1_train_score":{"0":0.8491955277,"1":0.9140987183,"2":0.9239160076,"3":0.9053722389,"4":0.911644396,"5":0.9260976275,"6":0.9239160076,"7":0.9239160076,"8":0.9229160985,"9":0.9229160985,"10":0.9241887101},"split2_train_score":{"0":0.7073902373,"1":0.9034633215,"2":0.9132806109,"3":0.8999181893,"4":0.9195527679,"5":0.9146441233,"6":0.9132806109,"7":0.9132806109,"8":0.9199236502,"9":0.9199236502,"10":0.9211052536},"split3_train_score":{"0":0.8573766021,"1":0.9127352059,"2":0.9198254704,"3":0.9094627761,"4":0.9228251977,"5":0.9209162803,"6":0.9198254704,"7":0.9198254704,"8":0.9197418651,"9":0.9197418651,"10":0.9211961462},"split4_train_score":{"0":0.8606490319,"1":0.9127352059,"2":0.9244614126,"3":0.9048268339,"4":0.9296427597,"5":0.9247341151,"6":0.9244614126,"7":0.9244614126,"8":0.9191056172,"9":0.9191056172,"10":0.9202872205},"mean_train_score":{"0":0.7971638942,"1":0.9097354786,"2":0.9196618489,"3":0.9045541314,"4":0.9206981184,"5":0.9211344423,"6":0.9196618489,"7":0.9196618489,"8":0.9207388643,"9":0.9207388643,"10":0.9220477668},"std_train_score":{"0":0.0718483634,"1":0.0043152529,"2":0.0042408524,"3":0.0031044995,"4":0.00580645,"5":0.0040792499,"6":0.0042408524,"7":0.0042408524,"8":0.0014611518,"9":0.0014611518,"10":0.0015030237}}