{"iter":{"0":0,"1":0,"2":0,"3":0,"4":0,"5":0,"6":0,"7":0,"8":1,"9":1,"10":1},"n_resources":{"0":4582,"1":4582,"2":4582,"3":4582,"4":4582,"5":4582,"6":4582,"7":4582,"8":13746,"9":13746,"10":13746},"mean_fit_time":{"0":15.4234343529,"1":15.9399282932,"2":26.6934169769,"3":26.2437908173,"4":16.1023345947,"5":15.7649166584,"6":28.1258987427,"7":27.2254359245,"8":29.0661385536,"9":16.4124875546,"10":16.4203752995},"std_fit_time":{"0":0.3860195064,"1":0.3047994296,"2":0.4281612762,"3":0.447161899,"4":0.3548212364,"5":0.3265376022,"6":0.5973809806,"7":0.2739393737,"8":0.3652678628,"9":0.233901175,"10":0.2656874204},"mean_score_time":{"0":0.0007420063,"1":0.0007837296,"2":0.0007400036,"3":0.0006323814,"4":0.0008905888,"5":0.0007810116,"6":0.0007714272,"7":0.0006777287,"8":0.0009287834,"9":0.0011072159,"10":0.0010419369},"std_score_time":{"0":0.0000617844,"1":0.0001409422,"2":0.0000531111,"3":0.0000059032,"4":0.0000780591,"5":0.0000467474,"6":0.0000506563,"7":0.0000636438,"8":0.0000653489,"9":0.0001785921,"10":0.0001433123},"param_parsimony_coefficient":{"0":0.025,"1":0.025,"2":0.025,"3":0.025,"4":0.01,"5":0.01,"6":0.01,"7":0.01,"8":0.01,"9":0.01,"10":0.025},"param_population_size":{"0":500,"1":500,"2":1000,"3":1000,"4":500,"5":500,"6":1000,"7":1000,"8":1000,"9":500,"10":500},"param_tournament_size":{"0":15,"1":30,"2":15,"3":30,"4":15,"5":30,"6":15,"7":30,"8":15,"9":30,"10":30},"params":{"0":{"parsimony_coefficient":0.025,"population_size":500,"tournament_size":15},"1":{"parsimony_coefficient":0.025,"population_size":500,"tournament_size":30},"2":{"parsimony_coefficient":0.025,"population_size":1000,"tournament_size":15},"3":{"parsimony_coefficient":0.025,"population_size":1000,"tournament_size":30},"4":{"parsimony_coefficient":0.01,"population_size":500,"tournament_size":15},"5":{"parsimony_coefficient":0.01,"population_size":500,"tournament_size":30},"6":{"parsimony_coefficient":0.01,"population_size":1000,"tournament_size":15},"7":{"parsimony_coefficient":0.01,"population_size":1000,"tournament_size":30},"8":{"parsimony_coefficient":0.01,"population_size":1000,"tournament_size":15},"9":{"parsimony_coefficient":0.01,"population_size":500,"tournament_size":30},"10":{"parsimony_coefficient":0.025,"population_size":500,"tournament_size":30}},"split0_test_score":{"0":0.8296943231,"1":0.8908296943,"2":0.8340611354,"3":0.8340611354,"4":0.8591703057,"5":0.8886462882,"6":0.865720524,"7":0.865720524,"8":0.8905056384,"9":0.8905056384,"10":0.8923244816},"split1_test_score":{"0":0.8089519651,"1":0.8799126638,"2":0.8253275109,"3":0.8253275109,"4":0.8799126638,"5":0.8799126638,"6":0.8613537118,"7":0.8580786026,"8":0.8628592215,"9":0.8865041833,"10":0.8865041833},"split2_test_score":{"0":0.8307860262,"1":0.9028384279,"2":0.9028384279,"3":0.8449781659,"4":0.8515283843,"5":0.903930131,"6":0.8886462882,"7":0.8679039301,"8":0.8689956332,"9":0.8915574964,"10":0.8911935953},"split3_test_score":{"0":0.903930131,"1":0.903930131,"2":0.903930131,"3":0.8362445415,"4":0.8569868996,"5":0.9028384279,"6":0.9028384279,"7":0.8831877729,"8":0.8682678311,"9":0.8937409025,"10":0.8944687045},"split4_test_score":{"0":0.7947598253,"1":0.8766375546,"2":0.8766375546,"3":0.8111353712,"4":0.8820960699,"5":0.8755458515,"6":0.8722707424,"7":0.8580786026,"8":0.8533478894,"9":0.8755458515,"10":0.8788209607},"mean_test_score":{"0":0.8336244541,"1":0.8908296943,"2":0.868558952,"3":0.830349345,"4":0.8659388646,"5":0.8901746725,"6":0.8781659389,"7":0.8665938865,"8":0.8687952427,"9":0.8875708144,"10":0.8886623851},"std_test_score":{"0":0.0376446062,"1":0.0112821054,"2":0.0333182336,"3":0.0114623622,"4":0.0125692908,"5":0.0115864621,"6":0.0154328358,"7":0.0091962619,"8":0.0122107876,"9":0.0064546765,"10":0.0055685328},"rank_test_score":{"0":10,"1":1,"2":7,"3":11,"4":9,"5":2,"6":5,"7":8,"8":6,"9":4,"10":3},"split0_train_score":{"0":0.8090040928,"1":0.885675307,"2":0.826739427,"3":0.826739427,"4":0.8502046385,"5":0.8840381992,"6":0.8600272851,"7":0.8611186903,"8":0.886867952,"9":0.886867952,"10":0.8877773736},"split1_train_score":{"0":0.8155525239,"1":0.8922237381,"2":0.8343792633,"3":0.8343792633,"4":0.8908594816,"5":0.8908594816,"6":0.8769440655,"7":0.863574352,"8":0.8638595853,"9":0.8879592579,"10":0.8893233903},"split2_train_score":{"0":0.8005457026,"1":0.8873124147,"2":0.8873124147,"3":0.8158253752,"4":0.8422919509,"5":0.885675307,"6":0.8777626194,"7":0.8624829468,"8":0.862235155,"9":0.8866054378,"10":0.8880603801},"split3_train_score":{"0":0.8897680764,"1":0.8897680764,"2":0.8897680764,"3":0.8289222374,"4":0.8433833561,"5":0.8892223738,"6":0.8892223738,"7":0.8641200546,"8":0.8625079567,"9":0.8861507684,"10":0.887332909},"split4_train_score":{"0":0.8166439291,"1":0.8886766712,"2":0.8886766712,"3":0.834106412,"4":0.8963165075,"5":0.8873124147,"6":0.8859481583,"7":0.8641200546,"8":0.8661453124,"9":0.8906065291,"10":0.8911521324},"mean_train_score":{"0":0.8263028649,"1":0.8887312415,"2":0.8653751705,"3":0.827994543,"4":0.8646111869,"5":0.8874215553,"6":0.8779809004,"7":0.8630832196,"8":0.8683231923,"9":0.887637989,"10":0.8887292371},"std_train_score":{"0":0.0322470987,"1":0.0022193396,"2":0.0285400891,"3":0.0067623099,"4":0.0238768426,"5":0.0024318996,"6":0.0101321557,"7":0.0011498667,"8":0.009375033,"9":0.001599149,"10":0.0013803323}}