{"iter":{"0":0,"1":0,"2":0,"3":0,"4":0,"5":0,"6":0,"7":0,"8":1,"9":1,"10":1},"n_resources":{"0":4582,"1":4582,"2":4582,"3":4582,"4":4582,"5":4582,"6":4582,"7":4582,"8":13746,"9":13746,"10":13746},"mean_fit_time":{"0":15.190730238,"1":15.7013696194,"2":27.2759463787,"3":26.2765553474,"4":16.0894864559,"5":15.6299376011,"6":27.8915096283,"7":27.2376319408,"8":16.5788501263,"9":16.1688056469,"10":28.3547596455},"std_fit_time":{"0":0.3793359103,"1":0.246188206,"2":0.2289841702,"3":0.3979899502,"4":0.4910578338,"5":0.2585831843,"6":0.3532478924,"7":0.2392808022,"8":0.2687924794,"9":0.1670728682,"10":0.2771246571},"mean_score_time":{"0":0.0007022858,"1":0.0008414745,"2":0.0007202625,"3":0.0006688118,"4":0.0008021355,"5":0.0008544445,"6":0.0007848263,"7":0.000660181,"8":0.0011150837,"9":0.0010966778,"10":0.0008822441},"std_score_time":{"0":0.0000563761,"1":0.0001186295,"2":0.0000456548,"3":0.0000379804,"4":0.0001333889,"5":0.0001066365,"6":0.000021643,"7":0.0000834175,"8":0.0001952414,"9":0.0002060801,"10":0.0000919229},"param_parsimony_coefficient":{"0":0.025,"1":0.025,"2":0.025,"3":0.025,"4":0.01,"5":0.01,"6":0.01,"7":0.01,"8":0.01,"9":0.01,"10":0.025},"param_population_size":{"0":500,"1":500,"2":1000,"3":1000,"4":500,"5":500,"6":1000,"7":1000,"8":500,"9":500,"10":1000},"param_tournament_size":{"0":15,"1":30,"2":15,"3":30,"4":15,"5":30,"6":15,"7":30,"8":15,"9":30,"10":15},"params":{"0":{"parsimony_coefficient":0.025,"population_size":500,"tournament_size":15},"1":{"parsimony_coefficient":0.025,"population_size":500,"tournament_size":30},"2":{"parsimony_coefficient":0.025,"population_size":1000,"tournament_size":15},"3":{"parsimony_coefficient":0.025,"population_size":1000,"tournament_size":30},"4":{"parsimony_coefficient":0.01,"population_size":500,"tournament_size":15},"5":{"parsimony_coefficient":0.01,"population_size":500,"tournament_size":30},"6":{"parsimony_coefficient":0.01,"population_size":1000,"tournament_size":15},"7":{"parsimony_coefficient":0.01,"population_size":1000,"tournament_size":30},"8":{"parsimony_coefficient":0.01,"population_size":500,"tournament_size":15},"9":{"parsimony_coefficient":0.01,"population_size":500,"tournament_size":30},"10":{"parsimony_coefficient":0.025,"population_size":1000,"tournament_size":15}},"split0_test_score":{"0":0.8002183406,"1":0.8144104803,"2":0.885371179,"3":0.8187772926,"4":0.8886462882,"5":0.8864628821,"6":0.8537117904,"7":0.8537117904,"8":0.8544925427,"9":0.8839578028,"10":0.8843215715},"split1_test_score":{"0":0.8220524017,"1":0.9148471616,"2":0.9148471616,"3":0.8373362445,"4":0.9137554585,"5":0.9137554585,"6":0.885371179,"7":0.9137554585,"8":0.8661331393,"9":0.891960713,"10":0.8912331757},"split2_test_score":{"0":0.8056768559,"1":0.8799126638,"2":0.8799126638,"3":0.8307860262,"4":0.8471615721,"5":0.8635371179,"6":0.8635371179,"7":0.7903930131,"8":0.8937409025,"9":0.8937409025,"10":0.8941048035},"split3_test_score":{"0":0.8045851528,"1":0.8799126638,"2":0.8799126638,"3":0.826419214,"4":0.8788209607,"5":0.8788209607,"6":0.8799126638,"7":0.8733624454,"8":0.8919213974,"9":0.8919213974,"10":0.8933770015},"split4_test_score":{"0":0.8220524017,"1":0.8941048035,"2":0.8941048035,"3":0.8340611354,"4":0.8984716157,"5":0.8864628821,"6":0.8864628821,"7":0.8679039301,"8":0.8624454148,"9":0.8795487627,"10":0.8831877729},"mean_test_score":{"0":0.8109170306,"1":0.8766375546,"2":0.8908296943,"3":0.8294759825,"4":0.885371179,"5":0.8858078603,"6":0.8737991266,"7":0.8598253275,"8":0.8737466794,"9":0.8882259157,"10":0.889244865},"std_test_score":{"0":0.0092736946,"1":0.0336414634,"2":0.013082229,"3":0.0064549107,"4":0.0223199217,"5":0.0162894388,"6":0.0129650942,"7":0.0400379771,"8":0.0160405466,"9":0.0055050912,"10":0.0045950869},"rank_test_score":{"0":11,"1":6,"2":1,"3":10,"4":5,"5":4,"6":7,"7":9,"8":8,"9":3,"10":2},"split0_train_score":{"0":0.8125511596,"1":0.8398362892,"2":0.8963165075,"3":0.8297407913,"4":0.8984993179,"5":0.8952251023,"6":0.8717598909,"7":0.8717598909,"8":0.8672244453,"9":0.8893233903,"10":0.8905056384},"split1_train_score":{"0":0.8160982265,"1":0.8886766712,"2":0.8886766712,"3":0.8321964529,"4":0.885675307,"5":0.885675307,"6":0.8690313779,"7":0.885675307,"8":0.8643142961,"9":0.8873226628,"10":0.8887777374},"split2_train_score":{"0":0.8106412005,"1":0.8818553888,"2":0.8818553888,"3":0.8289222374,"4":0.8480218281,"5":0.8575716235,"6":0.8575716235,"7":0.7986357435,"8":0.8868782395,"9":0.8868782395,"10":0.8880603801},"split3_train_score":{"0":0.8081855389,"1":0.8884038199,"2":0.8884038199,"3":0.8272851296,"4":0.8878581173,"5":0.8878581173,"6":0.8884038199,"7":0.8807639836,"8":0.8874238429,"9":0.8874238429,"10":0.8883331818},"split4_train_score":{"0":0.8070941337,"1":0.8924965894,"2":0.8924965894,"3":0.8275579809,"4":0.8933151432,"5":0.8924965894,"6":0.8924965894,"7":0.8690313779,"8":0.8652359734,"9":0.8904246613,"10":0.8907883968},"mean_train_score":{"0":0.8109140518,"1":0.8782537517,"2":0.8895497954,"3":0.8291405184,"4":0.8826739427,"5":0.8837653479,"6":0.8758526603,"7":0.8611732606,"8":0.8742153594,"9":0.8882745594,"10":0.8892930669},"std_train_score":{"0":0.0032145542,"1":0.0195109855,"2":0.0048114756,"3":0.0017716434,"4":0.0178903915,"5":0.0135208761,"6":0.0128998368,"7":0.0318399576,"8":0.0106051485,"9":0.0013640029,"10":0.0011325018}}