{"iter":{"0":0,"1":0,"2":0,"3":0,"4":0,"5":0,"6":0,"7":0,"8":1,"9":1,"10":1},"n_resources":{"0":4582,"1":4582,"2":4582,"3":4582,"4":4582,"5":4582,"6":4582,"7":4582,"8":13746,"9":13746,"10":13746},"mean_fit_time":{"0":15.4336152077,"1":15.7534684658,"2":26.9124883652,"3":26.5714990139,"4":16.4329033852,"5":15.8661034584,"6":28.0237683296,"7":27.3943385601,"8":16.5208770752,"9":16.4234922886,"10":29.2897558212},"std_fit_time":{"0":0.2231320634,"1":0.3352058961,"2":0.7661459073,"3":0.106322929,"4":0.2906389765,"5":0.2649798955,"6":0.5116493001,"7":0.1431238767,"8":0.3017215429,"9":0.307713093,"10":0.2061233066},"mean_score_time":{"0":0.0007610798,"1":0.0008252144,"2":0.0006831646,"3":0.0006430626,"4":0.0008741379,"5":0.0007670879,"6":0.0007976532,"7":0.0006559849,"8":0.0011268616,"9":0.0011902332,"10":0.0009559155},"std_score_time":{"0":0.0000095907,"1":0.0001062454,"2":0.0000604498,"3":0.00001699,"4":0.0001054953,"5":0.0000723421,"6":0.0000248704,"7":0.00004684,"8":0.0001794704,"9":0.0001125346,"10":0.0000555581},"param_parsimony_coefficient":{"0":0.025,"1":0.025,"2":0.025,"3":0.025,"4":0.01,"5":0.01,"6":0.01,"7":0.01,"8":0.01,"9":0.025,"10":0.01},"param_population_size":{"0":500,"1":500,"2":1000,"3":1000,"4":500,"5":500,"6":1000,"7":1000,"8":500,"9":500,"10":1000},"param_tournament_size":{"0":15,"1":30,"2":15,"3":30,"4":15,"5":30,"6":15,"7":30,"8":30,"9":30,"10":15},"params":{"0":{"parsimony_coefficient":0.025,"population_size":500,"tournament_size":15},"1":{"parsimony_coefficient":0.025,"population_size":500,"tournament_size":30},"2":{"parsimony_coefficient":0.025,"population_size":1000,"tournament_size":15},"3":{"parsimony_coefficient":0.025,"population_size":1000,"tournament_size":30},"4":{"parsimony_coefficient":0.01,"population_size":500,"tournament_size":15},"5":{"parsimony_coefficient":0.01,"population_size":500,"tournament_size":30},"6":{"parsimony_coefficient":0.01,"population_size":1000,"tournament_size":15},"7":{"parsimony_coefficient":0.01,"population_size":1000,"tournament_size":30},"8":{"parsimony_coefficient":0.01,"population_size":500,"tournament_size":30},"9":{"parsimony_coefficient":0.025,"population_size":500,"tournament_size":30},"10":{"parsimony_coefficient":0.01,"population_size":1000,"tournament_size":15}},"split0_test_score":{"0":0.8100436681,"1":0.8908296943,"2":0.8908296943,"3":0.827510917,"4":0.8951965066,"5":0.8886462882,"6":0.884279476,"7":0.8689956332,"8":0.8901418698,"9":0.8915969443,"10":0.8621316842},"split1_test_score":{"0":0.8165938865,"1":0.8962882096,"2":0.8384279476,"3":0.8384279476,"4":0.9017467249,"5":0.8722707424,"6":0.8831877729,"7":0.8831877729,"8":0.8886867952,"9":0.8894143325,"10":0.8643142961},"split2_test_score":{"0":0.8242358079,"1":0.8962882096,"2":0.8962882096,"3":0.8318777293,"4":0.8613537118,"5":0.8635371179,"6":0.8951965066,"7":0.8635371179,"8":0.8984716157,"9":0.8973799127,"10":0.8984716157},"split3_test_score":{"0":0.7958515284,"1":0.8875545852,"2":0.8875545852,"3":0.806768559,"4":0.8406113537,"5":0.8897379913,"6":0.8875545852,"7":0.8526200873,"8":0.8959243086,"9":0.8951965066,"10":0.8704512373},"split4_test_score":{"0":0.8089519651,"1":0.8384279476,"2":0.8209606987,"3":0.8209606987,"4":0.8820960699,"5":0.8755458515,"6":0.8679039301,"7":0.8537117904,"8":0.884279476,"9":0.8875545852,"10":0.884279476},"mean_test_score":{"0":0.8111353712,"1":0.8818777293,"2":0.8668122271,"3":0.8251091703,"4":0.8762008734,"5":0.8779475983,"6":0.8836244541,"7":0.8644104803,"8":0.8915008131,"9":0.8922284562,"10":0.8759296619},"std_test_score":{"0":0.0093911848,"1":0.0219798625,"2":0.0309320147,"3":0.0107940673,"4":0.0225176822,"5":0.0099913198,"6":0.0089119352,"7":0.0112057881,"8":0.0051004418,"9":0.0036196684,"10":0.0136614284},"rank_test_score":{"0":11,"1":4,"2":8,"3":10,"4":6,"5":5,"6":3,"7":9,"8":2,"9":1,"10":7},"split0_train_score":{"0":0.8051841746,"1":0.8881309686,"2":0.8881309686,"3":0.8190995907,"4":0.8922237381,"5":0.887585266,"6":0.8854024557,"7":0.8559345157,"8":0.8918697708,"9":0.8924154238,"10":0.8671335031},"split1_train_score":{"0":0.8111869031,"1":0.8954979536,"2":0.8245566166,"3":0.8245566166,"4":0.8998635744,"5":0.8564802183,"6":0.8663028649,"7":0.8663028649,"8":0.8921425973,"9":0.8928701346,"10":0.866496908},"split2_train_score":{"0":0.819372442,"1":0.8924965894,"2":0.8924965894,"3":0.8316507503,"4":0.8641200546,"5":0.8676671214,"6":0.8919508868,"7":0.8693042292,"8":0.8896971901,"9":0.8908793307,"10":0.8896971901},"split3_train_score":{"0":0.8057298772,"1":0.893042292,"2":0.893042292,"3":0.8212824011,"4":0.8398362892,"5":0.8894952251,"6":0.893042292,"7":0.8646657572,"8":0.8903337274,"9":0.8914249341,"10":0.8649631718},"split4_train_score":{"0":0.8160982265,"1":0.8373806276,"2":0.8283765348,"3":0.8283765348,"4":0.902319236,"5":0.8927694407,"6":0.882946794,"7":0.8703956344,"8":0.8932436119,"9":0.8933345458,"10":0.8932436119},"mean_train_score":{"0":0.8115143247,"1":0.8813096862,"2":0.8653206003,"3":0.8249931787,"4":0.8796725784,"5":0.8787994543,"6":0.8839290587,"7":0.8653206003,"8":0.8914573795,"9":0.8921848738,"10":0.876306877},"std_train_score":{"0":0.0055928526,"1":0.022092532,"2":0.0317927848,"3":0.0045708904,"4":0.0241117812,"5":0.0142044194,"6":0.0096043656,"7":0.0051208889,"8":0.0012799279,"9":0.0009084528,"10":0.0124516618}}