{"iter":{"0":0,"1":0,"2":0,"3":0,"4":0,"5":0,"6":0,"7":0,"8":1,"9":1,"10":1},"n_resources":{"0":4582,"1":4582,"2":4582,"3":4582,"4":4582,"5":4582,"6":4582,"7":4582,"8":13746,"9":13746,"10":13746},"mean_fit_time":{"0":15.3128417015,"1":15.9115357399,"2":26.5582093239,"3":26.2380190372,"4":16.3217905521,"5":15.515679121,"6":27.5123981476,"7":27.0986317635,"8":16.6168703079,"9":29.2178291798,"10":16.4374885559},"std_fit_time":{"0":0.2660311604,"1":0.3475801763,"2":0.3428146046,"3":0.1777694076,"4":0.2367492992,"5":0.2877290871,"6":0.7914828358,"7":0.3887684465,"8":0.3930087149,"9":0.339666597,"10":0.2885873811},"mean_score_time":{"0":0.0007359028,"1":0.0008143902,"2":0.0007139683,"3":0.0006444931,"4":0.0007873058,"5":0.0007950306,"6":0.0007214069,"7":0.0006690502,"8":0.0011891365,"9":0.0009209156,"10":0.0009135723},"std_score_time":{"0":0.0000553112,"1":0.0000944567,"2":0.0000661636,"3":0.0000118092,"4":0.0000826325,"5":0.0000540245,"6":0.0000540615,"7":0.0000648217,"8":0.0002096839,"9":0.0000902581,"10":0.0001075503},"param_parsimony_coefficient":{"0":0.025,"1":0.025,"2":0.025,"3":0.025,"4":0.01,"5":0.01,"6":0.01,"7":0.01,"8":0.01,"9":0.01,"10":0.025},"param_population_size":{"0":500,"1":500,"2":1000,"3":1000,"4":500,"5":500,"6":1000,"7":1000,"8":500,"9":1000,"10":500},"param_tournament_size":{"0":15,"1":30,"2":15,"3":30,"4":15,"5":30,"6":15,"7":30,"8":15,"9":15,"10":30},"params":{"0":{"parsimony_coefficient":0.025,"population_size":500,"tournament_size":15},"1":{"parsimony_coefficient":0.025,"population_size":500,"tournament_size":30},"2":{"parsimony_coefficient":0.025,"population_size":1000,"tournament_size":15},"3":{"parsimony_coefficient":0.025,"population_size":1000,"tournament_size":30},"4":{"parsimony_coefficient":0.01,"population_size":500,"tournament_size":15},"5":{"parsimony_coefficient":0.01,"population_size":500,"tournament_size":30},"6":{"parsimony_coefficient":0.01,"population_size":1000,"tournament_size":15},"7":{"parsimony_coefficient":0.01,"population_size":1000,"tournament_size":30},"8":{"parsimony_coefficient":0.01,"population_size":500,"tournament_size":15},"9":{"parsimony_coefficient":0.01,"population_size":1000,"tournament_size":15},"10":{"parsimony_coefficient":0.025,"population_size":500,"tournament_size":30}},"split0_test_score":{"0":0.8133187773,"1":0.8875545852,"2":0.8296943231,"3":0.8296943231,"4":0.8602620087,"5":0.8340611354,"6":0.8679039301,"7":0.8700873362,"8":0.8490360131,"9":0.8657693707,"10":0.8908694071},"split1_test_score":{"0":0.7969432314,"1":0.8820960699,"2":0.8111353712,"3":0.8111353712,"4":0.8482532751,"5":0.8799126638,"6":0.8777292576,"7":0.8526200873,"8":0.8410331029,"9":0.8839578028,"10":0.8861404147},"split2_test_score":{"0":0.8056768559,"1":0.8919213974,"2":0.8187772926,"3":0.8187772926,"4":0.9017467249,"5":0.8875545852,"6":0.8951965066,"7":0.8624454148,"8":0.897053474,"9":0.8719534376,"10":0.897053474},"split3_test_score":{"0":0.8165938865,"1":0.8941048035,"2":0.8941048035,"3":0.826419214,"4":0.8886462882,"5":0.8951965066,"6":0.8941048035,"7":0.8951965066,"8":0.8595342067,"9":0.8893740902,"10":0.8908296943},"split4_test_score":{"0":0.807860262,"1":0.8810043668,"2":0.8810043668,"3":0.8187772926,"4":0.8788209607,"5":0.8755458515,"6":0.8755458515,"7":0.7871179039,"8":0.8802765648,"9":0.8813682678,"10":0.8813682678},"mean_test_score":{"0":0.8080786026,"1":0.8873362445,"2":0.8469432314,"3":0.8209606987,"4":0.8755458515,"5":0.8744541485,"6":0.8820960699,"7":0.8534934498,"8":0.8653866723,"9":0.8784845938,"10":0.8892522516},"std_test_score":{"0":0.0067791156,"1":0.0051853022,"2":0.033933531,"3":0.0065137266,"4":0.0192214158,"5":0.0212812104,"6":0.010763107,"7":0.0360586066,"8":0.0205873115,"9":0.0084992426,"10":0.0052498251},"rank_test_score":{"0":11,"1":2,"2":9,"3":10,"4":5,"5":6,"6":3,"7":8,"8":7,"9":4,"10":1},"split0_train_score":{"0":0.8160982265,"1":0.8933151432,"2":0.8330150068,"3":0.8330150068,"4":0.8619372442,"5":0.8362892224,"6":0.8774897681,"7":0.8663028649,"8":0.8429428883,"9":0.8634958167,"10":0.8888686795},"split1_train_score":{"0":0.8152796726,"1":0.8864938608,"2":0.8308321965,"3":0.8308321965,"4":0.863574352,"5":0.8864938608,"6":0.8832196453,"7":0.8687585266,"8":0.8447617315,"9":0.8865951255,"10":0.8899599854},"split2_train_score":{"0":0.8079126876,"1":0.8889495225,"2":0.8286493861,"3":0.8286493861,"4":0.8935879945,"5":0.887585266,"6":0.8886766712,"7":0.8613915416,"8":0.8855038196,"9":0.8617679156,"10":0.8872317206},"split3_train_score":{"0":0.8049113233,"1":0.8884038199,"2":0.8884038199,"3":0.8188267394,"4":0.8905866303,"5":0.887585266,"6":0.8884038199,"7":0.887585266,"8":0.8594162044,"9":0.8874238429,"10":0.8887878512},"split4_train_score":{"0":0.8114597544,"1":0.8941336971,"2":0.8941336971,"3":0.8291950887,"4":0.8946793997,"5":0.8916780355,"6":0.8916780355,"7":0.7937244202,"8":0.8948804219,"9":0.8912430663,"10":0.8912430663},"mean_train_score":{"0":0.8111323329,"1":0.8902592087,"2":0.8550068213,"3":0.8281036835,"4":0.8808731241,"5":0.8779263302,"6":0.885893588,"7":0.8555525239,"8":0.8655010132,"9":0.8781051534,"10":0.8892182606},"std_train_score":{"0":0.0042669616,"1":0.002955875,"2":0.0296952478,"3":0.0048809124,"4":0.0148623581,"5":0.0208937829,"6":0.005005613,"7":0.0321648051,"8":0.0211625784,"9":0.0127425305,"10":0.0013344508}}