{"iter":{"0":0,"1":0,"2":0,"3":0,"4":0,"5":0,"6":0,"7":0,"8":1,"9":1,"10":1},"n_resources":{"0":4582,"1":4582,"2":4582,"3":4582,"4":4582,"5":4582,"6":4582,"7":4582,"8":13746,"9":13746,"10":13746},"mean_fit_time":{"0":15.302731657,"1":15.5324309826,"2":26.9094965935,"3":25.9485025406,"4":15.5603861809,"5":15.9045628071,"6":27.9955239773,"7":26.9631648064,"8":16.1222717762,"9":16.0775549412,"10":28.1880841255},"std_fit_time":{"0":0.1304140934,"1":0.3008376623,"2":0.0625375549,"3":0.1704185093,"4":0.158764568,"5":0.1269333231,"6":0.4440437156,"7":0.2600007753,"8":0.2715182388,"9":0.3749489963,"10":0.1045815713},"mean_score_time":{"0":0.0007546902,"1":0.0007690907,"2":0.0007120609,"3":0.0006443977,"4":0.0008310318,"5":0.0007748604,"6":0.0007826328,"7":0.0006403446,"8":0.0010889053,"9":0.0011707783,"10":0.0008916378},"std_score_time":{"0":0.0000189812,"1":0.0000747087,"2":0.0000583604,"3":0.0000269712,"4":0.0001000128,"5":0.0001382144,"6":0.0000519395,"7":0.0000300178,"8":0.000215719,"9":0.0000418068,"10":0.0000667002},"param_parsimony_coefficient":{"0":0.025,"1":0.025,"2":0.025,"3":0.025,"4":0.01,"5":0.01,"6":0.01,"7":0.01,"8":0.025,"9":0.01,"10":0.025},"param_population_size":{"0":500,"1":500,"2":1000,"3":1000,"4":500,"5":500,"6":1000,"7":1000,"8":500,"9":500,"10":1000},"param_tournament_size":{"0":15,"1":30,"2":15,"3":30,"4":15,"5":30,"6":15,"7":30,"8":30,"9":30,"10":15},"params":{"0":{"parsimony_coefficient":0.025,"population_size":500,"tournament_size":15},"1":{"parsimony_coefficient":0.025,"population_size":500,"tournament_size":30},"2":{"parsimony_coefficient":0.025,"population_size":1000,"tournament_size":15},"3":{"parsimony_coefficient":0.025,"population_size":1000,"tournament_size":30},"4":{"parsimony_coefficient":0.01,"population_size":500,"tournament_size":15},"5":{"parsimony_coefficient":0.01,"population_size":500,"tournament_size":30},"6":{"parsimony_coefficient":0.01,"population_size":1000,"tournament_size":15},"7":{"parsimony_coefficient":0.01,"population_size":1000,"tournament_size":30},"8":{"parsimony_coefficient":0.025,"population_size":500,"tournament_size":30},"9":{"parsimony_coefficient":0.01,"population_size":500,"tournament_size":30},"10":{"parsimony_coefficient":0.025,"population_size":1000,"tournament_size":15}},"split0_test_score":{"0":0.8045851528,"1":0.8864628821,"2":0.8864628821,"3":0.8220524017,"4":0.8831877729,"5":0.8831877729,"6":0.8831877729,"7":0.7903930131,"8":0.8839578028,"9":0.881775191,"10":0.8839578028},"split1_test_score":{"0":0.8253275109,"1":0.8995633188,"2":0.8995633188,"3":0.846069869,"4":0.9017467249,"5":0.9017467249,"6":0.8766375546,"7":0.8766375546,"8":0.8883230266,"9":0.8886867952,"10":0.8883230266},"split2_test_score":{"0":0.8307860262,"1":0.9050218341,"2":0.9050218341,"3":0.8384279476,"4":0.8755458515,"5":0.9061135371,"6":0.8799126638,"7":0.8820960699,"8":0.8959243086,"9":0.8970160116,"10":0.8959243086},"split3_test_score":{"0":0.8176855895,"1":0.8482532751,"2":0.9050218341,"3":0.8362445415,"4":0.8744541485,"5":0.9006550218,"6":0.9006550218,"7":0.8810043668,"8":0.8948326055,"9":0.8941048035,"10":0.8948326055},"split4_test_score":{"0":0.8220524017,"1":0.9006550218,"2":0.9006550218,"3":0.8395196507,"4":0.8777292576,"5":0.8941048035,"6":0.8777292576,"7":0.8122270742,"8":0.8835516739,"9":0.8795487627,"10":0.8835516739},"mean_test_score":{"0":0.8200873362,"1":0.8879912664,"2":0.8993449782,"3":0.8364628821,"4":0.8825327511,"5":0.8971615721,"6":0.8836244541,"7":0.8484716157,"8":0.8893178835,"9":0.8882263128,"10":0.8893178835},"std_test_score":{"0":0.0088528974,"1":0.0208123389,"2":0.0068141863,"3":0.0079146589,"4":0.0100673728,"5":0.0079746648,"6":0.0088042992,"7":0.0391640008,"8":0.005235005,"9":0.0067667474,"10":0.005235005},"rank_test_score":{"0":11,"1":6,"2":1,"3":10,"4":8,"5":2,"6":7,"7":9,"8":3,"9":5,"10":3},"split0_train_score":{"0":0.8084583902,"1":0.887585266,"2":0.887585266,"3":0.8302864939,"4":0.8867667121,"5":0.8867667121,"6":0.8867667121,"7":0.8005457026,"8":0.8906875227,"9":0.8899599854,"10":0.8906875227},"split1_train_score":{"0":0.8062755798,"1":0.8843110505,"2":0.8843110505,"3":0.8223738063,"4":0.8832196453,"5":0.8832196453,"6":0.8627557981,"7":0.8652114598,"8":0.8895052746,"9":0.8880502001,"10":0.8895052746},"split2_train_score":{"0":0.8493860846,"1":0.8933151432,"2":0.8933151432,"3":0.8324693042,"4":0.8676671214,"5":0.8916780355,"6":0.8714870396,"7":0.872851296,"8":0.8875147768,"9":0.8859689006,"10":0.8875147768},"split3_train_score":{"0":0.8114597544,"1":0.8346521146,"2":0.8935879945,"3":0.8311050477,"4":0.8643929059,"5":0.893042292,"6":0.8916780355,"7":0.8690313779,"8":0.8877875784,"9":0.8866963717,"10":0.8877875784},"split4_train_score":{"0":0.8174624829,"1":0.8935879945,"2":0.8935879945,"3":0.8373806276,"4":0.8714870396,"5":0.8916780355,"6":0.8714870396,"7":0.8125511596,"8":0.8906065291,"9":0.8903337274,"10":0.8906065291},"mean_train_score":{"0":0.8186084584,"1":0.8786903138,"2":0.8904774898,"3":0.8307230559,"4":0.8747066849,"5":0.8892769441,"6":0.876834925,"7":0.8440381992,"8":0.8892203363,"9":0.888201837,"10":0.8892203363},"std_train_score":{"0":0.0158417378,"1":0.0222975441,"2":0.0038416842,"3":0.0048460111,"4":0.008765961,"5":0.0037067629,"6":0.0107180212,"7":0.0309392677,"8":0.0013503396,"9":0.0017269318,"10":0.0013503396}}