{"iter":{"0":0,"1":0,"2":0,"3":0,"4":0,"5":0,"6":0,"7":0,"8":1,"9":1,"10":1},"n_resources":{"0":4601,"1":4601,"2":4601,"3":4601,"4":4601,"5":4601,"6":4601,"7":4601,"8":13803,"9":13803,"10":13803},"mean_fit_time":{"0":15.9707517147,"1":15.3494858742,"2":26.6231454372,"3":26.4022391796,"4":15.603556776,"5":15.3991230011,"6":27.7329757214,"7":27.3851588249,"8":16.0197221279,"9":28.4447664738,"10":28.3070621967},"std_fit_time":{"0":0.3488861377,"1":0.291768343,"2":0.3442963372,"3":0.1708086933,"4":0.3744936613,"5":0.3743577835,"6":0.2026917029,"7":0.3543279595,"8":0.0912030573,"9":0.2413749035,"10":0.5093915785},"mean_score_time":{"0":0.000799036,"1":0.0007232189,"2":0.0006230354,"3":0.0006454945,"4":0.0007664204,"5":0.0007231712,"6":0.0006908894,"7":0.0006808758,"8":0.0009232521,"9":0.0008286953,"10":0.0008307457},"std_score_time":{"0":0.0001044496,"1":0.0000572045,"2":0.0000125892,"3":0.0000341169,"4":0.0000415143,"5":0.000045628,"6":0.0000345308,"7":0.0000605839,"8":0.0000252015,"9":0.0000700564,"10":0.0000720281},"param_parsimony_coefficient":{"0":0.025,"1":0.025,"2":0.025,"3":0.025,"4":0.01,"5":0.01,"6":0.01,"7":0.01,"8":0.01,"9":0.01,"10":0.01},"param_population_size":{"0":500,"1":500,"2":1000,"3":1000,"4":500,"5":500,"6":1000,"7":1000,"8":500,"9":1000,"10":1000},"param_tournament_size":{"0":15,"1":30,"2":15,"3":30,"4":15,"5":30,"6":15,"7":30,"8":30,"9":15,"10":30},"params":{"0":{"parsimony_coefficient":0.025,"population_size":500,"tournament_size":15},"1":{"parsimony_coefficient":0.025,"population_size":500,"tournament_size":30},"2":{"parsimony_coefficient":0.025,"population_size":1000,"tournament_size":15},"3":{"parsimony_coefficient":0.025,"population_size":1000,"tournament_size":30},"4":{"parsimony_coefficient":0.01,"population_size":500,"tournament_size":15},"5":{"parsimony_coefficient":0.01,"population_size":500,"tournament_size":30},"6":{"parsimony_coefficient":0.01,"population_size":1000,"tournament_size":15},"7":{"parsimony_coefficient":0.01,"population_size":1000,"tournament_size":30},"8":{"parsimony_coefficient":0.01,"population_size":500,"tournament_size":30},"9":{"parsimony_coefficient":0.01,"population_size":1000,"tournament_size":15},"10":{"parsimony_coefficient":0.01,"population_size":1000,"tournament_size":30}},"split0_test_score":{"0":0.8684782609,"1":0.8086956522,"2":0.8423913043,"3":0.8423913043,"4":0.8423913043,"5":0.8423913043,"6":0.8445652174,"7":0.8684782609,"8":0.8359290112,"9":0.8384643245,"10":0.8627308946},"split1_test_score":{"0":0.7945652174,"1":0.725,"2":0.8347826087,"3":0.8347826087,"4":0.8347826087,"5":0.8467391304,"6":0.8467391304,"7":0.8347826087,"8":0.8446215139,"9":0.851140891,"10":0.868888084},"split2_test_score":{"0":0.9152173913,"1":0.8119565217,"2":0.8380434783,"3":0.8380434783,"4":0.8380434783,"5":0.8380434783,"6":0.8608695652,"7":0.8652173913,"8":0.8247011952,"9":0.8406374502,"10":0.8565737052},"split3_test_score":{"0":0.75,"1":0.8,"2":0.8347826087,"3":0.8347826087,"4":0.8347826087,"5":0.8347826087,"6":0.8326086957,"7":0.8586956522,"8":0.8260869565,"9":0.834057971,"10":0.8108695652},"split4_test_score":{"0":0.8054347826,"1":0.827173913,"2":0.85,"3":0.85,"4":0.85,"5":0.85,"6":0.8413043478,"7":0.8717391304,"8":0.8438405797,"9":0.8427536232,"10":0.8673913043},"mean_test_score":{"0":0.8267391304,"1":0.7945652174,"2":0.84,"3":0.84,"4":0.84,"5":0.8423913043,"6":0.8452173913,"7":0.8597826087,"8":0.8350358513,"9":0.841410852,"10":0.8532907107},"std_test_score":{"0":0.0582211091,"1":0.0358728589,"2":0.0057269304,"3":0.0057269304,"4":0.0057269304,"5":0.0055424125,"6":0.0091871942,"7":0.0132233968,"8":0.0084509614,"9":0.0056537019,"10":0.0216404875},"rank_test_score":{"0":10,"1":11,"2":6,"3":6,"4":6,"5":4,"6":3,"7":1,"8":9,"9":5,"10":2},"split0_train_score":{"0":0.8644021739,"1":0.7983695652,"2":0.8369565217,"3":0.8369565217,"4":0.8369565217,"5":0.8369565217,"6":0.8464673913,"7":0.864673913,"8":0.834812534,"9":0.8421481616,"10":0.8616192719},"split1_train_score":{"0":0.7983695652,"1":0.7442934783,"2":0.8361413043,"3":0.8361413043,"4":0.8361413043,"5":0.8418478261,"6":0.8418478261,"7":0.8361413043,"8":0.8326390147,"9":0.8389784459,"10":0.8600796957},"split2_train_score":{"0":0.9184782609,"1":0.8111413043,"2":0.839673913,"3":0.839673913,"4":0.839673913,"5":0.839673913,"6":0.860326087,"7":0.8638586957,"8":0.8376199964,"9":0.8416047817,"10":0.863158848},"split3_train_score":{"0":0.7655528389,"1":0.8063026352,"2":0.8408041293,"3":0.8408041293,"4":0.8408041293,"5":0.8408041293,"6":0.8459657702,"7":0.8638956805,"8":0.8372724803,"9":0.8432491171,"10":0.8216970026},"split4_train_score":{"0":0.7962510187,"1":0.8005976637,"2":0.826405868,"3":0.826405868,"4":0.826405868,"5":0.826405868,"6":0.8432491171,"7":0.8595490356,"8":0.8328352803,"9":0.8410757946,"10":0.8604545866},"mean_train_score":{"0":0.8286107715,"1":0.7921409293,"2":0.8359963473,"3":0.8359963473,"4":0.8359963473,"5":0.8371376516,"6":0.8475712383,"7":0.8576237258,"8":0.8350358611,"9":0.8414112602,"10":0.853401881},"std_train_score":{"0":0.0553085475,"1":0.024336224,"2":0.0050903732,"3":0.0050903732,"4":0.0050903732,"5":0.0056083048,"6":0.0066018232,"7":0.0108914522,"8":0.0021127009,"9":0.0014134578,"10":0.0158887199}}