{"iter":{"0":0,"1":0,"2":0,"3":0,"4":0,"5":0,"6":0,"7":0,"8":1,"9":1,"10":1},"n_resources":{"0":4600,"1":4600,"2":4600,"3":4600,"4":4600,"5":4600,"6":4600,"7":4600,"8":13800,"9":13800,"10":13800},"mean_fit_time":{"0":15.5304934978,"1":15.4056427956,"2":26.576224184,"3":26.4294590473,"4":15.6495327473,"5":15.1993860722,"6":27.6753713608,"7":27.1434470177,"8":16.4303120613,"9":28.4827682018,"10":28.4560276031},"std_fit_time":{"0":0.1916148584,"1":0.3152588272,"2":0.1196655652,"3":0.1249043257,"4":0.2421377446,"5":0.3409869101,"6":0.2952620854,"7":0.4007367047,"8":0.1481465439,"9":0.3238665738,"10":0.3420796878},"mean_score_time":{"0":0.0007843494,"1":0.0007414341,"2":0.0006439209,"3":0.0006435394,"4":0.0007160187,"5":0.0007882595,"6":0.0006960392,"7":0.0006885052,"8":0.0008957386,"9":0.0007749557,"10":0.0008090973},"std_score_time":{"0":0.0000360781,"1":0.000018743,"2":0.0000212486,"3":0.0000079539,"4":0.0000712721,"5":0.0000760685,"6":0.0000499282,"7":0.0000478074,"8":0.0001259735,"9":0.0000070414,"10":0.000052032},"param_parsimony_coefficient":{"0":0.025,"1":0.025,"2":0.025,"3":0.025,"4":0.01,"5":0.01,"6":0.01,"7":0.01,"8":0.01,"9":0.01,"10":0.01},"param_population_size":{"0":500,"1":500,"2":1000,"3":1000,"4":500,"5":500,"6":1000,"7":1000,"8":500,"9":1000,"10":1000},"param_tournament_size":{"0":15,"1":30,"2":15,"3":30,"4":15,"5":30,"6":15,"7":30,"8":30,"9":15,"10":30},"params":{"0":{"parsimony_coefficient":0.025,"population_size":500,"tournament_size":15},"1":{"parsimony_coefficient":0.025,"population_size":500,"tournament_size":30},"2":{"parsimony_coefficient":0.025,"population_size":1000,"tournament_size":15},"3":{"parsimony_coefficient":0.025,"population_size":1000,"tournament_size":30},"4":{"parsimony_coefficient":0.01,"population_size":500,"tournament_size":15},"5":{"parsimony_coefficient":0.01,"population_size":500,"tournament_size":30},"6":{"parsimony_coefficient":0.01,"population_size":1000,"tournament_size":15},"7":{"parsimony_coefficient":0.01,"population_size":1000,"tournament_size":30},"8":{"parsimony_coefficient":0.01,"population_size":500,"tournament_size":30},"9":{"parsimony_coefficient":0.01,"population_size":1000,"tournament_size":15},"10":{"parsimony_coefficient":0.01,"population_size":1000,"tournament_size":30}},"split0_test_score":{"0":0.9336956522,"1":0.8173913043,"2":0.8543478261,"3":0.7630434783,"4":0.7826086957,"5":0.8543478261,"6":0.8413043478,"7":0.8760869565,"8":0.8391304348,"9":0.8423913043,"10":0.8652173913},"split1_test_score":{"0":0.7608695652,"1":0.8184782609,"2":0.8445652174,"3":0.8445652174,"4":0.8445652174,"5":0.8445652174,"6":0.8717391304,"7":0.8445652174,"8":0.8413043478,"9":0.8442028986,"10":0.8663043478},"split2_test_score":{"0":0.8171926007,"1":0.7301414581,"2":0.8280739935,"3":0.8280739935,"4":0.8280739935,"5":0.8280739935,"6":0.8552774755,"7":0.8563656148,"8":0.826748822,"9":0.8539325843,"10":0.8539325843},"split3_test_score":{"0":0.8073993471,"1":0.8073993471,"2":0.8248095756,"3":0.7431991295,"4":0.8248095756,"5":0.8248095756,"6":0.8487486398,"7":0.853101197,"8":0.8242116709,"9":0.8314606742,"10":0.8539325843},"split4_test_score":{"0":0.8356909684,"1":0.7464635473,"2":0.8487486398,"3":0.8487486398,"4":0.8487486398,"5":0.8487486398,"6":0.8759521219,"7":0.8759521219,"8":0.8463211308,"9":0.8459586807,"10":0.8720550924},"mean_test_score":{"0":0.8309696267,"1":0.7839747836,"2":0.8401090505,"3":0.8055260917,"4":0.8257612244,"5":0.8401090505,"6":0.8586043431,"7":0.8612142215,"8":0.8355432813,"9":0.8435892284,"10":0.8622884},"std_test_score":{"0":0.0569812434,"1":0.0378443754,"2":0.0116289224,"3":0.0437951425,"4":0.0234538129,"5":0.0116289224,"6":0.0132737398,"7":0.0126879742,"8":0.0085786655,"9":0.0072320503,"10":0.0072074187},"rank_test_score":{"0":8,"1":11,"2":5,"3":10,"4":9,"5":5,"6":3,"7":2,"8":7,"9":4,"10":1},"split0_train_score":{"0":0.9092144605,"1":0.8081000272,"2":0.8301168796,"3":0.7328078282,"4":0.7746670291,"5":0.8301168796,"6":0.8420766513,"7":0.8578418048,"8":0.8346770541,"9":0.8403840928,"10":0.861581665},"split1_train_score":{"0":0.7656972003,"1":0.8067409622,"2":0.8314759446,"3":0.8314759446,"4":0.8314759446,"5":0.8314759446,"6":0.8564827399,"7":0.8314759446,"8":0.8340429387,"9":0.8399311532,"10":0.8613099013},"split2_train_score":{"0":0.8149456522,"1":0.7497282609,"2":0.8315217391,"3":0.8315217391,"4":0.8315217391,"5":0.8315217391,"6":0.8600543478,"7":0.8600543478,"8":0.8376811594,"9":0.8644021739,"10":0.8644021739},"split3_train_score":{"0":0.8225543478,"1":0.8225543478,"2":0.8369565217,"3":0.7391304348,"4":0.8369565217,"5":0.8369565217,"6":0.8570652174,"7":0.8619565217,"8":0.8384057971,"9":0.8432065217,"10":0.8648550725},"split4_train_score":{"0":0.8133152174,"1":0.7516304348,"2":0.8296195652,"3":0.8296195652,"4":0.8296195652,"5":0.8296195652,"6":0.858423913,"7":0.8586956522,"8":0.8328804348,"9":0.8395833333,"10":0.8599637681},"mean_train_score":{"0":0.8251453756,"1":0.7877508066,"2":0.83193813,"3":0.7929111024,"4":0.8208481599,"5":0.83193813,"6":0.8548205739,"7":0.8540048542,"8":0.8355374768,"9":0.845501455,"10":0.8624225162},"std_train_score":{"0":0.0465884041,"1":0.0307779093,"2":0.0026177833,"3":0.0465409569,"4":0.0232206323,"5":0.0026177833,"6":0.0064897647,"7":0.0113499157,"8":0.0021380589,"9":0.0095367051,"10":0.0018882139}}