{"iter":{"0":0,"1":0,"2":0,"3":0,"4":0,"5":0,"6":0,"7":0,"8":1,"9":1,"10":1},"n_resources":{"0":4601,"1":4601,"2":4601,"3":4601,"4":4601,"5":4601,"6":4601,"7":4601,"8":13803,"9":13803,"10":13803},"mean_fit_time":{"0":15.2847545624,"1":15.2597752571,"2":26.3691781998,"3":26.5915214062,"4":15.6436022282,"5":15.7134165287,"6":27.5749687672,"7":27.3143030643,"8":16.6478067398,"9":28.5148315907,"10":28.5978768349},"std_fit_time":{"0":0.1829665714,"1":0.2352022011,"2":0.1343979208,"3":0.2781895656,"4":0.2372627585,"5":0.2401535376,"6":0.3920772579,"7":0.3902645092,"8":0.2310727982,"9":0.2938128868,"10":0.4887267515},"mean_score_time":{"0":0.0007051468,"1":0.000749445,"2":0.0006473064,"3":0.0006821156,"4":0.0007812977,"5":0.0007307053,"6":0.0006832123,"7":0.0006406784,"8":0.0009484291,"9":0.0007874489,"10":0.0008327484},"std_score_time":{"0":0.0000558227,"1":0.0000647582,"2":0.0000241973,"3":0.0000354717,"4":0.0001286664,"5":0.0000500319,"6":0.0000636606,"7":0.0000100435,"8":0.0000410183,"9":0.0000216772,"10":0.0000696167},"param_parsimony_coefficient":{"0":0.025,"1":0.025,"2":0.025,"3":0.025,"4":0.01,"5":0.01,"6":0.01,"7":0.01,"8":0.01,"9":0.01,"10":0.01},"param_population_size":{"0":500,"1":500,"2":1000,"3":1000,"4":500,"5":500,"6":1000,"7":1000,"8":500,"9":1000,"10":1000},"param_tournament_size":{"0":15,"1":30,"2":15,"3":30,"4":15,"5":30,"6":15,"7":30,"8":15,"9":15,"10":30},"params":{"0":{"parsimony_coefficient":0.025,"population_size":500,"tournament_size":15},"1":{"parsimony_coefficient":0.025,"population_size":500,"tournament_size":30},"2":{"parsimony_coefficient":0.025,"population_size":1000,"tournament_size":15},"3":{"parsimony_coefficient":0.025,"population_size":1000,"tournament_size":30},"4":{"parsimony_coefficient":0.01,"population_size":500,"tournament_size":15},"5":{"parsimony_coefficient":0.01,"population_size":500,"tournament_size":30},"6":{"parsimony_coefficient":0.01,"population_size":1000,"tournament_size":15},"7":{"parsimony_coefficient":0.01,"population_size":1000,"tournament_size":30},"8":{"parsimony_coefficient":0.01,"population_size":500,"tournament_size":15},"9":{"parsimony_coefficient":0.01,"population_size":1000,"tournament_size":15},"10":{"parsimony_coefficient":0.01,"population_size":1000,"tournament_size":30}},"split0_test_score":{"0":0.802173913,"1":0.8032608696,"2":0.8260869565,"3":0.8260869565,"4":0.8260869565,"5":0.8260869565,"6":0.85,"7":0.85,"8":0.779065556,"9":0.8620065194,"10":0.8620065194},"split1_test_score":{"0":0.7358695652,"1":0.8141304348,"2":0.8413043478,"3":0.7358695652,"4":0.8413043478,"5":0.7858695652,"6":0.8717391304,"7":0.8717391304,"8":0.8457080768,"9":0.8714233973,"10":0.8714233973},"split2_test_score":{"0":0.802173913,"1":0.7880434783,"2":0.8184782609,"3":0.7467391304,"4":0.8891304348,"5":0.8184782609,"6":0.8413043478,"7":0.847826087,"8":0.819268381,"9":0.8330315103,"10":0.8467946396},"split3_test_score":{"0":0.8239130435,"1":0.7293478261,"2":0.8173913043,"3":0.8173913043,"4":0.8173913043,"5":0.8173913043,"6":0.8173913043,"7":0.8565217391,"8":0.818115942,"9":0.8307971014,"10":0.8510869565},"split4_test_score":{"0":0.8195652174,"1":0.797826087,"2":0.8402173913,"3":0.8402173913,"4":0.8402173913,"5":0.8402173913,"6":0.8369565217,"7":0.8576086957,"8":0.7807971014,"9":0.8630434783,"10":0.8630434783},"mean_test_score":{"0":0.7967391304,"1":0.7865217391,"2":0.8286956522,"3":0.7932608696,"4":0.842826087,"5":0.8176086957,"6":0.8434782609,"7":0.8567391304,"8":0.8085910114,"9":0.8520604013,"10":0.8588709982},"std_test_score":{"0":0.0316974115,"1":0.0298040228,"2":0.0103026049,"3":0.0431805021,"4":0.0248207182,"5":0.0178393376,"6":0.0177143902,"7":0.0083745045,"8":0.0254033896,"9":0.016785145,"10":0.008845717},"rank_test_score":{"0":9,"1":11,"2":6,"3":10,"4":5,"5":7,"6":4,"7":2,"8":8,"9":3,"10":1},"split0_train_score":{"0":0.8149456522,"1":0.8013586957,"2":0.8339673913,"3":0.8339673913,"4":0.8339673913,"5":0.8339673913,"6":0.8608695652,"7":0.8611413043,"8":0.7726861076,"9":0.858087303,"10":0.858087303},"split1_train_score":{"0":0.7513586957,"1":0.8024456522,"2":0.8244565217,"3":0.7513586957,"4":0.8244565217,"5":0.7967391304,"6":0.8532608696,"7":0.8532608696,"8":0.8272957798,"9":0.8557326571,"10":0.8557326571},"split2_train_score":{"0":0.8130434783,"1":0.8127717391,"2":0.8285326087,"3":0.747826087,"4":0.9078804348,"5":0.8285326087,"6":0.8355978261,"7":0.85625,"8":0.8339069009,"9":0.8401557689,"10":0.8618909618},"split3_train_score":{"0":0.8413474599,"1":0.7449062755,"2":0.8408041293,"3":0.8408041293,"4":0.8408041293,"5":0.8408041293,"6":0.8408041293,"7":0.8663406683,"8":0.8341936068,"9":0.8407135742,"10":0.860816807},"split4_train_score":{"0":0.825590872,"1":0.8060309698,"2":0.8391741375,"3":0.8391741375,"4":0.8391741375,"5":0.8391741375,"6":0.8427057865,"7":0.8644390111,"8":0.7722539165,"9":0.8578284886,"10":0.8578284886},"mean_train_score":{"0":0.8092572316,"1":0.7935026665,"2":0.8333869577,"3":0.8026260881,"4":0.8492565229,"5":0.8278434794,"6":0.8466476353,"7":0.8602863707,"8":0.8080672623,"9":0.8505035584,"10":0.8588712435},"std_train_score":{"0":0.0306447543,"1":0.0246233992,"2":0.0061993577,"3":0.0433750751,"4":0.0298618757,"5":0.0161357986,"6":0.00914091,"7":0.0049046877,"8":0.0291699521,"9":0.0082635561,"10":0.0022116302}}