{"iter":{"0":0,"1":0,"2":0,"3":0,"4":0,"5":0,"6":0,"7":0,"8":1,"9":1,"10":1},"n_resources":{"0":4600,"1":4600,"2":4600,"3":4600,"4":4600,"5":4600,"6":4600,"7":4600,"8":13800,"9":13800,"10":13800},"mean_fit_time":{"0":15.5566754818,"1":15.619287014,"2":26.3308077335,"3":26.3455495834,"4":15.4993283749,"5":15.6255301952,"6":27.8631365776,"7":27.181731081,"8":15.7766303539,"9":28.9302840233,"10":28.842095089},"std_fit_time":{"0":0.1799598015,"1":0.4555390553,"2":0.1098302057,"3":0.100056219,"4":0.5587322116,"5":0.2095726254,"6":0.4354656433,"7":0.5287550213,"8":0.2657176821,"9":0.5654075566,"10":0.4985369033},"mean_score_time":{"0":0.0007355213,"1":0.0007128239,"2":0.000641489,"3":0.0006271839,"4":0.000752306,"5":0.0007656574,"6":0.0007032394,"7":0.0006588936,"8":0.0009160042,"9":0.000923872,"10":0.000871706},"std_score_time":{"0":0.0000517169,"1":0.0000435442,"2":0.0000120872,"3":0.0000083407,"4":0.0000169036,"5":0.0000369211,"6":0.000075412,"7":0.0000538538,"8":0.0000781588,"9":0.0000679139,"10":0.0001020074},"param_parsimony_coefficient":{"0":0.025,"1":0.025,"2":0.025,"3":0.025,"4":0.01,"5":0.01,"6":0.01,"7":0.01,"8":0.025,"9":0.01,"10":0.01},"param_population_size":{"0":500,"1":500,"2":1000,"3":1000,"4":500,"5":500,"6":1000,"7":1000,"8":500,"9":1000,"10":1000},"param_tournament_size":{"0":15,"1":30,"2":15,"3":30,"4":15,"5":30,"6":15,"7":30,"8":15,"9":30,"10":15},"params":{"0":{"parsimony_coefficient":0.025,"population_size":500,"tournament_size":15},"1":{"parsimony_coefficient":0.025,"population_size":500,"tournament_size":30},"2":{"parsimony_coefficient":0.025,"population_size":1000,"tournament_size":15},"3":{"parsimony_coefficient":0.025,"population_size":1000,"tournament_size":30},"4":{"parsimony_coefficient":0.01,"population_size":500,"tournament_size":15},"5":{"parsimony_coefficient":0.01,"population_size":500,"tournament_size":30},"6":{"parsimony_coefficient":0.01,"population_size":1000,"tournament_size":15},"7":{"parsimony_coefficient":0.01,"population_size":1000,"tournament_size":30},"8":{"parsimony_coefficient":0.025,"population_size":500,"tournament_size":15},"9":{"parsimony_coefficient":0.01,"population_size":1000,"tournament_size":30},"10":{"parsimony_coefficient":0.01,"population_size":1000,"tournament_size":15}},"split0_test_score":{"0":0.8097826087,"1":0.7956521739,"2":0.8173913043,"3":0.8304347826,"4":0.8304347826,"5":0.8304347826,"6":0.8554347826,"7":0.8597826087,"8":0.7699275362,"9":0.8789855072,"10":0.8655797101},"split1_test_score":{"0":0.7913043478,"1":0.7576086957,"2":0.8010869565,"3":0.8010869565,"4":0.8010869565,"5":0.8010869565,"6":0.8282608696,"7":0.8010869565,"8":0.8286231884,"9":0.8706521739,"10":0.8695652174},"split2_test_score":{"0":0.8171926007,"1":0.7551686616,"2":0.8422198041,"3":0.7551686616,"4":0.8346028292,"5":0.8346028292,"6":0.8639825898,"7":0.8639825898,"8":0.8079014136,"9":0.7995650598,"10":0.8542950344},"split3_test_score":{"0":0.8911860718,"1":0.8171926007,"2":0.8324265506,"3":0.7551686616,"4":0.8324265506,"5":0.8324265506,"6":0.8552774755,"7":0.8574537541,"8":0.8100761145,"9":0.7995650598,"10":0.8575570859},"split4_test_score":{"0":0.872687704,"1":0.8008705114,"2":0.8498367791,"3":0.8498367791,"4":0.8498367791,"5":0.8498367791,"6":0.8672470076,"7":0.872687704,"8":0.8187749184,"9":0.8006524103,"10":0.860094237},"mean_test_score":{"0":0.8364306666,"1":0.7852985286,"2":0.8285922789,"3":0.7983391683,"4":0.8296775796,"5":0.8296775796,"6":0.854040545,"7":0.8509987226,"8":0.8070606342,"9":0.8298840422,"10":0.861418257},"std_test_score":{"0":0.0385469428,"1":0.0246635447,"2":0.0175142483,"3":0.0385151088,"4":0.0158505857,"5":0.0158505857,"6":0.0137209363,"7":0.0254911797,"8":0.0199541234,"9":0.0367857693,"10":0.0054971379},"rank_test_score":{"0":4,"1":11,"2":8,"3":10,"4":6,"5":6,"6":2,"7":3,"8":9,"9":5,"10":1},"split0_train_score":{"0":0.8059255232,"1":0.8138081,"2":0.8456102202,"3":0.8399021473,"4":0.8399021473,"5":0.8399021473,"6":0.8624626257,"7":0.8659961946,"8":0.7641090679,"9":0.8713651599,"10":0.8603134342},"split1_train_score":{"0":0.8284860016,"1":0.7548246806,"2":0.8434357162,"3":0.8434357162,"4":0.8434357162,"5":0.8434357162,"6":0.8659961946,"7":0.8434357162,"8":0.814385361,"9":0.8592263792,"10":0.8592263792},"split2_train_score":{"0":0.8211956522,"1":0.7519021739,"2":0.8413043478,"3":0.7519021739,"4":0.8372282609,"5":0.8372282609,"6":0.8649456522,"7":0.8649456522,"8":0.8195652174,"9":0.8036231884,"10":0.8630434783},"split3_train_score":{"0":0.8929347826,"1":0.8190217391,"2":0.8347826087,"3":0.7532608696,"4":0.8347826087,"5":0.8347826087,"6":0.8581521739,"7":0.8630434783,"8":0.8191123188,"9":0.8037137681,"10":0.8623188406},"split4_train_score":{"0":0.864673913,"1":0.8122282609,"2":0.8407608696,"3":0.8407608696,"4":0.8407608696,"5":0.8407608696,"6":0.8619565217,"7":0.864673913,"8":0.8168478261,"9":0.8033514493,"10":0.8615942029},"mean_train_score":{"0":0.8426431745,"1":0.7903569909,"2":0.8411787525,"3":0.8058523553,"4":0.8392219205,"5":0.8392219205,"6":0.8627026336,"7":0.8604189909,"8":0.8068039582,"9":0.828255989,"10":0.861299267},"std_train_score":{"0":0.0316960785,"1":0.0303027813,"2":0.0036285768,"3":0.0435131892,"4":0.0029755442,"5":0.0029755442,"6":0.0027276234,"7":0.0085442352,"8":0.0214268807,"9":0.0304857254,"10":0.0013738647}}