{"iter":{"0":0,"1":0,"2":0,"3":0,"4":0,"5":0,"6":0,"7":0,"8":1,"9":1,"10":1},"n_resources":{"0":4600,"1":4600,"2":4600,"3":4600,"4":4600,"5":4600,"6":4600,"7":4600,"8":13800,"9":13800,"10":13800},"mean_fit_time":{"0":15.2388067722,"1":15.242458868,"2":26.2005300999,"3":26.0597330093,"4":15.5196289063,"5":15.506690979,"6":27.1700456142,"7":27.0245280266,"8":28.0658998966,"9":28.1595214367,"10":16.1706383705},"std_fit_time":{"0":0.3810786365,"1":0.1853230124,"2":0.2542341892,"3":0.1830558471,"4":0.0418049903,"5":0.3408512701,"6":0.2380285857,"7":0.7584908396,"8":0.3499098659,"9":0.1880189557,"10":0.3785923032},"mean_score_time":{"0":0.0008043289,"1":0.0007430553,"2":0.0006400108,"3":0.0006886005,"4":0.0007198811,"5":0.0007873535,"6":0.0006898403,"7":0.0006406307,"8":0.0008627892,"9":0.000856638,"10":0.0010335445},"std_score_time":{"0":0.0001028158,"1":0.0000795242,"2":0.0000153521,"3":0.0000455926,"4":0.0000367318,"5":0.0000948444,"6":0.0000538494,"7":0.000017474,"8":0.0000638687,"9":0.0000601804,"10":0.0001281094},"param_parsimony_coefficient":{"0":0.025,"1":0.025,"2":0.025,"3":0.025,"4":0.01,"5":0.01,"6":0.01,"7":0.01,"8":0.01,"9":0.01,"10":0.01},"param_population_size":{"0":500,"1":500,"2":1000,"3":1000,"4":500,"5":500,"6":1000,"7":1000,"8":1000,"9":1000,"10":500},"param_tournament_size":{"0":15,"1":30,"2":15,"3":30,"4":15,"5":30,"6":15,"7":30,"8":30,"9":15,"10":30},"params":{"0":{"parsimony_coefficient":0.025,"population_size":500,"tournament_size":15},"1":{"parsimony_coefficient":0.025,"population_size":500,"tournament_size":30},"2":{"parsimony_coefficient":0.025,"population_size":1000,"tournament_size":15},"3":{"parsimony_coefficient":0.025,"population_size":1000,"tournament_size":30},"4":{"parsimony_coefficient":0.01,"population_size":500,"tournament_size":15},"5":{"parsimony_coefficient":0.01,"population_size":500,"tournament_size":30},"6":{"parsimony_coefficient":0.01,"population_size":1000,"tournament_size":15},"7":{"parsimony_coefficient":0.01,"population_size":1000,"tournament_size":30},"8":{"parsimony_coefficient":0.01,"population_size":1000,"tournament_size":30},"9":{"parsimony_coefficient":0.01,"population_size":1000,"tournament_size":15},"10":{"parsimony_coefficient":0.01,"population_size":500,"tournament_size":30}},"split0_test_score":{"0":0.8217391304,"1":0.822826087,"2":0.8347826087,"3":0.8347826087,"4":0.8630434783,"5":0.9119565217,"6":0.8630434783,"7":0.8347826087,"8":0.8576086957,"9":0.8344202899,"10":0.9137681159},"split1_test_score":{"0":0.8163043478,"1":0.8239130435,"2":0.8402173913,"3":0.8402173913,"4":0.8402173913,"5":0.9282608696,"6":0.8652173913,"7":0.8652173913,"8":0.8626811594,"9":0.8626811594,"10":0.8369565217},"split2_test_score":{"0":0.8084874864,"1":0.8084874864,"2":0.8269858542,"3":0.8269858542,"4":0.8269858542,"5":0.8269858542,"6":0.8346028292,"7":0.8520130577,"8":0.8553823849,"9":0.8372598768,"10":0.8238492207},"split3_test_score":{"0":0.8084874864,"1":0.8095756257,"2":0.8258977149,"3":0.7399347116,"4":0.8258977149,"5":0.8258977149,"6":0.8563656148,"7":0.8563656148,"8":0.8561072852,"9":0.8365349764,"10":0.8223994201},"split4_test_score":{"0":0.8269858542,"1":0.7736670294,"2":0.8433079434,"3":0.8433079434,"4":0.8705114255,"5":0.8433079434,"6":0.8705114255,"7":0.830250272,"8":0.8713301921,"9":0.8713301921,"10":0.8448713302},"mean_test_score":{"0":0.816400861,"1":0.8076938544,"2":0.8342383025,"3":0.8170457018,"4":0.8453311728,"5":0.8672817808,"6":0.8579481478,"7":0.8477257889,"8":0.8606219435,"9":0.8484452989,"10":0.8483689217},"std_test_score":{"0":0.007290974,"1":0.0181881406,"2":0.0069349487,"3":0.0389516157,"4":0.018374611,"5":0.0438758002,"6":0.0125231669,"7":0.0132053249,"8":0.0059299534,"9":0.0154275623,"10":0.0337495522},"rank_test_score":{"0":10,"1":11,"2":8,"3":9,"4":7,"5":1,"6":3,"7":6,"8":2,"9":4,"10":5},"split0_train_score":{"0":0.8097309051,"1":0.7977711335,"2":0.8252242457,"3":0.8252242457,"4":0.8586572438,"5":0.9198151672,"6":0.8586572438,"7":0.8252242457,"8":0.8614004892,"9":0.8403840928,"10":0.9166591177},"split1_train_score":{"0":0.8015765154,"1":0.8086436532,"2":0.8312041316,"3":0.8312041316,"4":0.8312041316,"5":0.9138352813,"6":0.8616471867,"7":0.8616471867,"8":0.8602228463,"9":0.8602228463,"10":0.8309629495},"split2_train_score":{"0":0.8339673913,"1":0.8339673913,"2":0.847826087,"3":0.85,"4":0.85,"5":0.85,"6":0.8470108696,"7":0.8730978261,"8":0.8620471014,"9":0.8397644928,"10":0.8342391304},"split3_train_score":{"0":0.8122282609,"1":0.8043478261,"2":0.8282608696,"3":0.754076087,"4":0.8282608696,"5":0.8282608696,"6":0.8586956522,"7":0.8586956522,"8":0.8617753623,"9":0.8398550725,"10":0.8345108696},"split4_train_score":{"0":0.8133152174,"1":0.7421195652,"2":0.8266304348,"3":0.8266304348,"4":0.8551630435,"5":0.8266304348,"6":0.8551630435,"7":0.804076087,"8":0.8580615942,"9":0.8580615942,"10":0.8289855072},"mean_train_score":{"0":0.814163658,"1":0.7973699138,"2":0.8318291537,"3":0.8174269798,"4":0.8446570577,"5":0.8677083506,"6":0.8562347992,"7":0.8445481995,"8":0.8607014787,"9":0.8476576197,"10":0.8490715149},"std_train_score":{"0":0.0107213705,"1":0.0302255713,"2":0.0082422893,"3":0.0328926986,"4":0.0125279223,"5":0.0409875559,"6":0.005048713,"7":0.0257643709,"8":0.0014594945,"9":0.0094043925,"10":0.0338569459}}