{"iter":{"0":0,"1":0,"2":0,"3":0,"4":0,"5":0,"6":0,"7":0,"8":1,"9":1,"10":1,"11":1,"12":2,"13":2,"14":3},"n_resources":{"0":20,"1":20,"2":20,"3":20,"4":20,"5":20,"6":20,"7":20,"8":40,"9":40,"10":40,"11":40,"12":80,"13":80,"14":160},"mean_fit_time":{"0":20.0652998924,"1":22.0656414509,"2":14.5752050877,"3":12.7595425606,"4":20.980428791,"5":16.4837923527,"6":19.3497650146,"7":22.2250941753,"8":20.9500656605,"9":15.8700732231,"10":21.1876873016,"11":18.787332201,"12":15.3670670986,"13":19.8102221012,"14":14.8824160576},"std_fit_time":{"0":1.375527991,"1":0.4140410887,"2":0.7960935655,"3":0.6766143005,"4":0.3415463967,"5":1.2229101554,"6":0.7256066949,"7":0.4645425102,"8":1.1679172922,"9":0.9820943761,"10":1.290420235,"11":0.904750854,"12":0.3545171856,"13":1.327343949,"14":0.466016458},"mean_score_time":{"0":0.0011989117,"1":0.0011146069,"2":0.0010906219,"3":0.0012793064,"4":0.0010742188,"5":0.0012135983,"6":0.0009942532,"7":0.0011395931,"8":0.0010335445,"9":0.0011084557,"10":0.0010437489,"11":0.0009566307,"12":0.0010492802,"13":0.0011026859,"14":0.0010717392},"std_score_time":{"0":0.0002596387,"1":0.0000462372,"2":0.0000777612,"3":0.0002024147,"4":0.0001355571,"5":0.0001549955,"6":0.000214886,"7":0.0000879842,"8":0.0001078773,"9":0.0000569579,"10":0.0001064651,"11":0.0001628509,"12":0.0001920016,"13":0.0000643937,"14":0.0002257246},"param_population_size":{"0":1105,"1":1209,"2":759,"3":654,"4":1162,"5":860,"6":1057,"7":1249,"8":1209,"9":860,"10":1249,"11":1105,"12":860,"13":1105,"14":860},"param_tournament_size":{"0":37,"1":20,"2":40,"3":21,"4":43,"5":12,"6":36,"7":30,"8":20,"9":12,"10":30,"11":37,"12":12,"13":37,"14":12},"params":{"0":{"population_size":1105,"tournament_size":37},"1":{"population_size":1209,"tournament_size":20},"2":{"population_size":759,"tournament_size":40},"3":{"population_size":654,"tournament_size":21},"4":{"population_size":1162,"tournament_size":43},"5":{"population_size":860,"tournament_size":12},"6":{"population_size":1057,"tournament_size":36},"7":{"population_size":1249,"tournament_size":30},"8":{"population_size":1209,"tournament_size":20},"9":{"population_size":860,"tournament_size":12},"10":{"population_size":1249,"tournament_size":30},"11":{"population_size":1105,"tournament_size":37},"12":{"population_size":860,"tournament_size":12},"13":{"population_size":1105,"tournament_size":37},"14":{"population_size":860,"tournament_size":12}},"split0_test_score":{"0":0.75,"1":0.75,"2":0.75,"3":0.75,"4":0.75,"5":0.75,"6":0.75,"7":0.75,"8":0.5,"9":1.0,"10":0.875,"11":0.875,"12":0.9375,"13":1.0,"14":0.75},"split1_test_score":{"0":0.3333333333,"1":0.3333333333,"2":0.3333333333,"3":0.3333333333,"4":0.3333333333,"5":0.3333333333,"6":0.3333333333,"7":0.3333333333,"8":0.8571428571,"9":0.8571428571,"10":0.8571428571,"11":0.8571428571,"12":0.8666666667,"13":0.8666666667,"14":0.6774193548},"split2_test_score":{"0":1.0,"1":1.0,"2":0.6666666667,"3":0.6666666667,"4":0.6666666667,"5":1.0,"6":1.0,"7":1.0,"8":0.5714285714,"9":0.8571428571,"10":0.7142857143,"11":0.7142857143,"12":0.7333333333,"13":0.9333333333,"14":0.8387096774},"split3_test_score":{"0":0.6666666667,"1":0.3333333333,"2":0.3333333333,"3":0.3333333333,"4":0.3333333333,"5":0.3333333333,"6":0.0,"7":0.3333333333,"8":0.7142857143,"9":0.7142857143,"10":0.7142857143,"11":1.0,"12":0.7333333333,"13":0.7333333333,"14":0.7741935484},"split4_test_score":{"0":0.6666666667,"1":0.6666666667,"2":0.6666666667,"3":0.3333333333,"4":0.3333333333,"5":0.6666666667,"6":0.6666666667,"7":0.6666666667,"8":0.5714285714,"9":0.5714285714,"10":0.5714285714,"11":0.5714285714,"12":0.8,"13":0.5333333333,"14":0.8064516129},"mean_test_score":{"0":0.6833333333,"1":0.6166666667,"2":0.55,"3":0.4833333333,"4":0.4833333333,"5":0.6166666667,"6":0.55,"7":0.6166666667,"8":0.6428571429,"9":0.8,"10":0.7464285714,"11":0.8035714286,"12":0.8141666667,"13":0.8133333333,"14":0.7693548387},"std_test_score":{"0":0.2134374746,"1":0.2560381916,"2":0.1795054936,"3":0.1855921454,"4":0.1855921454,"5":0.2560381916,"6":0.348010217,"7":0.2560381916,"8":0.127775313,"9":0.1456862718,"10":0.1108869621,"11":0.1472537723,"12":0.0790393713,"13":0.1654623153,"14":0.0548387097},"rank_test_score":{"0":7,"1":9,"2":12,"3":14,"4":14,"5":9,"6":13,"7":9,"8":8,"9":4,"10":6,"11":3,"12":1,"13":2,"14":5},"split0_train_score":{"0":1.0,"1":0.8,"2":1.0,"3":1.0,"4":1.0,"5":1.0,"6":1.0,"7":1.0,"8":0.7096774194,"9":0.8064516129,"10":0.8064516129,"11":0.8064516129,"12":0.8888888889,"13":0.9523809524,"14":0.6929133858},"split1_train_score":{"0":1.0,"1":1.0,"2":1.0,"3":1.0,"4":1.0,"5":0.9375,"6":1.0,"7":1.0,"8":0.8125,"9":0.8125,"10":0.78125,"11":0.84375,"12":0.8125,"13":0.828125,"14":0.7734375},"split2_train_score":{"0":1.0,"1":1.0,"2":0.5625,"3":0.5625,"4":1.0,"5":1.0,"6":1.0,"7":1.0,"8":0.96875,"9":0.96875,"10":0.96875,"11":0.96875,"12":0.796875,"13":0.859375,"14":0.921875},"split3_train_score":{"0":0.75,"1":1.0,"2":1.0,"3":1.0,"4":1.0,"5":1.0,"6":1.0,"7":1.0,"8":0.875,"9":0.875,"10":0.96875,"11":0.8125,"12":0.890625,"13":0.796875,"14":0.8203125},"split4_train_score":{"0":0.875,"1":0.875,"2":0.9375,"3":0.6875,"4":0.9375,"5":0.9375,"6":0.875,"7":0.8125,"8":0.65625,"9":0.71875,"10":0.65625,"11":0.65625,"12":0.78125,"13":0.5,"14":0.84375},"mean_train_score":{"0":0.925,"1":0.935,"2":0.9,"3":0.85,"4":0.9875,"5":0.975,"6":0.975,"7":0.9625,"8":0.8044354839,"9":0.8362903226,"10":0.8362903226,"11":0.8175403226,"12":0.8340277778,"13":0.7873511905,"14":0.8104576772},"std_train_score":{"0":0.1,"1":0.0830662386,"2":0.1704772712,"3":0.1879162047,"4":0.025,"5":0.0306186218,"6":0.05,"7":0.075,"8":0.1122333961,"9":0.0828445058,"10":0.1195202374,"11":0.0997138368,"12":0.0465666297,"13":0.1528045579,"14":0.0759031884}}