{"iter":{"0":0,"1":0,"2":0,"3":0,"4":0,"5":0,"6":0,"7":0,"8":1,"9":1,"10":1},"n_resources":{"0":4361,"1":4361,"2":4361,"3":4361,"4":4361,"5":4361,"6":4361,"7":4361,"8":13083,"9":13083,"10":13083},"mean_fit_time":{"0":14.7243979454,"1":15.4473208904,"2":25.709576416,"3":25.7643660545,"4":15.498243618,"5":15.9585025311,"6":26.5594473362,"7":26.596628046,"8":15.4546157837,"9":26.9461857796,"10":15.8454107285},"std_fit_time":{"0":0.2341890246,"1":0.1819681956,"2":0.6888446239,"3":0.4549437815,"4":0.245207317,"5":0.2546235614,"6":1.1368813954,"7":0.9288998858,"8":0.2826074502,"9":0.380068267,"10":0.4648418249},"mean_score_time":{"0":0.000888443,"1":0.001037693,"2":0.0006982327,"3":0.0006570339,"4":0.0009390354,"5":0.0009526253,"6":0.0007671833,"7":0.0008051872,"8":0.0011117935,"9":0.0008925915,"10":0.0012531281},"std_score_time":{"0":0.0001436447,"1":0.0000310434,"2":0.0000503152,"3":0.0000571903,"4":0.0001155029,"5":0.0001443906,"6":0.0000490657,"7":0.0000734748,"8":0.0001441186,"9":0.0000838482,"10":0.0002756733},"param_parsimony_coefficient":{"0":0.025,"1":0.025,"2":0.025,"3":0.025,"4":0.01,"5":0.01,"6":0.01,"7":0.01,"8":0.025,"9":0.025,"10":0.01},"param_population_size":{"0":500,"1":500,"2":1000,"3":1000,"4":500,"5":500,"6":1000,"7":1000,"8":500,"9":1000,"10":500},"param_tournament_size":{"0":15,"1":30,"2":15,"3":30,"4":15,"5":30,"6":15,"7":30,"8":30,"9":15,"10":15},"params":{"0":{"parsimony_coefficient":0.025,"population_size":500,"tournament_size":15},"1":{"parsimony_coefficient":0.025,"population_size":500,"tournament_size":30},"2":{"parsimony_coefficient":0.025,"population_size":1000,"tournament_size":15},"3":{"parsimony_coefficient":0.025,"population_size":1000,"tournament_size":30},"4":{"parsimony_coefficient":0.01,"population_size":500,"tournament_size":15},"5":{"parsimony_coefficient":0.01,"population_size":500,"tournament_size":30},"6":{"parsimony_coefficient":0.01,"population_size":1000,"tournament_size":15},"7":{"parsimony_coefficient":0.01,"population_size":1000,"tournament_size":30},"8":{"parsimony_coefficient":0.025,"population_size":500,"tournament_size":30},"9":{"parsimony_coefficient":0.025,"population_size":1000,"tournament_size":15},"10":{"parsimony_coefficient":0.01,"population_size":500,"tournament_size":15}},"split0_test_score":{"0":0.7098623853,"1":0.7282110092,"2":0.7282110092,"3":0.7419724771,"4":0.8199541284,"5":0.7270642202,"6":0.7419724771,"7":0.7419724771,"8":0.7336645013,"9":0.7332823844,"10":0.8238440963},"split1_test_score":{"0":0.6731651376,"1":0.7029816514,"2":0.7029816514,"3":0.6788990826,"4":0.7029816514,"5":0.7006880734,"6":0.746559633,"7":0.746559633,"8":0.7244936951,"9":0.7348108521,"10":0.7244936951},"split2_test_score":{"0":0.7270642202,"1":0.7270642202,"2":0.7385321101,"3":0.7270642202,"4":0.7396788991,"5":0.7282110092,"6":0.7270642202,"7":0.7259174312,"8":0.735192969,"9":0.740924723,"10":0.735192969},"split3_test_score":{"0":0.7339449541,"1":0.8337155963,"2":0.8337155963,"3":0.7293577982,"4":0.8360091743,"5":0.755733945,"6":0.7293577982,"7":0.7293577982,"8":0.7419724771,"9":0.750764526,"10":0.7419724771},"split4_test_score":{"0":0.7167431193,"1":0.8165137615,"2":0.8165137615,"3":0.8165137615,"4":0.8016055046,"5":0.744266055,"6":0.7855504587,"7":0.7362385321,"8":0.8230122324,"9":0.8218654434,"10":0.8168960245},"mean_test_score":{"0":0.7121559633,"1":0.7616972477,"2":0.7639908257,"3":0.7387614679,"4":0.7800458716,"5":0.7311926606,"6":0.7461009174,"7":0.7360091743,"8":0.751667175,"9":0.7563295858,"10":0.7684798524},"std_test_score":{"0":0.0211830273,"1":0.0528389794,"2":0.0515182749,"3":0.0444173154,"4":0.0505128983,"5":0.0185992064,"6":0.0210534968,"7":0.0076551923,"8":0.036105396,"9":0.0333390393,"10":0.0427896361},"rank_test_score":{"0":11,"1":4,"2":3,"3":8,"4":1,"5":10,"6":7,"7":9,"8":6,"9":5,"10":2},"split0_train_score":{"0":0.7196100917,"1":0.7391055046,"2":0.7388188073,"3":0.746559633,"4":0.8239678899,"5":0.7388188073,"6":0.746559633,"7":0.746559633,"8":0.7359067457,"9":0.7354290082,"10":0.8209440092},"split1_train_score":{"0":0.7204701835,"1":0.7388188073,"2":0.7382454128,"3":0.7224770642,"4":0.7388188073,"5":0.7391055046,"6":0.7402522936,"7":0.7402522936,"8":0.7381998853,"9":0.7474679916,"10":0.7381998853},"split2_train_score":{"0":0.7327981651,"1":0.7327981651,"2":0.745412844,"3":0.7327981651,"4":0.7411123853,"5":0.7322247706,"6":0.7434059633,"7":0.7431192661,"8":0.7355245557,"9":0.7459392318,"10":0.7355245557},"split3_train_score":{"0":0.7185439954,"1":0.8202923474,"2":0.8200057323,"3":0.7486385784,"4":0.8308971052,"5":0.7374605904,"6":0.7486385784,"7":0.7486385784,"8":0.7338301328,"9":0.743479507,"10":0.7338301328},"split4_train_score":{"0":0.7108053884,"1":0.8197191172,"2":0.8197191172,"3":0.8197191172,"4":0.8182860418,"5":0.7305818286,"6":0.7833190026,"7":0.7374605904,"8":0.8196235789,"9":0.8193369638,"10":0.8226808063},"mean_train_score":{"0":0.7204455648,"1":0.7701467883,"2":0.7724403827,"3":0.7540385116,"4":0.7906164459,"5":0.7356383003,"6":0.7524350942,"7":0.7432060723,"8":0.7526169797,"9":0.7583305405,"10":0.7702358779},"std_train_score":{"0":0.0070687244,"1":0.0407723343,"2":0.0388018952,"3":0.0341944795,"4":0.041555034,"5":0.0035405639,"6":0.0157015681,"7":0.0040620536,"8":0.0335322693,"9":0.0307842705,"10":0.0421386855}}