{"iter":{"0":0,"1":0,"2":0,"3":0,"4":0,"5":0,"6":0,"7":0,"8":1,"9":1,"10":1},"n_resources":{"0":4360,"1":4360,"2":4360,"3":4360,"4":4360,"5":4360,"6":4360,"7":4360,"8":13080,"9":13080,"10":13080},"mean_fit_time":{"0":14.2739170551,"1":14.5903059959,"2":25.2652789593,"3":25.3938515186,"4":15.1283897877,"5":15.49254179,"6":25.5176911831,"7":26.4715620995,"8":15.1311357021,"9":26.9236215115,"10":15.3953412056},"std_fit_time":{"0":0.3165625311,"1":0.1379816187,"2":0.7513210096,"3":0.474131327,"4":0.2920547044,"5":0.339104934,"6":0.3517038847,"7":0.2012683147,"8":0.118044729,"9":0.3340456288,"10":0.3198505784},"mean_score_time":{"0":0.0009103298,"1":0.000963974,"2":0.0007286072,"3":0.0007473946,"4":0.0009273529,"5":0.0010013103,"6":0.0008162975,"7":0.0007975578,"8":0.0012267113,"9":0.0009359837,"10":0.0013231277},"std_score_time":{"0":0.00008936,"1":0.0001161394,"2":0.0000355683,"3":0.0000296336,"4":0.000128128,"5":0.0000267167,"6":0.0000541978,"7":0.0001363813,"8":0.000188272,"9":0.0001735042,"10":0.0001097513},"param_parsimony_coefficient":{"0":0.025,"1":0.025,"2":0.025,"3":0.025,"4":0.01,"5":0.01,"6":0.01,"7":0.01,"8":0.025,"9":0.025,"10":0.01},"param_population_size":{"0":500,"1":500,"2":1000,"3":1000,"4":500,"5":500,"6":1000,"7":1000,"8":500,"9":1000,"10":500},"param_tournament_size":{"0":15,"1":30,"2":15,"3":30,"4":15,"5":30,"6":15,"7":30,"8":30,"9":15,"10":15},"params":{"0":{"parsimony_coefficient":0.025,"population_size":500,"tournament_size":15},"1":{"parsimony_coefficient":0.025,"population_size":500,"tournament_size":30},"2":{"parsimony_coefficient":0.025,"population_size":1000,"tournament_size":15},"3":{"parsimony_coefficient":0.025,"population_size":1000,"tournament_size":30},"4":{"parsimony_coefficient":0.01,"population_size":500,"tournament_size":15},"5":{"parsimony_coefficient":0.01,"population_size":500,"tournament_size":30},"6":{"parsimony_coefficient":0.01,"population_size":1000,"tournament_size":15},"7":{"parsimony_coefficient":0.01,"population_size":1000,"tournament_size":30},"8":{"parsimony_coefficient":0.025,"population_size":500,"tournament_size":30},"9":{"parsimony_coefficient":0.025,"population_size":1000,"tournament_size":15},"10":{"parsimony_coefficient":0.01,"population_size":500,"tournament_size":15}},"split0_test_score":{"0":0.7018348624,"1":0.7236238532,"2":0.7350917431,"3":0.7236238532,"4":0.7236238532,"5":0.7236238532,"6":0.7178899083,"7":0.7178899083,"8":0.8107798165,"9":0.7220948012,"10":0.8184250765},"split1_test_score":{"0":0.7006880734,"1":0.7236238532,"2":0.7236238532,"3":0.7041284404,"4":0.8268348624,"5":0.7236238532,"6":0.752293578,"7":0.752293578,"8":0.7228593272,"9":0.7320336391,"10":0.8146024465},"split2_test_score":{"0":0.7106773823,"1":0.8277841561,"2":0.8266360505,"3":0.8277841561,"4":0.8105625718,"5":0.7359357061,"6":0.7095292767,"7":0.7095292767,"8":0.7399617591,"9":0.74416826,"10":0.8263862333},"split3_test_score":{"0":0.7141216992,"1":0.7359357061,"2":0.7359357061,"3":0.7359357061,"4":0.8231917336,"5":0.7370838117,"6":0.7359357061,"7":0.7359357061,"8":0.741873805,"9":0.7491395793,"10":0.741873805},"split4_test_score":{"0":0.721010333,"1":0.7451205511,"2":0.7451205511,"3":0.7451205511,"4":0.7600459242,"5":0.7451205511,"6":0.7416762342,"7":0.7416762342,"8":0.8244741874,"9":0.823709369,"10":0.8244741874},"mean_test_score":{"0":0.70966647,"1":0.7512176239,"2":0.7532815808,"3":0.7473185414,"4":0.788851789,"5":0.7330775551,"6":0.7314649406,"7":0.7314649406,"8":0.767989779,"9":0.7542291298,"10":0.8051523497},"std_test_score":{"0":0.0076354426,"1":0.0391304933,"2":0.0373063292,"3":0.0425110299,"4":0.0404419713,"5":0.0083426354,"6":0.015643179,"7":0.015643179,"8":0.0412936978,"9":0.0359996754,"10":0.0319181925},"rank_test_score":{"0":11,"1":6,"2":5,"3":7,"4":2,"5":8,"6":9,"7":9,"8":3,"9":4,"10":1},"split0_train_score":{"0":0.7083452825,"1":0.7281330657,"2":0.7373100086,"3":0.7281330657,"4":0.7281330657,"5":0.7281330657,"6":0.733868655,"7":0.7335818755,"8":0.8206059448,"9":0.7345885501,"10":0.8233776164},"split1_train_score":{"0":0.725265271,"1":0.7430455979,"2":0.7421852595,"3":0.7275595067,"4":0.8221967307,"5":0.742472039,"6":0.7307140809,"7":0.7304273014,"8":0.7350664245,"9":0.7440504635,"10":0.8244289401},"split2_train_score":{"0":0.7112958716,"1":0.817087156,"2":0.8165137615,"3":0.817087156,"4":0.8168004587,"5":0.7322247706,"6":0.7362385321,"7":0.7359518349,"8":0.7306001529,"9":0.7408256881,"10":0.8213876147},"split3_train_score":{"0":0.7075688073,"1":0.7290711009,"2":0.7284977064,"3":0.7368119266,"4":0.8119266055,"5":0.7279243119,"6":0.7368119266,"7":0.7368119266,"8":0.7302178899,"9":0.7396788991,"10":0.7302178899},"split4_train_score":{"0":0.721043578,"1":0.7396788991,"2":0.7396788991,"3":0.7396788991,"4":0.7479931193,"5":0.7402522936,"6":0.744266055,"7":0.7439793578,"8":0.8173738532,"9":0.8169915902,"10":0.8220565749},"mean_train_score":{"0":0.7147037621,"1":0.7514031639,"2":0.752837127,"3":0.7498541108,"4":0.785409996,"5":0.7342012962,"6":0.7363798499,"7":0.7361504592,"8":0.7667728531,"9":0.7552270382,"10":0.8042937272},"std_train_score":{"0":0.0071370904,"1":0.0333523991,"2":0.0321708372,"3":0.0339492829,"4":0.0392999364,"5":0.006085234,"6":0.004490121,"7":0.004497128,"8":0.0426813546,"9":0.0310318108,"10":0.037052857}}