{"iter":{"0":0,"1":0,"2":0,"3":0,"4":0,"5":0,"6":0,"7":0,"8":1,"9":1,"10":1},"n_resources":{"0":4361,"1":4361,"2":4361,"3":4361,"4":4361,"5":4361,"6":4361,"7":4361,"8":13083,"9":13083,"10":13083},"mean_fit_time":{"0":14.6233025074,"1":14.8297073841,"2":25.9934781551,"3":25.9985214233,"4":14.9308493137,"5":15.796916914,"6":26.5317721844,"7":26.88892169,"8":27.2864089966,"9":26.9995000362,"10":16.6332493305},"std_fit_time":{"0":0.2605015925,"1":0.1570931754,"2":0.6078684776,"3":0.2753854484,"4":0.2787590906,"5":0.4933106223,"6":0.6229996356,"7":0.5824489002,"8":0.2146912088,"9":0.3073252477,"10":0.2529085273},"mean_score_time":{"0":0.0008018494,"1":0.0009021759,"2":0.0007201195,"3":0.000714922,"4":0.0009507656,"5":0.0011344433,"6":0.000676775,"7":0.0008085728,"8":0.0008563519,"9":0.0008310795,"10":0.0013781548},"std_score_time":{"0":0.0001550336,"1":0.0001146759,"2":0.0000595895,"3":0.0000683874,"4":0.0000882184,"5":0.000111748,"6":0.0000267814,"7":0.00004201,"8":0.000054562,"9":0.0000754255,"10":0.0001026912},"param_parsimony_coefficient":{"0":0.025,"1":0.025,"2":0.025,"3":0.025,"4":0.01,"5":0.01,"6":0.01,"7":0.01,"8":0.01,"9":0.025,"10":0.01},"param_population_size":{"0":500,"1":500,"2":1000,"3":1000,"4":500,"5":500,"6":1000,"7":1000,"8":1000,"9":1000,"10":500},"param_tournament_size":{"0":15,"1":30,"2":15,"3":30,"4":15,"5":30,"6":15,"7":30,"8":15,"9":30,"10":30},"params":{"0":{"parsimony_coefficient":0.025,"population_size":500,"tournament_size":15},"1":{"parsimony_coefficient":0.025,"population_size":500,"tournament_size":30},"2":{"parsimony_coefficient":0.025,"population_size":1000,"tournament_size":15},"3":{"parsimony_coefficient":0.025,"population_size":1000,"tournament_size":30},"4":{"parsimony_coefficient":0.01,"population_size":500,"tournament_size":15},"5":{"parsimony_coefficient":0.01,"population_size":500,"tournament_size":30},"6":{"parsimony_coefficient":0.01,"population_size":1000,"tournament_size":15},"7":{"parsimony_coefficient":0.01,"population_size":1000,"tournament_size":30},"8":{"parsimony_coefficient":0.01,"population_size":1000,"tournament_size":15},"9":{"parsimony_coefficient":0.025,"population_size":1000,"tournament_size":30},"10":{"parsimony_coefficient":0.01,"population_size":500,"tournament_size":30}},"split0_test_score":{"0":0.7029816514,"1":0.7224770642,"2":0.7224770642,"3":0.8027522936,"4":0.7029816514,"5":0.7236238532,"6":0.7075688073,"7":0.7075688073,"8":0.7382499045,"9":0.7382499045,"10":0.7260221628},"split1_test_score":{"0":0.7201834862,"1":0.7201834862,"2":0.7201834862,"3":0.7201834862,"4":0.7201834862,"5":0.7213302752,"6":0.746559633,"7":0.746559633,"8":0.7435995415,"9":0.7275506305,"10":0.7279327474},"split2_test_score":{"0":0.6892201835,"1":0.7121559633,"2":0.7155963303,"3":0.7121559633,"4":0.7121559633,"5":0.8096330275,"6":0.7133027523,"7":0.7133027523,"8":0.7393962553,"9":0.7393962553,"10":0.7329002675},"split3_test_score":{"0":0.7316513761,"1":0.7316513761,"2":0.7408256881,"3":0.7316513761,"4":0.7316513761,"5":0.7305045872,"6":0.7591743119,"7":0.754587156,"8":0.7404434251,"9":0.7404434251,"10":0.7396788991},"split4_test_score":{"0":0.7133027523,"1":0.7385321101,"2":0.754587156,"3":0.7373853211,"4":0.7385321101,"5":0.7385321101,"6":0.7373853211,"7":0.7373853211,"8":0.7435015291,"9":0.7431192661,"10":0.7354740061},"mean_test_score":{"0":0.7114678899,"1":0.725,"2":0.730733945,"3":0.7408256881,"4":0.7211009174,"5":0.7447247706,"6":0.7327981651,"7":0.7318807339,"8":0.7410381311,"9":0.7377518963,"10":0.7324016166},"std_test_score":{"0":0.0145167361,"1":0.0091857727,"2":0.014693227,"3":0.0321837295,"4":0.0128399404,"5":0.0330036229,"6":0.0196097564,"7":0.0184258695,"8":0.0021657697,"9":0.0053492193,"10":0.0049661916},"rank_test_score":{"0":11,"1":9,"2":8,"3":3,"4":10,"5":1,"6":5,"7":7,"8":2,"9":4,"10":6},"split0_train_score":{"0":0.714162844,"1":0.7330848624,"2":0.7330848624,"3":0.8093463303,"4":0.714162844,"5":0.7339449541,"6":0.7330848624,"7":0.7325114679,"8":0.7417351424,"9":0.7415440474,"10":0.7339957959},"split1_train_score":{"0":0.7411123853,"1":0.7411123853,"2":0.7411123853,"3":0.7411123853,"4":0.7411123853,"5":0.7396788991,"6":0.7451261468,"7":0.7448394495,"8":0.7403974775,"9":0.7342824384,"10":0.7335180585},"split2_train_score":{"0":0.7012614679,"1":0.7173165138,"2":0.7264908257,"3":0.7173165138,"4":0.7173165138,"5":0.8096330275,"6":0.7413990826,"7":0.7413990826,"8":0.7414484999,"9":0.7412574049,"10":0.7322759411},"split3_train_score":{"0":0.7294353683,"1":0.7300085985,"2":0.7391802809,"3":0.7300085985,"4":0.7300085985,"5":0.7291487532,"6":0.7549441101,"7":0.7535110347,"8":0.7411865864,"9":0.7310595204,"10":0.7305818286},"split4_train_score":{"0":0.713384924,"1":0.7345944397,"2":0.7454858126,"3":0.7477787332,"4":0.7345944397,"5":0.7345944397,"6":0.7477787332,"7":0.7477787332,"8":0.7404222795,"9":0.7403267412,"10":0.7316327505},"mean_train_score":{"0":0.7198713979,"1":0.7312233599,"2":0.7370708334,"3":0.7491125122,"4":0.7274389562,"5":0.7494000147,"6":0.744466587,"7":0.7440079536,"8":0.7410379972,"9":0.7376940305,"10":0.7324008749},"std_train_score":{"0":0.0138826547,"1":0.0078421707,"2":0.0066245047,"3":0.0318428607,"4":0.0102321617,"5":0.0303008035,"6":0.007213003,"7":0.0069884777,"8":0.0005414751,"9":0.0042451647,"10":0.001241485}}