{"iter":{"0":0,"1":0,"2":0,"3":0,"4":0,"5":0,"6":0,"7":0,"8":1,"9":1,"10":1},"n_resources":{"0":4360,"1":4360,"2":4360,"3":4360,"4":4360,"5":4360,"6":4360,"7":4360,"8":13080,"9":13080,"10":13080},"mean_fit_time":{"0":14.6943296432,"1":14.7410285473,"2":26.0168729782,"3":25.8720010281,"4":15.3790879726,"5":16.0554926872,"6":25.7272302628,"7":27.1031569481,"8":27.0096606255,"9":27.054067564,"10":15.5213180542},"std_fit_time":{"0":0.2290711994,"1":0.2590600432,"2":0.2701034093,"3":0.4138361511,"4":0.2171358481,"5":0.3117418454,"6":0.2344344533,"7":0.1903054219,"8":0.4462322675,"9":0.1439681773,"10":0.3149016316},"mean_score_time":{"0":0.0008386612,"1":0.0009757996,"2":0.0007258415,"3":0.0007464886,"4":0.0011086464,"5":0.0010620117,"6":0.0007455826,"7":0.0007902145,"8":0.0009199142,"9":0.0008870125,"10":0.0011723518},"std_score_time":{"0":0.0001858272,"1":0.0000256733,"2":0.0000552095,"3":0.0000488052,"4":0.0001357514,"5":0.0000160395,"6":0.0000567094,"7":0.0000365463,"8":0.0000338798,"9":0.0000647842,"10":0.0002153089},"param_parsimony_coefficient":{"0":0.025,"1":0.025,"2":0.025,"3":0.025,"4":0.01,"5":0.01,"6":0.01,"7":0.01,"8":0.025,"9":0.025,"10":0.025},"param_population_size":{"0":500,"1":500,"2":1000,"3":1000,"4":500,"5":500,"6":1000,"7":1000,"8":1000,"9":1000,"10":500},"param_tournament_size":{"0":15,"1":30,"2":15,"3":30,"4":15,"5":30,"6":15,"7":30,"8":30,"9":15,"10":30},"params":{"0":{"parsimony_coefficient":0.025,"population_size":500,"tournament_size":15},"1":{"parsimony_coefficient":0.025,"population_size":500,"tournament_size":30},"2":{"parsimony_coefficient":0.025,"population_size":1000,"tournament_size":15},"3":{"parsimony_coefficient":0.025,"population_size":1000,"tournament_size":30},"4":{"parsimony_coefficient":0.01,"population_size":500,"tournament_size":15},"5":{"parsimony_coefficient":0.01,"population_size":500,"tournament_size":30},"6":{"parsimony_coefficient":0.01,"population_size":1000,"tournament_size":15},"7":{"parsimony_coefficient":0.01,"population_size":1000,"tournament_size":30},"8":{"parsimony_coefficient":0.025,"population_size":1000,"tournament_size":30},"9":{"parsimony_coefficient":0.025,"population_size":1000,"tournament_size":15},"10":{"parsimony_coefficient":0.025,"population_size":500,"tournament_size":30}},"split0_test_score":{"0":0.7121559633,"1":0.8038990826,"2":0.8038990826,"3":0.7419724771,"4":0.7350917431,"5":0.7385321101,"6":0.7419724771,"7":0.7419724771,"8":0.7423547401,"9":0.8172782875,"10":0.8172782875},"split1_test_score":{"0":0.7064220183,"1":0.8073394495,"2":0.8073394495,"3":0.8073394495,"4":0.8222477064,"5":0.7178899083,"6":0.753440367,"7":0.753440367,"8":0.7350917431,"9":0.745030581,"10":0.7350917431},"split2_test_score":{"0":0.7416762342,"1":0.7416762342,"2":0.7416762342,"3":0.7416762342,"4":0.7416762342,"5":0.7416762342,"6":0.7359357061,"7":0.7347876005,"8":0.7338432122,"9":0.7391969407,"10":0.7338432122},"split3_test_score":{"0":0.721010333,"1":0.8185993111,"2":0.8185993111,"3":0.8185993111,"4":0.7336394948,"5":0.7313432836,"6":0.757749713,"7":0.757749713,"8":0.7307839388,"9":0.7395793499,"10":0.7307839388},"split4_test_score":{"0":0.7014925373,"1":0.8185993111,"2":0.8174512055,"3":0.8185993111,"4":0.8151549943,"5":0.7164179104,"6":0.7290470723,"7":0.7290470723,"8":0.7403441683,"9":0.8206500956,"10":0.8217973231},"mean_test_score":{"0":0.7165514172,"1":0.7980226777,"2":0.7977930566,"3":0.7856373566,"4":0.7695620346,"5":0.7291718893,"6":0.7436290671,"7":0.743399446,"8":0.7364835605,"9":0.7723470509,"10":0.767758901},"std_test_score":{"0":0.0141409544,"1":0.0287855928,"2":0.0286246676,"3":0.036008787,"4":0.0402759127,"5":0.010379156,"6":0.0106791471,"7":0.0108530273,"8":0.0042607352,"9":0.0381335592,"10":0.0423246634},"rank_test_score":{"0":11,"1":1,"2":2,"3":3,"4":5,"5":10,"6":7,"7":8,"8":9,"9":4,"10":6},"split0_train_score":{"0":0.7287066246,"1":0.8316604531,"2":0.8308001147,"3":0.7496415257,"4":0.746773731,"5":0.7421852595,"6":0.7499283051,"7":0.7496415257,"8":0.7435725891,"9":0.8199369206,"10":0.8206059448},"split1_train_score":{"0":0.7063378262,"1":0.8087180958,"2":0.8072841985,"3":0.8087180958,"4":0.8058503011,"5":0.7266991683,"6":0.7355893318,"7":0.7355893318,"8":0.7320080283,"9":0.7419478161,"10":0.7320080283},"split2_train_score":{"0":0.7382454128,"1":0.7382454128,"2":0.7382454128,"3":0.7382454128,"4":0.7382454128,"5":0.7382454128,"6":0.7411123853,"7":0.7411123853,"8":0.7323203364,"9":0.7434059633,"10":0.7323203364},"split3_train_score":{"0":0.7041284404,"1":0.8245412844,"2":0.8245412844,"3":0.8245412844,"4":0.7267775229,"5":0.7264908257,"6":0.7445527523,"7":0.7439793578,"8":0.7332759939,"9":0.7435015291,"10":0.7332759939},"split4_train_score":{"0":0.7115825688,"1":0.8196674312,"2":0.8193807339,"3":0.8196674312,"4":0.8168004587,"5":0.7350917431,"6":0.746559633,"7":0.746559633,"8":0.7441704893,"9":0.8190940367,"10":0.8194762997},"mean_train_score":{"0":0.7178001746,"1":0.8045665355,"2":0.8040503489,"3":0.78816275,"4":0.7668894853,"5":0.7337424819,"6":0.7435484815,"7":0.7433764467,"8":0.7370694874,"9":0.7735772531,"10":0.7675373206},"std_train_score":{"0":0.0133710044,"1":0.0339906893,"2":0.033797031,"3":0.0366444818,"4":0.03699499,"5":0.0062541534,"6":0.0049002117,"7":0.0048065065,"8":0.0055727544,"9":0.0375133937,"10":0.0428726988}}