{"iter":{"0":0,"1":0,"2":0,"3":0,"4":0,"5":0,"6":0,"7":0,"8":1,"9":1,"10":1},"n_resources":{"0":4360,"1":4360,"2":4360,"3":4360,"4":4360,"5":4360,"6":4360,"7":4360,"8":13080,"9":13080,"10":13080},"mean_fit_time":{"0":14.5567296505,"1":14.7704998016,"2":25.8302578926,"3":25.5049693108,"4":14.8076673985,"5":15.6466367722,"6":26.1261881351,"7":26.3499317646,"8":27.5315705776,"9":15.4843198776,"10":27.4196817875},"std_fit_time":{"0":0.2837920038,"1":0.0787884025,"2":0.116601442,"3":0.4186443341,"4":0.4336872172,"5":0.24355937,"6":1.0535628278,"7":0.3326681238,"8":0.1843737452,"9":0.4045681737,"10":0.3250976606},"mean_score_time":{"0":0.0009523869,"1":0.0009706974,"2":0.0007533073,"3":0.0006626606,"4":0.0010267735,"5":0.0010789394,"6":0.000803709,"7":0.0008068562,"8":0.0008727074,"9":0.0011295319,"10":0.0009019852},"std_score_time":{"0":0.0000793041,"1":0.0000535738,"2":0.0000139841,"3":0.0000422513,"4":0.0000508986,"5":0.000140997,"6":0.0001389688,"7":0.0000249634,"8":0.0000832846,"9":0.0002025464,"10":0.000077619},"param_parsimony_coefficient":{"0":0.025,"1":0.025,"2":0.025,"3":0.025,"4":0.01,"5":0.01,"6":0.01,"7":0.01,"8":0.01,"9":0.025,"10":0.025},"param_population_size":{"0":500,"1":500,"2":1000,"3":1000,"4":500,"5":500,"6":1000,"7":1000,"8":1000,"9":500,"10":1000},"param_tournament_size":{"0":15,"1":30,"2":15,"3":30,"4":15,"5":30,"6":15,"7":30,"8":15,"9":30,"10":15},"params":{"0":{"parsimony_coefficient":0.025,"population_size":500,"tournament_size":15},"1":{"parsimony_coefficient":0.025,"population_size":500,"tournament_size":30},"2":{"parsimony_coefficient":0.025,"population_size":1000,"tournament_size":15},"3":{"parsimony_coefficient":0.025,"population_size":1000,"tournament_size":30},"4":{"parsimony_coefficient":0.01,"population_size":500,"tournament_size":15},"5":{"parsimony_coefficient":0.01,"population_size":500,"tournament_size":30},"6":{"parsimony_coefficient":0.01,"population_size":1000,"tournament_size":15},"7":{"parsimony_coefficient":0.01,"population_size":1000,"tournament_size":30},"8":{"parsimony_coefficient":0.01,"population_size":1000,"tournament_size":15},"9":{"parsimony_coefficient":0.025,"population_size":500,"tournament_size":30},"10":{"parsimony_coefficient":0.025,"population_size":1000,"tournament_size":15}},"split0_test_score":{"0":0.6949541284,"1":0.8004587156,"2":0.8004587156,"3":0.75,"4":0.8188073394,"5":0.7155963303,"6":0.75,"7":0.75,"8":0.745412844,"9":0.8168960245,"10":0.8165137615},"split1_test_score":{"0":0.7018348624,"1":0.7133027523,"2":0.7236238532,"3":0.7133027523,"4":0.7133027523,"5":0.7133027523,"6":0.8130733945,"7":0.753440367,"8":0.7423547401,"9":0.7220948012,"10":0.7320336391},"split2_test_score":{"0":0.7014925373,"1":0.7267508611,"2":0.730195178,"3":0.7267508611,"4":0.7267508611,"5":0.7278989667,"6":0.7497129736,"7":0.748564868,"8":0.7411089866,"9":0.7357552581,"10":0.7407265774},"split3_test_score":{"0":0.7175660161,"1":0.8208955224,"2":0.8208955224,"3":0.8208955224,"4":0.7175660161,"5":0.7382319173,"6":0.7244546498,"7":0.7233065442,"8":0.7357552581,"9":0.8145315488,"10":0.8137667304},"split4_test_score":{"0":0.7336394948,"1":0.7336394948,"2":0.7336394948,"3":0.7336394948,"4":0.7336394948,"5":0.730195178,"6":0.7405281286,"7":0.7405281286,"8":0.7403441683,"9":0.8233269598,"10":0.8221797323},"mean_test_score":{"0":0.7098974078,"1":0.7590094692,"2":0.7617625528,"3":0.7489177261,"4":0.7420132927,"5":0.7250450289,"6":0.7555538293,"7":0.7431679815,"8":0.7409951994,"9":0.7825209185,"10":0.7850440882},"std_test_score":{"0":0.0140102986,"1":0.0431770332,"2":0.040585877,"3":0.0378819088,"4":0.039044468,"5":0.0093351164,"6":0.0302204952,"7":0.0107960204,"8":0.0031387166,"9":0.0440676843,"10":0.0399212626},"rank_test_score":{"0":11,"1":4,"2":3,"3":6,"4":8,"5":10,"6":5,"7":7,"8":9,"9":2,"10":1},"split0_train_score":{"0":0.7040435905,"1":0.8153140235,"2":0.8147404646,"3":0.7479208489,"4":0.8213363923,"5":0.7229710353,"6":0.7479208489,"7":0.7479208489,"8":0.7399407436,"9":0.8181209978,"10":0.8175475485},"split1_train_score":{"0":0.7140808718,"1":0.7335818755,"2":0.7439059363,"3":0.7335818755,"4":0.7335818755,"5":0.7330083166,"6":0.7886435331,"7":0.7350157729,"8":0.7408009175,"9":0.7338239511,"10":0.7429035649},"split2_train_score":{"0":0.7095756881,"1":0.7276376147,"2":0.7396788991,"3":0.7276376147,"4":0.7276376147,"5":0.7267775229,"6":0.7336582569,"7":0.7336582569,"8":0.7410168196,"9":0.7304090214,"10":0.7407301223},"split3_train_score":{"0":0.7049885321,"1":0.8093463303,"2":0.8093463303,"3":0.8093463303,"4":0.7049885321,"5":0.7270642202,"6":0.7359518349,"7":0.7356651376,"8":0.7423547401,"9":0.8187117737,"10":0.818233945},"split4_train_score":{"0":0.7370986239,"1":0.7370986239,"2":0.7370986239,"3":0.7370986239,"4":0.7370986239,"5":0.7365252294,"6":0.7439793578,"7":0.7434059633,"8":0.7412079511,"9":0.8166093272,"10":0.8162270642},"mean_train_score":{"0":0.7139574613,"1":0.7645956936,"2":0.7689540508,"3":0.7511170586,"4":0.7449286077,"5":0.7292692649,"6":0.7500307663,"7":0.7391331959,"8":0.7410642344,"9":0.7835350142,"10":0.787128449},"std_train_score":{"0":0.0121116068,"1":0.0391377409,"2":0.0352906296,"3":0.0298534664,"4":0.0398055137,"5":0.0048449608,"6":0.0199914603,"7":0.0055576064,"8":0.0007771583,"9":0.0420025374,"10":0.0370087773}}