{"iter":{"0":0,"1":0,"2":0,"3":0,"4":0,"5":0,"6":0,"7":0,"8":1,"9":1,"10":1},"n_resources":{"0":4359,"1":4359,"2":4359,"3":4359,"4":4359,"5":4359,"6":4359,"7":4359,"8":13077,"9":13077,"10":13077},"mean_fit_time":{"0":14.0260019779,"1":13.9767681122,"2":24.097206974,"3":23.8028716564,"4":15.1659003258,"5":15.4205401421,"6":27.1013663292,"7":26.0667706966,"8":28.0411187172,"9":15.5700378418,"10":27.0975691319},"std_fit_time":{"0":0.3571986161,"1":0.4133828181,"2":0.4712789276,"3":0.7952981813,"4":0.3286791128,"5":0.1451558356,"6":0.5618831411,"7":0.2310938734,"8":0.2055212831,"9":0.3120774789,"10":0.2774621958},"mean_score_time":{"0":0.0007212162,"1":0.000703001,"2":0.0005938053,"3":0.000647974,"4":0.0009703159,"5":0.0010394096,"6":0.0008041382,"7":0.000702858,"8":0.001000309,"9":0.0011850834,"10":0.0008811951},"std_score_time":{"0":0.0000369206,"1":0.0000188966,"2":0.0000119985,"3":0.0000206473,"4":0.0000723683,"5":0.0000353856,"6":0.00015734,"7":0.0000639447,"8":0.0000220547,"9":0.0001031509,"10":0.0000447542},"param_parsimony_coefficient":{"0":0.025,"1":0.025,"2":0.025,"3":0.025,"4":0.01,"5":0.01,"6":0.01,"7":0.01,"8":0.01,"9":0.01,"10":0.01},"param_population_size":{"0":500,"1":500,"2":1000,"3":1000,"4":500,"5":500,"6":1000,"7":1000,"8":1000,"9":500,"10":1000},"param_tournament_size":{"0":15,"1":30,"2":15,"3":30,"4":15,"5":30,"6":15,"7":30,"8":15,"9":15,"10":30},"params":{"0":{"parsimony_coefficient":0.025,"population_size":500,"tournament_size":15},"1":{"parsimony_coefficient":0.025,"population_size":500,"tournament_size":30},"2":{"parsimony_coefficient":0.025,"population_size":1000,"tournament_size":15},"3":{"parsimony_coefficient":0.025,"population_size":1000,"tournament_size":30},"4":{"parsimony_coefficient":0.01,"population_size":500,"tournament_size":15},"5":{"parsimony_coefficient":0.01,"population_size":500,"tournament_size":30},"6":{"parsimony_coefficient":0.01,"population_size":1000,"tournament_size":15},"7":{"parsimony_coefficient":0.01,"population_size":1000,"tournament_size":30},"8":{"parsimony_coefficient":0.01,"population_size":1000,"tournament_size":15},"9":{"parsimony_coefficient":0.01,"population_size":500,"tournament_size":15},"10":{"parsimony_coefficient":0.01,"population_size":1000,"tournament_size":30}},"split0_test_score":{"0":0.5212399541,"1":0.5212399541,"2":0.5212399541,"3":0.7887485649,"4":0.8450057405,"5":0.8071182549,"6":0.831228473,"7":0.8450057405,"8":0.8604206501,"9":0.8447418738,"10":0.8447418738},"split1_test_score":{"0":0.4948335247,"1":0.4948335247,"2":0.4948335247,"3":0.7979334099,"4":0.831228473,"5":0.8082663605,"6":0.8208955224,"7":0.831228473,"8":0.8500956023,"9":0.8355640535,"10":0.8355640535},"split2_test_score":{"0":0.4948335247,"1":0.4948335247,"2":0.4948335247,"3":0.8140068886,"4":0.8656716418,"5":0.8346727899,"6":0.8346727899,"7":0.8656716418,"8":0.8271510516,"9":0.8535372849,"10":0.8535372849},"split3_test_score":{"0":0.4936854191,"1":0.4936854191,"2":0.4936854191,"3":0.8025258324,"4":0.8438576349,"5":0.8300803674,"6":0.8576349024,"7":0.8438576349,"8":0.8289977047,"9":0.844682479,"10":0.844682479},"split4_test_score":{"0":0.5143513203,"1":0.5143513203,"2":0.5143513203,"3":0.5143513203,"4":0.8392652124,"5":0.8197474168,"6":0.8461538462,"7":0.8392652124,"8":0.8259372609,"9":0.8420045907,"10":0.8420045907},"mean_test_score":{"0":0.5037887486,"1":0.5037887486,"2":0.5037887486,"3":0.7435132032,"4":0.8450057405,"5":0.8199770379,"6":0.8381171068,"7":0.8450057405,"8":0.8385204539,"9":0.8441060564,"10":0.8441060564},"std_test_score":{"0":0.0116497368,"1":0.0116497368,"2":0.0116497368,"3":0.1148693305,"4":0.011411962,"5":0.0111407664,"6":0.0126604351,"7":0.011411962,"8":0.0140846403,"9":0.0057804251,"10":0.0057804251},"rank_test_score":{"0":9,"1":9,"2":9,"3":8,"4":1,"5":7,"6":6,"7":1,"8":5,"9":3,"10":3},"split0_train_score":{"0":0.5007169487,"1":0.5007169487,"2":0.5007169487,"3":0.7998279323,"4":0.84944078,"5":0.8230570691,"6":0.840837396,"7":0.84944078,"8":0.8592868751,"9":0.843896377,"10":0.843896377},"split1_train_score":{"0":0.5098938916,"1":0.5098938916,"2":0.5098938916,"3":0.8075709779,"4":0.8517350158,"5":0.828505879,"6":0.8454258675,"7":0.8517350158,"8":0.8618678903,"9":0.8461906128,"10":0.8461906128},"split2_train_score":{"0":0.5070260969,"1":0.5070260969,"2":0.5070260969,"3":0.8047031833,"4":0.8445655291,"5":0.8244909664,"6":0.8244909664,"7":0.8445655291,"8":0.823630628,"9":0.8416977344,"10":0.8416977344},"split3_train_score":{"0":0.5239460855,"1":0.5239460855,"2":0.5239460855,"3":0.7958130198,"4":0.8411241755,"5":0.815600803,"6":0.8551763694,"7":0.8411241755,"8":0.823169566,"9":0.844006882,"10":0.844006882},"split4_train_score":{"0":0.497849154,"1":0.497849154,"2":0.497849154,"3":0.497849154,"4":0.8551763694,"5":0.8221967307,"6":0.8554631488,"7":0.8551763694,"8":0.8239342382,"9":0.8445803862,"10":0.8445803862},"mean_train_score":{"0":0.5078864353,"1":0.5078864353,"2":0.5078864353,"3":0.7411528535,"4":0.848408374,"5":0.8227702896,"6":0.8442787496,"7":0.848408374,"8":0.8383778395,"9":0.8440743985,"10":0.8440743985},"std_train_score":{"0":0.0091085782,"1":0.0091085782,"2":0.0091085782,"3":0.1217186925,"4":0.0050152801,"5":0.004187373,"6":0.0113891533,"7":0.0050152801,"8":0.0181458519,"9":0.001443549,"10":0.001443549}}