{"iter":{"0":0,"1":0,"2":0,"3":0,"4":0,"5":0,"6":0,"7":0,"8":1,"9":1,"10":1},"n_resources":{"0":4359,"1":4359,"2":4359,"3":4359,"4":4359,"5":4359,"6":4359,"7":4359,"8":13077,"9":13077,"10":13077},"mean_fit_time":{"0":13.9244818211,"1":13.7645204544,"2":23.7849498749,"3":23.8222319603,"4":14.9049401283,"5":15.4650213718,"6":27.5346995354,"7":26.0100351334,"8":28.3971984386,"9":15.4954194069,"10":27.2709776878},"std_fit_time":{"0":0.4482172837,"1":0.3127354725,"2":0.6505501355,"3":0.5811419769,"4":0.3049690208,"5":0.142818666,"6":0.3457974472,"7":0.2348833534,"8":0.4607410478,"9":0.1441176922,"10":0.0934932483},"mean_score_time":{"0":0.0006594658,"1":0.0006844044,"2":0.0005983353,"3":0.0006454945,"4":0.0009634495,"5":0.0010408878,"6":0.0008296967,"7":0.0007156849,"8":0.0009994984,"9":0.0010252953,"10":0.0008790016},"std_score_time":{"0":0.0000429559,"1":0.0000360773,"2":0.0000134106,"3":0.0000231527,"4":0.0000701395,"5":0.0000283313,"6":0.0001145851,"7":0.0000655516,"8":0.0001163758,"9":0.000164129,"10":0.0000624184},"param_parsimony_coefficient":{"0":0.025,"1":0.025,"2":0.025,"3":0.025,"4":0.01,"5":0.01,"6":0.01,"7":0.01,"8":0.01,"9":0.01,"10":0.01},"param_population_size":{"0":500,"1":500,"2":1000,"3":1000,"4":500,"5":500,"6":1000,"7":1000,"8":1000,"9":500,"10":1000},"param_tournament_size":{"0":15,"1":30,"2":15,"3":30,"4":15,"5":30,"6":15,"7":30,"8":15,"9":15,"10":30},"params":{"0":{"parsimony_coefficient":0.025,"population_size":500,"tournament_size":15},"1":{"parsimony_coefficient":0.025,"population_size":500,"tournament_size":30},"2":{"parsimony_coefficient":0.025,"population_size":1000,"tournament_size":15},"3":{"parsimony_coefficient":0.025,"population_size":1000,"tournament_size":30},"4":{"parsimony_coefficient":0.01,"population_size":500,"tournament_size":15},"5":{"parsimony_coefficient":0.01,"population_size":500,"tournament_size":30},"6":{"parsimony_coefficient":0.01,"population_size":1000,"tournament_size":15},"7":{"parsimony_coefficient":0.01,"population_size":1000,"tournament_size":30},"8":{"parsimony_coefficient":0.01,"population_size":1000,"tournament_size":15},"9":{"parsimony_coefficient":0.01,"population_size":500,"tournament_size":15},"10":{"parsimony_coefficient":0.01,"population_size":1000,"tournament_size":30}},"split0_test_score":{"0":0.5005740528,"1":0.5005740528,"2":0.5005740528,"3":0.7979334099,"4":0.8461538462,"5":0.831228473,"6":0.8645235362,"7":0.8461538462,"8":0.8413001912,"9":0.8466539197,"10":0.8466539197},"split1_test_score":{"0":0.5051664753,"1":0.5051664753,"2":0.5051664753,"3":0.7933409874,"4":0.8415614237,"5":0.812858783,"6":0.8369690011,"7":0.8415614237,"8":0.8428298279,"9":0.8390057361,"10":0.8390057361},"split2_test_score":{"0":0.5109070034,"1":0.5109070034,"2":0.5109070034,"3":0.5109070034,"4":0.840413318,"5":0.8151549943,"6":0.8553386912,"7":0.840413318,"8":0.8233269598,"9":0.845124283,"10":0.845124283},"split3_test_score":{"0":0.5040183697,"1":0.5040183697,"2":0.5040183697,"3":0.7921928817,"4":0.8277841561,"5":0.8185993111,"6":0.8185993111,"7":0.8277841561,"8":0.8298279159,"9":0.8420650096,"10":0.8420650096},"split4_test_score":{"0":0.4867967853,"1":0.4867967853,"2":0.4867967853,"3":0.8197474168,"4":0.8599311137,"5":0.8450057405,"6":0.8323765786,"7":0.8599311137,"8":0.8259372609,"9":0.8469778118,"10":0.8469778118},"mean_test_score":{"0":0.5014925373,"1":0.5014925373,"2":0.5014925373,"3":0.7428243398,"4":0.8431687715,"5":0.8245694604,"6":0.8415614237,"7":0.8431687715,"8":0.8326444311,"9":0.843965352,"10":0.843965352},"std_test_score":{"0":0.0080662081,"1":0.0080662081,"2":0.0080662081,"3":0.1163864295,"4":0.0103609774,"5":0.0120282901,"6":0.0164303502,"7":0.0103609774,"8":0.007979958,"9":0.0030283831,"10":0.0030283831},"rank_test_score":{"0":9,"1":9,"2":9,"3":8,"4":3,"5":7,"6":5,"7":3,"8":6,"9":1,"10":1},"split0_train_score":{"0":0.48924577,"1":0.48924577,"2":0.48924577,"3":0.8001147118,"4":0.8462862059,"5":0.8204760539,"6":0.8646400918,"7":0.8462862059,"8":0.8429404455,"9":0.8433228181,"10":0.8433228181},"split1_train_score":{"0":0.5061657585,"1":0.5061657585,"2":0.5061657585,"3":0.8049899627,"4":0.8445655291,"5":0.8316604531,"6":0.8459994264,"7":0.8445655291,"8":0.8425580728,"9":0.8453302744,"10":0.8453302744},"split2_train_score":{"0":0.5015772871,"1":0.5015772871,"2":0.5015772871,"3":0.5015772871,"4":0.8468597648,"5":0.8308001147,"6":0.8700889016,"7":0.8468597648,"8":0.8258292706,"9":0.8438007839,"10":0.8438007839},"split3_train_score":{"0":0.5078864353,"1":0.5078864353,"2":0.5078864353,"3":0.8032692859,"4":0.8471465443,"5":0.8287926584,"6":0.8287926584,"7":0.8471465443,"8":0.824204187,"9":0.8445655291,"10":0.8445655291},"split4_train_score":{"0":0.5104674505,"1":0.5104674505,"2":0.5104674505,"3":0.802695727,"4":0.8399770576,"5":0.8213363923,"6":0.8233438486,"7":0.8399770576,"8":0.8250812464,"9":0.8432422099,"10":0.8432422099},"mean_train_score":{"0":0.5030685403,"1":0.5030685403,"2":0.5030685403,"3":0.7425293949,"4":0.8449670204,"5":0.8266131345,"6":0.8465729854,"7":0.8449670204,"8":0.8321226445,"9":0.8440523231,"10":0.8440523231},"std_train_score":{"0":0.0074945522,"1":0.0074945522,"2":0.0074945522,"3":0.1204862078,"4":0.0026508104,"5":0.0047595025,"6":0.018630515,"7":0.0026508104,"8":0.0086926727,"9":0.0007935078,"10":0.0007935078}}