{"iter":{"0":0,"1":0,"2":0,"3":0,"4":0,"5":0,"6":0,"7":0,"8":1,"9":1,"10":1},"n_resources":{"0":4359,"1":4359,"2":4359,"3":4359,"4":4359,"5":4359,"6":4359,"7":4359,"8":13077,"9":13077,"10":13077},"mean_fit_time":{"0":14.014988327,"1":13.8927476883,"2":23.7226868153,"3":23.7139950752,"4":15.2237688065,"5":15.418260622,"6":26.7071192741,"7":26.1963092804,"8":27.149118185,"9":27.8087635517,"10":15.5949362278},"std_fit_time":{"0":0.3706757312,"1":0.2051969621,"2":0.4010624042,"3":0.5491617673,"4":0.2146394029,"5":0.2711895954,"6":0.6903160311,"7":0.3944502023,"8":0.1478590289,"9":0.1304453292,"10":0.290900788},"mean_score_time":{"0":0.0006458759,"1":0.0007239342,"2":0.0006042957,"3":0.0006530285,"4":0.0010145664,"5":0.0010437489,"6":0.0007663727,"7":0.0007608414,"8":0.000908947,"9":0.0009976387,"10":0.0011876106},"std_score_time":{"0":0.0000448336,"1":0.0000483882,"2":0.0000183762,"3":0.000019555,"4":0.0000067915,"5":0.0000492024,"6":0.0000611373,"7":0.000062225,"8":0.0000711646,"9":0.0000474492,"10":0.0001337311},"param_parsimony_coefficient":{"0":0.025,"1":0.025,"2":0.025,"3":0.025,"4":0.01,"5":0.01,"6":0.01,"7":0.01,"8":0.01,"9":0.01,"10":0.01},"param_population_size":{"0":500,"1":500,"2":1000,"3":1000,"4":500,"5":500,"6":1000,"7":1000,"8":1000,"9":1000,"10":500},"param_tournament_size":{"0":15,"1":30,"2":15,"3":30,"4":15,"5":30,"6":15,"7":30,"8":30,"9":15,"10":15},"params":{"0":{"parsimony_coefficient":0.025,"population_size":500,"tournament_size":15},"1":{"parsimony_coefficient":0.025,"population_size":500,"tournament_size":30},"2":{"parsimony_coefficient":0.025,"population_size":1000,"tournament_size":15},"3":{"parsimony_coefficient":0.025,"population_size":1000,"tournament_size":30},"4":{"parsimony_coefficient":0.01,"population_size":500,"tournament_size":15},"5":{"parsimony_coefficient":0.01,"population_size":500,"tournament_size":30},"6":{"parsimony_coefficient":0.01,"population_size":1000,"tournament_size":15},"7":{"parsimony_coefficient":0.01,"population_size":1000,"tournament_size":30},"8":{"parsimony_coefficient":0.01,"population_size":1000,"tournament_size":30},"9":{"parsimony_coefficient":0.01,"population_size":1000,"tournament_size":15},"10":{"parsimony_coefficient":0.01,"population_size":500,"tournament_size":15}},"split0_test_score":{"0":0.4822043628,"1":0.4822043628,"2":0.4822043628,"3":0.8117106774,"4":0.8461538462,"5":0.8289322618,"6":0.8277841561,"7":0.8461538462,"8":0.8481835564,"9":0.8309751434,"10":0.8481835564},"split1_test_score":{"0":0.5040183697,"1":0.5040183697,"2":0.5040183697,"3":0.8082663605,"4":0.8082663605,"5":0.8243398393,"6":0.858783008,"7":0.8163030999,"8":0.834416826,"9":0.8497131931,"10":0.834416826},"split2_test_score":{"0":0.4913892078,"1":0.4913892078,"2":0.4913892078,"3":0.8140068886,"4":0.8553386912,"5":0.8335246843,"6":0.8277841561,"7":0.8553386912,"8":0.8504780115,"9":0.8263862333,"10":0.8504780115},"split3_test_score":{"0":0.4730195178,"1":0.4730195178,"2":0.4730195178,"3":0.4730195178,"4":0.8794489093,"5":0.8450057405,"6":0.8633754305,"7":0.8450057405,"8":0.8335883703,"9":0.818668707,"10":0.8335883703},"split4_test_score":{"0":0.4982778416,"1":0.4982778416,"2":0.4982778416,"3":0.7990815155,"4":0.8427095293,"5":0.8369690011,"6":0.8300803674,"7":0.8427095293,"8":0.8366488141,"9":0.8217291507,"10":0.8366488141},"mean_test_score":{"0":0.4897818599,"1":0.4897818599,"2":0.4897818599,"3":0.741216992,"4":0.8463834673,"5":0.8337543054,"6":0.8415614237,"7":0.8411021814,"8":0.8406631157,"9":0.8294944855,"10":0.8406631157},"std_test_score":{"0":0.0110980904,"1":0.0110980904,"2":0.0110980904,"3":0.1341950333,"4":0.0229781804,"5":0.0070550133,"6":0.0160241987,"7":0.0131226012,"8":0.007184316,"9":0.0109375283,"10":0.007184316},"rank_test_score":{"0":9,"1":9,"2":9,"3":8,"4":1,"5":6,"6":2,"7":3,"8":4,"9":7,"10":4},"split0_train_score":{"0":0.5096071121,"1":0.5096071121,"2":0.5096071121,"3":0.7966733582,"4":0.8368224835,"5":0.8158875824,"6":0.8207628334,"7":0.8368224835,"8":0.8389255329,"9":0.8206672402,"10":0.8389255329},"split1_train_score":{"0":0.4883854316,"1":0.4883854316,"2":0.4883854316,"3":0.8029825065,"4":0.8087180958,"5":0.828505879,"6":0.871522799,"7":0.8224835102,"8":0.8421757002,"9":0.8600516203,"10":0.8421757002},"split2_train_score":{"0":0.5035847433,"1":0.5035847433,"2":0.5035847433,"3":0.7969601377,"4":0.8310868942,"5":0.815027244,"6":0.8196157155,"7":0.8310868942,"8":0.8381607877,"9":0.8217187649,"10":0.8381607877},"split3_train_score":{"0":0.5119013479,"1":0.5119013479,"2":0.5119013479,"3":0.5119013479,"4":0.8603383998,"5":0.8351018067,"6":0.8399770576,"7":0.8351018067,"8":0.8423819537,"9":0.8236474861,"10":0.8423819537},"split4_train_score":{"0":0.5058789791,"1":0.5058789791,"2":0.5058789791,"3":0.8012618297,"4":0.8419845139,"5":0.819902495,"6":0.8173214798,"7":0.8419845139,"8":0.8417128656,"9":0.822882814,"10":0.8417128656},"mean_train_score":{"0":0.5038715228,"1":0.5038715228,"2":0.5038715228,"3":0.741955836,"4":0.8357900774,"5":0.8228850014,"6":0.8338399771,"7":0.8334958417,"8":0.840671368,"9":0.8297935851,"10":0.840671368},"std_train_score":{"0":0.0082620363,"1":0.0082620363,"2":0.0082620363,"3":0.1150530342,"4":0.0167156762,"5":0.0077517503,"6":0.020512732,"7":0.0065234607,"8":0.0017677551,"9":0.0151629474,"10":0.0017677551}}