{"iter":{"0":0,"1":0,"2":0,"3":0,"4":0,"5":0,"6":0,"7":0,"8":1,"9":1,"10":1},"n_resources":{"0":4359,"1":4359,"2":4359,"3":4359,"4":4359,"5":4359,"6":4359,"7":4359,"8":13077,"9":13077,"10":13077},"mean_fit_time":{"0":13.6857589245,"1":13.8235145092,"2":23.6481629372,"3":23.4533178806,"4":14.9415231228,"5":15.3667470932,"6":26.8612640381,"7":25.7126637936,"8":15.3735979557,"9":26.878422451,"10":27.6728025436},"std_fit_time":{"0":0.170794645,"1":0.5576285658,"2":0.5872513139,"3":0.5416130623,"4":0.2626716935,"5":0.2336197721,"6":0.7929947544,"7":0.1846483037,"8":0.1576620877,"9":0.1822114161,"10":0.1608939004},"mean_score_time":{"0":0.0007052422,"1":0.000758791,"2":0.0006082535,"3":0.000650692,"4":0.0009794712,"5":0.0010553837,"6":0.0008573532,"7":0.0007074356,"8":0.001146698,"9":0.0008805752,"10":0.0009531975},"std_score_time":{"0":0.0000755231,"1":0.0000678812,"2":0.0000132398,"3":0.0000230265,"4":0.0000851433,"5":0.0000198129,"6":0.0000470027,"7":0.000051884,"8":0.0001970602,"9":0.0000640466,"10":0.0001486538},"param_parsimony_coefficient":{"0":0.025,"1":0.025,"2":0.025,"3":0.025,"4":0.01,"5":0.01,"6":0.01,"7":0.01,"8":0.01,"9":0.01,"10":0.01},"param_population_size":{"0":500,"1":500,"2":1000,"3":1000,"4":500,"5":500,"6":1000,"7":1000,"8":500,"9":1000,"10":1000},"param_tournament_size":{"0":15,"1":30,"2":15,"3":30,"4":15,"5":30,"6":15,"7":30,"8":15,"9":30,"10":15},"params":{"0":{"parsimony_coefficient":0.025,"population_size":500,"tournament_size":15},"1":{"parsimony_coefficient":0.025,"population_size":500,"tournament_size":30},"2":{"parsimony_coefficient":0.025,"population_size":1000,"tournament_size":15},"3":{"parsimony_coefficient":0.025,"population_size":1000,"tournament_size":30},"4":{"parsimony_coefficient":0.01,"population_size":500,"tournament_size":15},"5":{"parsimony_coefficient":0.01,"population_size":500,"tournament_size":30},"6":{"parsimony_coefficient":0.01,"population_size":1000,"tournament_size":15},"7":{"parsimony_coefficient":0.01,"population_size":1000,"tournament_size":30},"8":{"parsimony_coefficient":0.01,"population_size":500,"tournament_size":15},"9":{"parsimony_coefficient":0.01,"population_size":1000,"tournament_size":30},"10":{"parsimony_coefficient":0.01,"population_size":1000,"tournament_size":15}},"split0_test_score":{"0":0.4913892078,"1":0.4913892078,"2":0.4913892078,"3":0.7956371986,"4":0.8427095293,"5":0.8140068886,"6":0.8140068886,"7":0.8427095293,"8":0.8458891013,"9":0.8458891013,"10":0.8615678776},"split1_test_score":{"0":0.4902411022,"1":0.4902411022,"2":0.4902411022,"3":0.7990815155,"4":0.8450057405,"5":0.8163030999,"6":0.8622273249,"7":0.8450057405,"8":0.8443594646,"9":0.8443594646,"10":0.8596558317},"split2_test_score":{"0":0.5074626866,"1":0.5074626866,"2":0.5074626866,"3":0.8013777268,"4":0.8473019518,"5":0.8335246843,"6":0.849598163,"7":0.8473019518,"8":0.847418738,"9":0.847418738,"10":0.821414914},"split3_test_score":{"0":0.5120551091,"1":0.5120551091,"2":0.5120551091,"3":0.5120551091,"4":0.840413318,"5":0.8197474168,"6":0.8473019518,"7":0.840413318,"8":0.8385615914,"9":0.8385615914,"10":0.824407039},"split4_test_score":{"0":0.4913892078,"1":0.4913892078,"2":0.4913892078,"3":0.8048220436,"4":0.8392652124,"5":0.8335246843,"6":0.858783008,"7":0.8392652124,"8":0.8343534813,"9":0.8343534813,"10":0.8209640398},"mean_test_score":{"0":0.4985074627,"1":0.4985074627,"2":0.4985074627,"3":0.7425947187,"4":0.8429391504,"5":0.8234213548,"6":0.8463834673,"7":0.8429391504,"8":0.8421164753,"9":0.8421164753,"10":0.8376019404},"std_test_score":{"0":0.0093102801,"1":0.0093102801,"2":0.0093102801,"3":0.1153086783,"4":0.0029405852,"5":0.0084493086,"6":0.0171125519,"7":0.0029405852,"8":0.0049046707,"9":0.0049046707,"10":0.0188344644},"rank_test_score":{"0":9,"1":9,"2":9,"3":8,"4":2,"5":7,"6":1,"7":2,"8":4,"9":4,"10":6},"split0_train_score":{"0":0.5038715228,"1":0.5038715228,"2":0.5038715228,"3":0.7995411529,"4":0.8448523086,"5":0.8213363923,"6":0.8213363923,"7":0.8448523086,"8":0.8412197687,"9":0.8412197687,"10":0.8575661983},"split1_train_score":{"0":0.5041583023,"1":0.5041583023,"2":0.5041583023,"3":0.7949526814,"4":0.8416977344,"5":0.8256380843,"6":0.8577573846,"7":0.8416977344,"8":0.8416021413,"9":0.8416021413,"10":0.858044164},"split2_train_score":{"0":0.4989962719,"1":0.4989962719,"2":0.4989962719,"3":0.8084313163,"4":0.8402638371,"5":0.8330943504,"6":0.8551763694,"7":0.8402638371,"8":0.8409329892,"9":0.8409329892,"10":0.8244909664},"split3_train_score":{"0":0.5153427015,"1":0.5153427015,"2":0.5153427015,"3":0.5153427015,"4":0.8399770576,"5":0.8144536851,"6":0.8434184112,"7":0.8399770576,"8":0.8430510419,"9":0.8430510419,"10":0.8236474861},"split4_train_score":{"0":0.5015772871,"1":0.5015772871,"2":0.5015772871,"3":0.7966733582,"4":0.8454258675,"5":0.8204760539,"6":0.8594780614,"7":0.8454258675,"8":0.8441024661,"9":0.8441024661,"10":0.8244121583},"mean_train_score":{"0":0.5047892171,"1":0.5047892171,"2":0.5047892171,"3":0.742988242,"4":0.8424433611,"5":0.8229997132,"6":0.8474333238,"7":0.8424433611,"8":0.8421816814,"9":0.8421816814,"10":0.8376321946},"std_train_score":{"0":0.0055944787,"1":0.0055944787,"2":0.0055944787,"3":0.113917439,"4":0.0022841764,"5":0.0061811454,"6":0.0142041265,"7":0.0022841764,"8":0.0012054523,"9":0.0012054523,"10":0.0164745034}}