{"iter":{"0":0,"1":0,"2":0,"3":0,"4":0,"5":0,"6":0,"7":0,"8":1,"9":1,"10":1},"n_resources":{"0":4359,"1":4359,"2":4359,"3":4359,"4":4359,"5":4359,"6":4359,"7":4359,"8":13077,"9":13077,"10":13077},"mean_fit_time":{"0":14.170011425,"1":14.0813541412,"2":23.7680747986,"3":23.9760026455,"4":15.0549294949,"5":15.1001950741,"6":27.3340129375,"7":25.8980665684,"8":27.8885465145,"9":15.758345747,"10":27.1714948177},"std_fit_time":{"0":0.3073801867,"1":0.4143083737,"2":0.4555887893,"3":0.684062256,"4":0.3208324605,"5":0.243472854,"6":0.355494237,"7":0.3063918496,"8":0.1251873569,"9":0.3216668102,"10":0.2516277141},"mean_score_time":{"0":0.0007004261,"1":0.0006706715,"2":0.000595665,"3":0.0006504059,"4":0.0008996487,"5":0.0010390759,"6":0.0008164883,"7":0.0007716179,"8":0.0010066032,"9":0.0009615421,"10":0.0009102345},"std_score_time":{"0":0.0000695366,"1":0.0000543366,"2":0.0000150748,"3":0.000021491,"4":0.0001433806,"5":0.0001324354,"6":0.0000248654,"7":0.0000143896,"8":0.0000650753,"9":0.0001816663,"10":0.0000653443},"param_parsimony_coefficient":{"0":0.025,"1":0.025,"2":0.025,"3":0.025,"4":0.01,"5":0.01,"6":0.01,"7":0.01,"8":0.01,"9":0.01,"10":0.01},"param_population_size":{"0":500,"1":500,"2":1000,"3":1000,"4":500,"5":500,"6":1000,"7":1000,"8":1000,"9":500,"10":1000},"param_tournament_size":{"0":15,"1":30,"2":15,"3":30,"4":15,"5":30,"6":15,"7":30,"8":15,"9":15,"10":30},"params":{"0":{"parsimony_coefficient":0.025,"population_size":500,"tournament_size":15},"1":{"parsimony_coefficient":0.025,"population_size":500,"tournament_size":30},"2":{"parsimony_coefficient":0.025,"population_size":1000,"tournament_size":15},"3":{"parsimony_coefficient":0.025,"population_size":1000,"tournament_size":30},"4":{"parsimony_coefficient":0.01,"population_size":500,"tournament_size":15},"5":{"parsimony_coefficient":0.01,"population_size":500,"tournament_size":30},"6":{"parsimony_coefficient":0.01,"population_size":1000,"tournament_size":15},"7":{"parsimony_coefficient":0.01,"population_size":1000,"tournament_size":30},"8":{"parsimony_coefficient":0.01,"population_size":1000,"tournament_size":15},"9":{"parsimony_coefficient":0.01,"population_size":500,"tournament_size":15},"10":{"parsimony_coefficient":0.01,"population_size":1000,"tournament_size":30}},"split0_test_score":{"0":0.5040183697,"1":0.5040183697,"2":0.5040183697,"3":0.5040183697,"4":0.8381171068,"5":0.8266360505,"6":0.8553386912,"7":0.8381171068,"8":0.8718929254,"9":0.8520076482,"10":0.8520076482},"split1_test_score":{"0":0.4902411022,"1":0.4902411022,"2":0.4902411022,"3":0.8013777268,"4":0.849598163,"5":0.8335246843,"6":0.8438576349,"7":0.849598163,"8":0.8565965583,"9":0.845124283,"10":0.845124283},"split2_test_score":{"0":0.5281285878,"1":0.5281285878,"2":0.5281285878,"3":0.7807118255,"4":0.8427095293,"5":0.8117106774,"6":0.8266360505,"7":0.8427095293,"8":0.8198852772,"9":0.8432122371,"10":0.8432122371},"split3_test_score":{"0":0.5120551091,"1":0.5120551091,"2":0.5120551091,"3":0.8013777268,"4":0.8507462687,"5":0.8300803674,"6":0.840413318,"7":0.8507462687,"8":0.830210325,"9":0.8439770554,"10":0.8439770554},"split4_test_score":{"0":0.4902411022,"1":0.4902411022,"2":0.4902411022,"3":0.7910447761,"4":0.831228473,"5":0.8208955224,"6":0.8208955224,"7":0.831228473,"8":0.8588370314,"9":0.8385615914,"10":0.8385615914},"mean_test_score":{"0":0.5049368542,"1":0.5049368542,"2":0.5049368542,"3":0.735706085,"4":0.8424799082,"5":0.8245694604,"6":0.8374282434,"7":0.8424799082,"8":0.8474844235,"9":0.844576563,"10":0.844576563},"std_test_score":{"0":0.0142919553,"1":0.0142919553,"2":0.0142919553,"3":0.1160970404,"4":0.0072757656,"5":0.0076639813,"6":0.0123355922,"7":0.0072757656,"8":0.0193276746,"9":0.0043340905,"10":0.0043340905},"rank_test_score":{"0":9,"1":9,"2":9,"3":8,"4":4,"5":7,"6":6,"7":4,"8":1,"9":2,"10":2},"split0_train_score":{"0":0.5001433897,"1":0.5001433897,"2":0.5001433897,"3":0.5001433897,"4":0.8505878979,"5":0.8256380843,"6":0.8614855176,"7":0.8505878979,"8":0.8574706051,"9":0.842653666,"10":0.842653666},"split1_train_score":{"0":0.4972755951,"1":0.4972755951,"2":0.4972755951,"3":0.8107255521,"4":0.845139088,"5":0.82793232,"6":0.8454258675,"7":0.845139088,"8":0.8612943313,"9":0.844469936,"10":0.844469936},"split2_train_score":{"0":0.5081732148,"1":0.5081732148,"2":0.5081732148,"3":0.8006882707,"4":0.8394034987,"5":0.8262116432,"6":0.8439919702,"7":0.8394034987,"8":0.8268807953,"9":0.8448523086,"10":0.8448523086},"split3_train_score":{"0":0.5001433897,"1":0.5001433897,"2":0.5001433897,"3":0.8004014913,"4":0.8485804416,"5":0.8239174075,"6":0.8244909664,"7":0.8485804416,"8":0.8242997801,"9":0.8446611223,"10":0.8446611223},"split4_train_score":{"0":0.5007169487,"1":0.5007169487,"2":0.5007169487,"3":0.8047031833,"4":0.8465729854,"5":0.8302265558,"6":0.8302265558,"7":0.8465729854,"8":0.8608296693,"9":0.8461097305,"10":0.8461097305},"mean_train_score":{"0":0.5012905076,"1":0.5012905076,"2":0.5012905076,"3":0.7433323774,"4":0.8460567823,"5":0.8267852022,"6":0.8411241755,"7":0.8460567823,"8":0.8461550362,"9":0.8445493526,"10":0.8445493526},"std_train_score":{"0":0.0036455976,"1":0.0036455976,"2":0.0036455976,"3":0.121651701,"4":0.0038019647,"5":0.002146061,"6":0.0129362654,"7":0.0038019647,"8":0.0168625846,"9":0.0011080603,"10":0.0011080603}}