{"iter":{"0":0,"1":0,"2":0,"3":0,"4":0,"5":0,"6":0,"7":0,"8":1,"9":1,"10":1},"n_resources":{"0":4325,"1":4325,"2":4325,"3":4325,"4":4325,"5":4325,"6":4325,"7":4325,"8":12975,"9":12975,"10":12975},"mean_fit_time":{"0":15.1842639446,"1":14.9352165699,"2":25.783154583,"3":26.2202315331,"4":14.8891750336,"5":15.1040350437,"6":26.13020854,"7":26.2383482456,"8":27.3834002018,"9":15.648295927,"10":15.7309883118},"std_fit_time":{"0":0.2703685341,"1":0.4889500135,"2":0.1601275666,"3":0.1143359242,"4":0.2256214817,"5":0.4348894701,"6":0.284897454,"7":0.0818910538,"8":0.2574458691,"9":0.1607158021,"10":0.1963220962},"mean_score_time":{"0":0.0009076595,"1":0.0008620262,"2":0.0006623745,"3":0.000740242,"4":0.000856638,"5":0.0009418488,"6":0.0007326126,"7":0.0007396698,"8":0.0008338928,"9":0.0012469769,"10":0.0010044575},"std_score_time":{"0":0.0001500969,"1":0.0000957397,"2":0.0000569423,"3":0.000058156,"4":0.0001931567,"5":0.0001603632,"6":0.0000534669,"7":0.0000462981,"8":0.0000647131,"9":0.0000575269,"10":0.0002177778},"param_parsimony_coefficient":{"0":0.025,"1":0.025,"2":0.025,"3":0.025,"4":0.01,"5":0.01,"6":0.01,"7":0.01,"8":0.01,"9":0.025,"10":0.01},"param_population_size":{"0":500,"1":500,"2":1000,"3":1000,"4":500,"5":500,"6":1000,"7":1000,"8":1000,"9":500,"10":500},"param_tournament_size":{"0":15,"1":30,"2":15,"3":30,"4":15,"5":30,"6":15,"7":30,"8":30,"9":15,"10":15},"params":{"0":{"parsimony_coefficient":0.025,"population_size":500,"tournament_size":15},"1":{"parsimony_coefficient":0.025,"population_size":500,"tournament_size":30},"2":{"parsimony_coefficient":0.025,"population_size":1000,"tournament_size":15},"3":{"parsimony_coefficient":0.025,"population_size":1000,"tournament_size":30},"4":{"parsimony_coefficient":0.01,"population_size":500,"tournament_size":15},"5":{"parsimony_coefficient":0.01,"population_size":500,"tournament_size":30},"6":{"parsimony_coefficient":0.01,"population_size":1000,"tournament_size":15},"7":{"parsimony_coefficient":0.01,"population_size":1000,"tournament_size":30},"8":{"parsimony_coefficient":0.01,"population_size":1000,"tournament_size":30},"9":{"parsimony_coefficient":0.025,"population_size":500,"tournament_size":15},"10":{"parsimony_coefficient":0.01,"population_size":500,"tournament_size":15}},"split0_test_score":{"0":0.8901734104,"1":0.8832369942,"2":0.8832369942,"3":0.8832369942,"4":0.8901734104,"5":0.8832369942,"6":0.8832369942,"7":0.8832369942,"8":0.8689788054,"9":0.8801541426,"10":0.8801541426},"split1_test_score":{"0":0.8831018519,"1":0.8761574074,"2":0.8761574074,"3":0.8761574074,"4":0.8831018519,"5":0.8761574074,"6":0.8761574074,"7":0.8761574074,"8":0.8801079414,"9":0.8862760216,"10":0.8862760216},"split2_test_score":{"0":0.8761574074,"1":0.8703703704,"2":0.8703703704,"3":0.8703703704,"4":0.8761574074,"5":0.8703703704,"6":0.8703703704,"7":0.8703703704,"8":0.8704703161,"9":0.8812644564,"10":0.8812644564},"split3_test_score":{"0":0.8657407407,"1":0.8553240741,"2":0.8553240741,"3":0.8553240741,"4":0.8657407407,"5":0.8553240741,"6":0.8553240741,"7":0.8553240741,"8":0.8635312259,"9":0.8712413261,"10":0.8712413261},"split4_test_score":{"0":0.8784722222,"1":0.8668981481,"2":0.8668981481,"3":0.8668981481,"4":0.8784722222,"5":0.8668981481,"6":0.8668981481,"7":0.8668981481,"8":0.8716268311,"9":0.8828064765,"10":0.8828064765},"mean_test_score":{"0":0.8787291265,"1":0.8703973988,"2":0.8703973988,"3":0.8703973988,"4":0.8787291265,"5":0.8703973988,"6":0.8703973988,"7":0.8703973988,"8":0.870943024,"9":0.8803484846,"10":0.8803484846},"std_test_score":{"0":0.0080680886,"1":0.0093539672,"2":0.0093539672,"3":0.0093539672,"4":0.0080680886,"5":0.0093539672,"6":0.0093539672,"7":0.0093539672,"8":0.0053568584,"9":0.0049998905,"10":0.0049998905},"rank_test_score":{"0":3,"1":6,"2":6,"3":6,"4":3,"5":6,"6":6,"7":6,"8":5,"9":1,"10":1},"split0_train_score":{"0":0.8834923388,"1":0.8742411101,"2":0.8742411101,"3":0.8742411101,"4":0.8834923388,"5":0.8742411101,"6":0.8742411101,"7":0.8742411101,"8":0.8713748916,"9":0.8803352924,"10":0.8803352924},"split1_train_score":{"0":0.8817919075,"1":0.8705202312,"2":0.8705202312,"3":0.8705202312,"4":0.8817919075,"5":0.8705202312,"6":0.8705202312,"7":0.8705202312,"8":0.8685934489,"9":0.878805395,"10":0.878805395},"split2_train_score":{"0":0.8838150289,"1":0.8757225434,"2":0.8757225434,"3":0.8757225434,"4":0.8838150289,"5":0.8757225434,"6":0.8757225434,"7":0.8757225434,"8":0.8710019268,"9":0.8800578035,"10":0.8800578035},"split3_train_score":{"0":0.8823699422,"1":0.8728323699,"2":0.8728323699,"3":0.8728323699,"4":0.8823699422,"5":0.8728323699,"6":0.8728323699,"7":0.8728323699,"8":0.8728323699,"9":0.8826589595,"10":0.8826589595},"split4_train_score":{"0":0.8734104046,"1":0.8650289017,"2":0.8650289017,"3":0.8650289017,"4":0.8734104046,"5":0.8650289017,"6":0.8650289017,"7":0.8650289017,"8":0.8707129094,"9":0.879672447,"10":0.879672447},"mean_train_score":{"0":0.8809759244,"1":0.8716690313,"2":0.8716690313,"3":0.8716690313,"4":0.8809759244,"5":0.8716690313,"6":0.8716690313,"7":0.8716690313,"8":0.8709031093,"9":0.8803059795,"10":0.8803059795},"std_train_score":{"0":0.0038532859,"1":0.0037366019,"2":0.0037366019,"3":0.0037366019,"4":0.0038532859,"5":0.0037366019,"6":0.0037366019,"7":0.0037366019,"8":0.0013656571,"9":0.0012846854,"10":0.0012846854}}