{"iter":{"0":0,"1":0,"2":0,"3":0,"4":0,"5":0,"6":0,"7":0,"8":1,"9":1,"10":1},"n_resources":{"0":4325,"1":4325,"2":4325,"3":4325,"4":4325,"5":4325,"6":4325,"7":4325,"8":12975,"9":12975,"10":12975},"mean_fit_time":{"0":14.8189647675,"1":15.0101372242,"2":25.8842758179,"3":25.8432533741,"4":15.1693040848,"5":15.0779529095,"6":25.9750455856,"7":25.9629869461,"8":27.1115352631,"9":15.4526465416,"10":15.662979269},"std_fit_time":{"0":0.1066932553,"1":0.1797767104,"2":0.2836450311,"3":0.148995232,"4":0.2051641852,"5":0.3777800259,"6":0.224724215,"7":0.3140481163,"8":0.1272050188,"9":0.1737581367,"10":0.1836516219},"mean_score_time":{"0":0.0009278297,"1":0.0010029793,"2":0.000757122,"3":0.0007566929,"4":0.0008497715,"5":0.0008873463,"6":0.0007053852,"7":0.000726223,"8":0.0009203434,"9":0.0011343479,"10":0.0011343956},"std_score_time":{"0":0.0001550757,"1":0.0000288135,"2":0.0000148897,"3":0.0000512899,"4":0.0001857227,"5":0.0001461015,"6":0.000062402,"7":0.0000715879,"8":0.000081165,"9":0.0000941134,"10":0.0000912668},"param_parsimony_coefficient":{"0":0.025,"1":0.025,"2":0.025,"3":0.025,"4":0.01,"5":0.01,"6":0.01,"7":0.01,"8":0.01,"9":0.025,"10":0.01},"param_population_size":{"0":500,"1":500,"2":1000,"3":1000,"4":500,"5":500,"6":1000,"7":1000,"8":1000,"9":500,"10":500},"param_tournament_size":{"0":15,"1":30,"2":15,"3":30,"4":15,"5":30,"6":15,"7":30,"8":30,"9":15,"10":15},"params":{"0":{"parsimony_coefficient":0.025,"population_size":500,"tournament_size":15},"1":{"parsimony_coefficient":0.025,"population_size":500,"tournament_size":30},"2":{"parsimony_coefficient":0.025,"population_size":1000,"tournament_size":15},"3":{"parsimony_coefficient":0.025,"population_size":1000,"tournament_size":30},"4":{"parsimony_coefficient":0.01,"population_size":500,"tournament_size":15},"5":{"parsimony_coefficient":0.01,"population_size":500,"tournament_size":30},"6":{"parsimony_coefficient":0.01,"population_size":1000,"tournament_size":15},"7":{"parsimony_coefficient":0.01,"population_size":1000,"tournament_size":30},"8":{"parsimony_coefficient":0.01,"population_size":1000,"tournament_size":30},"9":{"parsimony_coefficient":0.025,"population_size":500,"tournament_size":15},"10":{"parsimony_coefficient":0.01,"population_size":500,"tournament_size":15}},"split0_test_score":{"0":0.8797687861,"1":0.8693641618,"2":0.8693641618,"3":0.8693641618,"4":0.8797687861,"5":0.8693641618,"6":0.8693641618,"7":0.8693641618,"8":0.8701348748,"9":0.8797687861,"10":0.8797687861},"split1_test_score":{"0":0.8865740741,"1":0.8796296296,"2":0.8796296296,"3":0.8796296296,"4":0.8865740741,"5":0.8796296296,"6":0.8796296296,"7":0.8796296296,"8":0.8781804163,"9":0.8839629915,"10":0.8839629915},"split2_test_score":{"0":0.8657407407,"1":0.8541666667,"2":0.8541666667,"3":0.8541666667,"4":0.8657407407,"5":0.8541666667,"6":0.8541666667,"7":0.8541666667,"8":0.8685427911,"9":0.8774094063,"10":0.8774094063},"split3_test_score":{"0":0.8657407407,"1":0.8553240741,"2":0.8553240741,"3":0.8553240741,"4":0.8657407407,"5":0.8553240741,"6":0.8553240741,"7":0.8553240741,"8":0.8643022359,"9":0.8716268311,"10":0.8716268311},"split4_test_score":{"0":0.8576388889,"1":0.8460648148,"2":0.8460648148,"3":0.8460648148,"4":0.8576388889,"5":0.8460648148,"6":0.8460648148,"7":0.8460648148,"8":0.8766383963,"9":0.8866615266,"10":0.8866615266},"mean_test_score":{"0":0.8710926461,"1":0.8609098694,"2":0.8609098694,"3":0.8609098694,"4":0.8710926461,"5":0.8609098694,"6":0.8609098694,"7":0.8609098694,"8":0.8715597429,"9":0.8798859083,"10":0.8798859083},"std_test_score":{"0":0.0105189294,"1":0.0119912637,"2":0.0119912637,"3":0.0119912637,"4":0.0105189294,"5":0.0119912637,"6":0.0119912637,"7":0.0119912637,"8":0.0051658434,"9":0.0052324133,"10":0.0052324133},"rank_test_score":{"0":4,"1":6,"2":6,"3":6,"4":4,"5":6,"6":6,"7":6,"8":3,"9":1,"10":1},"split0_train_score":{"0":0.8762648164,"1":0.8693263949,"2":0.8693263949,"3":0.8693263949,"4":0.8762648164,"5":0.8693263949,"6":0.8693263949,"7":0.8693263949,"8":0.871952982,"9":0.8799498988,"10":0.8799498988},"split1_train_score":{"0":0.8829479769,"1":0.8734104046,"2":0.8734104046,"3":0.8734104046,"4":0.8829479769,"5":0.8734104046,"6":0.8734104046,"7":0.8734104046,"8":0.8700385356,"9":0.8789980732,"10":0.8789980732},"split2_train_score":{"0":0.8768786127,"1":0.8667630058,"2":0.8667630058,"3":0.8667630058,"4":0.8768786127,"5":0.8667630058,"6":0.8667630058,"7":0.8667630058,"8":0.8723506744,"9":0.880539499,"10":0.880539499},"split3_train_score":{"0":0.8878612717,"1":0.8791907514,"2":0.8791907514,"3":0.8791907514,"4":0.8878612717,"5":0.8791907514,"6":0.8791907514,"7":0.8791907514,"8":0.8734104046,"9":0.8819845857,"10":0.8819845857},"split4_train_score":{"0":0.8849710983,"1":0.8768786127,"2":0.8768786127,"3":0.8768786127,"4":0.8849710983,"5":0.8768786127,"6":0.8768786127,"7":0.8768786127,"8":0.870327553,"9":0.8782273603,"10":0.8782273603},"mean_train_score":{"0":0.8817847552,"1":0.8731138339,"2":0.8731138339,"3":0.8731138339,"4":0.8817847552,"5":0.8731138339,"6":0.8731138339,"7":0.8731138339,"8":0.8716160299,"9":0.8799398834,"10":0.8799398834},"std_train_score":{"0":0.0045380586,"1":0.0046014813,"2":0.0046014813,"3":0.0046014813,"4":0.0045380586,"5":0.0046014813,"6":0.0046014813,"7":0.0046014813,"8":0.0012666239,"9":0.001293073,"10":0.001293073}}