{"iter":{"0":0,"1":0,"2":0,"3":0,"4":0,"5":0,"6":0,"7":0,"8":1,"9":1,"10":1},"n_resources":{"0":4325,"1":4325,"2":4325,"3":4325,"4":4325,"5":4325,"6":4325,"7":4325,"8":12975,"9":12975,"10":12975},"mean_fit_time":{"0":14.8481457233,"1":14.9393679142,"2":25.8660826683,"3":25.7254097939,"4":14.9470991135,"5":14.8933661461,"6":25.6554197788,"7":25.892749548,"8":27.0949414253,"9":15.5356471062,"10":15.2262042046},"std_fit_time":{"0":0.1348886622,"1":0.2106233385,"2":0.1896365904,"3":0.1855237766,"4":0.4147699998,"5":0.3170789544,"6":0.1878322073,"7":0.2045277424,"8":0.2135990877,"9":0.3296290372,"10":0.2719485149},"mean_score_time":{"0":0.0009999752,"1":0.0009955406,"2":0.0007271767,"3":0.0007328987,"4":0.0009803295,"5":0.0009204865,"6":0.0007450581,"7":0.0007693768,"8":0.0009128571,"9":0.0012340069,"10":0.0011620045},"std_score_time":{"0":0.0000430313,"1":0.0000156091,"2":0.0000511175,"3":0.000060707,"4":0.0000587094,"5":0.000150068,"6":0.0000500722,"7":0.0000646205,"8":0.0000594756,"9":0.0000600197,"10":0.0001942372},"param_parsimony_coefficient":{"0":0.025,"1":0.025,"2":0.025,"3":0.025,"4":0.01,"5":0.01,"6":0.01,"7":0.01,"8":0.01,"9":0.025,"10":0.01},"param_population_size":{"0":500,"1":500,"2":1000,"3":1000,"4":500,"5":500,"6":1000,"7":1000,"8":1000,"9":500,"10":500},"param_tournament_size":{"0":15,"1":30,"2":15,"3":30,"4":15,"5":30,"6":15,"7":30,"8":30,"9":15,"10":15},"params":{"0":{"parsimony_coefficient":0.025,"population_size":500,"tournament_size":15},"1":{"parsimony_coefficient":0.025,"population_size":500,"tournament_size":30},"2":{"parsimony_coefficient":0.025,"population_size":1000,"tournament_size":15},"3":{"parsimony_coefficient":0.025,"population_size":1000,"tournament_size":30},"4":{"parsimony_coefficient":0.01,"population_size":500,"tournament_size":15},"5":{"parsimony_coefficient":0.01,"population_size":500,"tournament_size":30},"6":{"parsimony_coefficient":0.01,"population_size":1000,"tournament_size":15},"7":{"parsimony_coefficient":0.01,"population_size":1000,"tournament_size":30},"8":{"parsimony_coefficient":0.01,"population_size":1000,"tournament_size":30},"9":{"parsimony_coefficient":0.025,"population_size":500,"tournament_size":15},"10":{"parsimony_coefficient":0.01,"population_size":500,"tournament_size":15}},"split0_test_score":{"0":0.863583815,"1":0.8497109827,"2":0.8497109827,"3":0.8497109827,"4":0.863583815,"5":0.8497109827,"6":0.8497109827,"7":0.8497109827,"8":0.8674373796,"9":0.8766859345,"10":0.8766859345},"split1_test_score":{"0":0.8888888889,"1":0.8842592593,"2":0.8842592593,"3":0.8842592593,"4":0.8888888889,"5":0.8842592593,"6":0.8842592593,"7":0.8842592593,"8":0.8743253662,"9":0.8812644564,"10":0.8812644564},"split2_test_score":{"0":0.8738425926,"1":0.8657407407,"2":0.8657407407,"3":0.8657407407,"4":0.8738425926,"5":0.8657407407,"6":0.8657407407,"7":0.8657407407,"8":0.865844256,"9":0.8743253662,"10":0.8743253662},"split3_test_score":{"0":0.8761574074,"1":0.8668981481,"2":0.8668981481,"3":0.8668981481,"4":0.8761574074,"5":0.8668981481,"6":0.8668981481,"7":0.8668981481,"8":0.8612181958,"9":0.8696993061,"10":0.8696993061},"split4_test_score":{"0":0.8993055556,"1":0.8888888889,"2":0.8888888889,"3":0.8888888889,"4":0.8993055556,"5":0.8888888889,"6":0.8888888889,"7":0.8888888889,"8":0.8816499614,"9":0.8920585968,"10":0.8920585968},"mean_test_score":{"0":0.8803556519,"1":0.8710996039,"2":0.8710996039,"3":0.8710996039,"4":0.8803556519,"5":0.8710996039,"6":0.8710996039,"7":0.8710996039,"8":0.8700950318,"9":0.878806732,"10":0.878806732},"std_test_score":{"0":0.012435873,"1":0.0140959423,"2":0.0140959423,"3":0.0140959423,"4":0.012435873,"5":0.0140959423,"6":0.0140959423,"7":0.0140959423,"8":0.0071462236,"9":0.0076049715,"10":0.0076049715},"rank_test_score":{"0":1,"1":5,"2":5,"3":5,"4":1,"5":5,"6":5,"7":5,"8":11,"9":3,"10":3},"split0_train_score":{"0":0.8748193119,"1":0.8638334779,"2":0.8638334779,"3":0.8638334779,"4":0.8748193119,"5":0.8638334779,"6":0.8638334779,"7":0.8638334779,"8":0.8707004528,"9":0.8792754601,"10":0.8792754601},"split1_train_score":{"0":0.8713872832,"1":0.8630057803,"2":0.8630057803,"3":0.8630057803,"4":0.8713872832,"5":0.8630057803,"6":0.8630057803,"7":0.8630057803,"8":0.8690751445,"9":0.8782273603,"10":0.8782273603},"split2_train_score":{"0":0.8789017341,"1":0.8710982659,"2":0.8710982659,"3":0.8710982659,"4":0.8789017341,"5":0.8710982659,"6":0.8710982659,"7":0.8710982659,"8":0.871194605,"9":0.8799614644,"10":0.8799614644},"split3_train_score":{"0":0.8826589595,"1":0.8708092486,"2":0.8708092486,"3":0.8708092486,"4":0.8826589595,"5":0.8708092486,"6":0.8708092486,"7":0.8708092486,"8":0.8722543353,"9":0.8810211946,"10":0.8810211946},"split4_train_score":{"0":0.8835260116,"1":0.8751445087,"2":0.8751445087,"3":0.8751445087,"4":0.8835260116,"5":0.8751445087,"6":0.8751445087,"7":0.8751445087,"8":0.8671483622,"9":0.875433526,"10":0.875433526},"mean_train_score":{"0":0.8782586601,"1":0.8687782563,"2":0.8687782563,"3":0.8687782563,"4":0.8782586601,"5":0.8687782563,"6":0.8687782563,"7":0.8687782563,"8":0.87007458,"9":0.8787838011,"10":0.8787838011},"std_train_score":{"0":0.0046166244,"1":0.0046434654,"2":0.0046434654,"3":0.0046434654,"4":0.0046166244,"5":0.0046434654,"6":0.0046434654,"7":0.0046434654,"8":0.0017865681,"9":0.0019062276,"10":0.0019062276}}