{"iter":{"0":0,"1":0,"2":1},"n_resources":{"0":20,"1":20,"2":40},"mean_fit_time":{"0":13.6659734249,"1":18.7379550457,"2":18.3487477303},"std_fit_time":{"0":1.072039547,"1":0.7583607813,"2":0.6101494952},"mean_score_time":{"0":0.0010269165,"1":0.0007543087,"2":0.000751543},"std_score_time":{"0":0.0001258106,"1":0.0001743251,"2":0.0000878348},"param_generations":{"0":14,"1":16,"2":16},"param_population_size":{"0":1591,"1":1829,"2":1829},"param_tournament_size":{"0":30,"1":38,"2":38},"params":{"0":{"generations":14,"population_size":1591,"tournament_size":30},"1":{"generations":16,"population_size":1829,"tournament_size":38},"2":{"generations":16,"population_size":1829,"tournament_size":38}},"split0_test_score":{"0":1.0,"1":0.75,"2":0.875},"split1_test_score":{"0":1.0,"1":0.6666666667,"2":1.0},"split2_test_score":{"0":0.3333333333,"1":0.6666666667,"2":1.0},"split3_test_score":{"0":1.0,"1":1.0,"2":0.4285714286},"split4_test_score":{"0":0.3333333333,"1":0.6666666667,"2":1.0},"mean_test_score":{"0":0.7333333333,"1":0.75,"2":0.8607142857},"std_test_score":{"0":0.3265986324,"1":0.1290994449,"2":0.2214285714},"rank_test_score":{"0":3,"1":2,"2":1},"split0_train_score":{"0":1.0,"1":1.0,"2":0.9032258065},"split1_train_score":{"0":0.9375,"1":0.9375,"2":0.8125},"split2_train_score":{"0":0.9375,"1":1.0,"2":0.9375},"split3_train_score":{"0":0.9375,"1":0.9375,"2":0.9375},"split4_train_score":{"0":0.875,"1":0.9375,"2":0.96875},"mean_train_score":{"0":0.9375,"1":0.9625,"2":0.9118951613},"std_train_score":{"0":0.0395284708,"1":0.0306186218,"2":0.0538483872}}