{"iter":{"0":0,"1":0,"2":0,"3":0,"4":0,"5":0,"6":0,"7":0,"8":1,"9":1,"10":1},"n_resources":{"0":4325,"1":4325,"2":4325,"3":4325,"4":4325,"5":4325,"6":4325,"7":4325,"8":12975,"9":12975,"10":12975},"mean_fit_time":{"0":15.1051314831,"1":15.0213739395,"2":25.9958428383,"3":25.946535778,"4":14.9877859592,"5":15.1021090984,"6":26.139136982,"7":26.167098856,"8":27.2160158634,"9":15.4773402214,"10":15.5029375076},"std_fit_time":{"0":0.0841136056,"1":0.0713123927,"2":0.2373219629,"3":0.1215994283,"4":0.1759512582,"5":0.5060108388,"6":0.1320064064,"7":0.2313655168,"8":0.1799478576,"9":0.1256239081,"10":0.1789932338},"mean_score_time":{"0":0.0009567261,"1":0.0009112358,"2":0.0007443905,"3":0.0007608414,"4":0.0008936882,"5":0.0008598328,"6":0.0007171154,"7":0.0007240295,"8":0.0008078575,"9":0.0009847164,"10":0.0010793686},"std_score_time":{"0":0.0000699339,"1":0.0001527976,"2":0.0000336565,"3":0.0000609333,"4":0.0001467521,"5":0.0001417662,"6":0.0000560285,"7":0.0000654764,"8":0.0000448647,"9":0.0001402515,"10":0.000117309},"param_parsimony_coefficient":{"0":0.025,"1":0.025,"2":0.025,"3":0.025,"4":0.01,"5":0.01,"6":0.01,"7":0.01,"8":0.01,"9":0.025,"10":0.01},"param_population_size":{"0":500,"1":500,"2":1000,"3":1000,"4":500,"5":500,"6":1000,"7":1000,"8":1000,"9":500,"10":500},"param_tournament_size":{"0":15,"1":30,"2":15,"3":30,"4":15,"5":30,"6":15,"7":30,"8":30,"9":15,"10":15},"params":{"0":{"parsimony_coefficient":0.025,"population_size":500,"tournament_size":15},"1":{"parsimony_coefficient":0.025,"population_size":500,"tournament_size":30},"2":{"parsimony_coefficient":0.025,"population_size":1000,"tournament_size":15},"3":{"parsimony_coefficient":0.025,"population_size":1000,"tournament_size":30},"4":{"parsimony_coefficient":0.01,"population_size":500,"tournament_size":15},"5":{"parsimony_coefficient":0.01,"population_size":500,"tournament_size":30},"6":{"parsimony_coefficient":0.01,"population_size":1000,"tournament_size":15},"7":{"parsimony_coefficient":0.01,"population_size":1000,"tournament_size":30},"8":{"parsimony_coefficient":0.01,"population_size":1000,"tournament_size":30},"9":{"parsimony_coefficient":0.025,"population_size":500,"tournament_size":15},"10":{"parsimony_coefficient":0.01,"population_size":500,"tournament_size":15}},"split0_test_score":{"0":0.8774566474,"1":0.8728323699,"2":0.8728323699,"3":0.8728323699,"4":0.8774566474,"5":0.8728323699,"6":0.8728323699,"7":0.8728323699,"8":0.8693641618,"9":0.8774566474,"10":0.8774566474},"split1_test_score":{"0":0.8726851852,"1":0.8611111111,"2":0.8611111111,"3":0.8611111111,"4":0.8726851852,"5":0.8611111111,"6":0.8611111111,"7":0.8611111111,"8":0.8735543562,"9":0.8804934464,"10":0.8804934464},"split2_test_score":{"0":0.8460648148,"1":0.8460648148,"2":0.8460648148,"3":0.8460648148,"4":0.8460648148,"5":0.8460648148,"6":0.8460648148,"7":0.8460648148,"8":0.8619892059,"9":0.8735543562,"10":0.8735543562},"split3_test_score":{"0":0.8553240741,"1":0.8472222222,"2":0.8472222222,"3":0.8472222222,"4":0.8553240741,"5":0.8472222222,"6":0.8472222222,"7":0.8472222222,"8":0.8696993061,"9":0.8774094063,"10":0.8774094063},"split4_test_score":{"0":0.8587962963,"1":0.8483796296,"2":0.8483796296,"3":0.8483796296,"4":0.8587962963,"5":0.8483796296,"6":0.8483796296,"7":0.8483796296,"8":0.8716268311,"9":0.8828064765,"10":0.8828064765},"mean_test_score":{"0":0.8620654036,"1":0.8551220295,"2":0.8551220295,"3":0.8551220295,"4":0.8620654036,"5":0.8551220295,"6":0.8551220295,"7":0.8551220295,"8":0.8692467722,"9":0.8783440666,"10":0.8783440666},"std_test_score":{"0":0.0115049691,"1":0.0103867734,"2":0.0103867734,"3":0.0103867734,"4":0.0115049691,"5":0.0103867734,"6":0.0103867734,"7":0.0103867734,"8":0.0039271057,"9":0.0031348162,"10":0.0031348162},"rank_test_score":{"0":4,"1":6,"2":6,"3":6,"4":4,"5":6,"6":6,"7":6,"8":3,"9":1,"10":1},"split0_train_score":{"0":0.8800231281,"1":0.8701936976,"2":0.8701936976,"3":0.8701936976,"4":0.8800231281,"5":0.8701936976,"6":0.8701936976,"7":0.8701936976,"8":0.8692552269,"9":0.8786010213,"10":0.8786010213},"split1_train_score":{"0":0.8751445087,"1":0.8653179191,"2":0.8653179191,"3":0.8653179191,"4":0.8751445087,"5":0.8653179191,"6":0.8653179191,"7":0.8653179191,"8":0.8682080925,"9":0.8778420039,"10":0.8778420039},"split2_train_score":{"0":0.8731213873,"1":0.8731213873,"2":0.8731213873,"3":0.8731213873,"4":0.8731213873,"5":0.8731213873,"6":0.8731213873,"7":0.8731213873,"8":0.8710982659,"9":0.8795761079,"10":0.8795761079},"split3_train_score":{"0":0.8803468208,"1":0.8702312139,"2":0.8702312139,"3":0.8702312139,"4":0.8803468208,"5":0.8702312139,"6":0.8702312139,"7":0.8702312139,"8":0.8691714836,"9":0.8786127168,"10":0.8786127168},"split4_train_score":{"0":0.8751445087,"1":0.8690751445,"2":0.8690751445,"3":0.8690751445,"4":0.8751445087,"5":0.8690751445,"6":0.8690751445,"7":0.8690751445,"8":0.8686897881,"9":0.8772639692,"10":0.8772639692},"mean_train_score":{"0":0.8767560707,"1":0.8695878725,"2":0.8695878725,"3":0.8695878725,"4":0.8767560707,"5":0.8695878725,"6":0.8695878725,"7":0.8695878725,"8":0.8692845714,"9":0.8783791638,"10":0.8783791638},"std_train_score":{"0":0.0028973208,"1":0.002520398,"2":0.002520398,"3":0.002520398,"4":0.0028973208,"5":0.002520398,"6":0.002520398,"7":0.002520398,"8":0.0009813982,"9":0.0007834083,"10":0.0007834083}}