{"iter":{"0":0,"1":0,"2":0,"3":0,"4":0,"5":0,"6":0,"7":0,"8":1,"9":1,"10":1},"n_resources":{"0":4325,"1":4325,"2":4325,"3":4325,"4":4325,"5":4325,"6":4325,"7":4325,"8":12975,"9":12975,"10":12975},"mean_fit_time":{"0":15.0041269779,"1":15.0794765949,"2":26.0376132488,"3":25.9313091755,"4":15.1843423843,"5":14.8475315571,"6":25.8765507221,"7":25.9785687447,"8":27.1963546276,"9":15.523695755,"10":15.7188315868},"std_fit_time":{"0":0.3800737387,"1":0.3293476141,"2":0.1881717185,"3":0.2620270268,"4":0.3512389084,"5":0.2802350644,"6":0.3077778917,"7":0.3505861756,"8":0.2717550689,"9":0.1455548286,"10":0.2554801345},"mean_score_time":{"0":0.0009000301,"1":0.0008441925,"2":0.0007090092,"3":0.000725174,"4":0.0008929729,"5":0.0008386612,"6":0.0007009506,"7":0.0007370949,"8":0.0009059429,"9":0.0011116028,"10":0.0011173248},"std_score_time":{"0":0.0001449016,"1":0.0001684094,"2":0.0000648049,"3":0.000069408,"4":0.0001490646,"5":0.0001412254,"6":0.0000613087,"7":0.0000560629,"8":0.0000614414,"9":0.000219967,"10":0.0001074818},"param_parsimony_coefficient":{"0":0.025,"1":0.025,"2":0.025,"3":0.025,"4":0.01,"5":0.01,"6":0.01,"7":0.01,"8":0.01,"9":0.025,"10":0.01},"param_population_size":{"0":500,"1":500,"2":1000,"3":1000,"4":500,"5":500,"6":1000,"7":1000,"8":1000,"9":500,"10":500},"param_tournament_size":{"0":15,"1":30,"2":15,"3":30,"4":15,"5":30,"6":15,"7":30,"8":30,"9":15,"10":15},"params":{"0":{"parsimony_coefficient":0.025,"population_size":500,"tournament_size":15},"1":{"parsimony_coefficient":0.025,"population_size":500,"tournament_size":30},"2":{"parsimony_coefficient":0.025,"population_size":1000,"tournament_size":15},"3":{"parsimony_coefficient":0.025,"population_size":1000,"tournament_size":30},"4":{"parsimony_coefficient":0.01,"population_size":500,"tournament_size":15},"5":{"parsimony_coefficient":0.01,"population_size":500,"tournament_size":30},"6":{"parsimony_coefficient":0.01,"population_size":1000,"tournament_size":15},"7":{"parsimony_coefficient":0.01,"population_size":1000,"tournament_size":30},"8":{"parsimony_coefficient":0.01,"population_size":1000,"tournament_size":30},"9":{"parsimony_coefficient":0.025,"population_size":500,"tournament_size":15},"10":{"parsimony_coefficient":0.01,"population_size":500,"tournament_size":15}},"split0_test_score":{"0":0.8751445087,"1":0.863583815,"2":0.863583815,"3":0.863583815,"4":0.8751445087,"5":0.863583815,"6":0.863583815,"7":0.863583815,"8":0.8693641618,"9":0.8789980732,"10":0.8789980732},"split1_test_score":{"0":0.8865740741,"1":0.8796296296,"2":0.8796296296,"3":0.8796296296,"4":0.8865740741,"5":0.8796296296,"6":0.8796296296,"7":0.8796296296,"8":0.8754818813,"9":0.8831919815,"10":0.8831919815},"split2_test_score":{"0":0.8738425926,"1":0.8611111111,"2":0.8611111111,"3":0.8611111111,"4":0.8738425926,"5":0.8611111111,"6":0.8611111111,"7":0.8611111111,"8":0.8643022359,"9":0.8758673863,"10":0.8758673863},"split3_test_score":{"0":0.8726851852,"1":0.8657407407,"2":0.8657407407,"3":0.8657407407,"4":0.8726851852,"5":0.8657407407,"6":0.8657407407,"7":0.8657407407,"8":0.8712413261,"9":0.8793369314,"10":0.8793369314},"split4_test_score":{"0":0.8611111111,"1":0.849537037,"2":0.849537037,"3":0.849537037,"4":0.8611111111,"5":0.849537037,"6":0.849537037,"7":0.849537037,"8":0.8700848111,"9":0.8804934464,"10":0.8804934464},"mean_test_score":{"0":0.8738714943,"1":0.8639204667,"2":0.8639204667,"3":0.8639204667,"4":0.8738714943,"5":0.8639204667,"6":0.8639204667,"7":0.8639204667,"8":0.8700948833,"9":0.8795775638,"10":0.8795775638},"std_test_score":{"0":0.0080896433,"1":0.009643444,"2":0.009643444,"3":0.009643444,"4":0.0080896433,"5":0.009643444,"6":0.009643444,"7":0.009643444,"8":0.0035895096,"9":0.0023690499,"10":0.0023690499},"rank_test_score":{"0":3,"1":6,"2":6,"3":6,"4":3,"5":6,"6":6,"7":6,"8":5,"9":1,"10":1},"split0_train_score":{"0":0.8751084128,"1":0.8641225788,"2":0.8641225788,"3":0.8641225788,"4":0.8751084128,"5":0.8641225788,"6":0.8641225788,"7":0.8641225788,"8":0.8703150593,"9":0.879757202,"10":0.879757202},"split1_train_score":{"0":0.8780346821,"1":0.8667630058,"2":0.8667630058,"3":0.8667630058,"4":0.8780346821,"5":0.8667630058,"6":0.8667630058,"7":0.8667630058,"8":0.8687861272,"9":0.8787090559,"10":0.8787090559},"split2_train_score":{"0":0.8765895954,"1":0.8653179191,"2":0.8653179191,"3":0.8653179191,"4":0.8765895954,"5":0.8653179191,"6":0.8653179191,"7":0.8653179191,"8":0.8716763006,"9":0.8806358382,"10":0.8806358382},"split3_train_score":{"0":0.8713872832,"1":0.8621387283,"2":0.8621387283,"3":0.8621387283,"4":0.8713872832,"5":0.8621387283,"6":0.8621387283,"7":0.8621387283,"8":0.8698458574,"9":0.879672447,"10":0.879672447},"split4_train_score":{"0":0.8771676301,"1":0.8653179191,"2":0.8653179191,"3":0.8653179191,"4":0.8771676301,"5":0.8653179191,"6":0.8653179191,"7":0.8653179191,"8":0.8701348748,"9":0.8793834297,"10":0.8793834297},"mean_train_score":{"0":0.8756575207,"1":0.8647320302,"2":0.8647320302,"3":0.8647320302,"4":0.8756575207,"5":0.8647320302,"6":0.8647320302,"7":0.8647320302,"8":0.8701516438,"9":0.8796315946,"10":0.8796315946},"std_train_score":{"0":0.0023382274,"1":0.0015432459,"2":0.0015432459,"3":0.0015432459,"4":0.0023382274,"5":0.0015432459,"6":0.0015432459,"7":0.0015432459,"8":0.0009284078,"9":0.000622674,"10":0.000622674}}