{"iter":{"0":0,"1":0,"2":0,"3":0,"4":0,"5":0,"6":0,"7":0,"8":1,"9":1,"10":1},"n_resources":{"0":4393,"1":4393,"2":4393,"3":4393,"4":4393,"5":4393,"6":4393,"7":4393,"8":13179,"9":13179,"10":13179},"mean_fit_time":{"0":14.7194911957,"1":15.0395302296,"2":25.9179900169,"3":25.8417848587,"4":15.3443651676,"5":15.6078485012,"6":26.7069681168,"7":26.9162100315,"8":16.0697090626,"9":15.5144791603,"10":27.0070214748},"std_fit_time":{"0":0.3506000705,"1":0.2437927962,"2":0.1046923082,"3":0.3368538431,"4":0.1134823537,"5":0.0877084269,"6":0.2068718947,"7":0.2233098484,"8":0.2146638188,"9":0.2480716297,"10":0.1700945203},"mean_score_time":{"0":0.0008773327,"1":0.0008947372,"2":0.0007009983,"3":0.0007371902,"4":0.0010259151,"5":0.0009667873,"6":0.0007919312,"7":0.0007581234,"8":0.0013100624,"9":0.0011470318,"10":0.0009173393},"std_score_time":{"0":0.0001565971,"1":0.0001588652,"2":0.0000578813,"3":0.0000839925,"4":0.0000440753,"5":0.0001755887,"6":0.0000091865,"7":0.0000701737,"8":0.0000188422,"9":0.0001087107,"10":0.0000531704},"param_parsimony_coefficient":{"0":0.025,"1":0.025,"2":0.025,"3":0.025,"4":0.01,"5":0.01,"6":0.01,"7":0.01,"8":0.01,"9":0.025,"10":0.025},"param_population_size":{"0":500,"1":500,"2":1000,"3":1000,"4":500,"5":500,"6":1000,"7":1000,"8":500,"9":500,"10":1000},"param_tournament_size":{"0":15,"1":30,"2":15,"3":30,"4":15,"5":30,"6":15,"7":30,"8":30,"9":30,"10":15},"params":{"0":{"parsimony_coefficient":0.025,"population_size":500,"tournament_size":15},"1":{"parsimony_coefficient":0.025,"population_size":500,"tournament_size":30},"2":{"parsimony_coefficient":0.025,"population_size":1000,"tournament_size":15},"3":{"parsimony_coefficient":0.025,"population_size":1000,"tournament_size":30},"4":{"parsimony_coefficient":0.01,"population_size":500,"tournament_size":15},"5":{"parsimony_coefficient":0.01,"population_size":500,"tournament_size":30},"6":{"parsimony_coefficient":0.01,"population_size":1000,"tournament_size":15},"7":{"parsimony_coefficient":0.01,"population_size":1000,"tournament_size":30},"8":{"parsimony_coefficient":0.01,"population_size":500,"tournament_size":30},"9":{"parsimony_coefficient":0.025,"population_size":500,"tournament_size":30},"10":{"parsimony_coefficient":0.025,"population_size":1000,"tournament_size":15}},"split0_test_score":{"0":0.8906605923,"1":0.9145785877,"2":0.9145785877,"3":0.9145785877,"4":0.8906605923,"5":0.9088838269,"6":0.8906605923,"7":0.8906605923,"8":0.9138519924,"9":0.9172675522,"10":0.9172675522},"split1_test_score":{"0":0.8883826879,"1":0.9134396355,"2":0.9134396355,"3":0.9134396355,"4":0.9134396355,"5":0.910022779,"6":0.9134396355,"7":0.8883826879,"8":0.9039848197,"9":0.9077798861,"10":0.9077798861},"split2_test_score":{"0":0.9134396355,"1":0.9191343964,"2":0.9191343964,"3":0.9191343964,"4":0.9134396355,"5":0.9202733485,"6":0.9191343964,"7":0.9134396355,"8":0.9240986717,"9":0.9256166983,"10":0.9256166983},"split3_test_score":{"0":0.8895216401,"1":0.9111617312,"2":0.9111617312,"3":0.8895216401,"4":0.8895216401,"5":0.9054669704,"6":0.8895216401,"7":0.8895216401,"8":0.9233396584,"9":0.9240986717,"10":0.9240986717},"split4_test_score":{"0":0.8861047836,"1":0.9202733485,"2":0.9202733485,"3":0.9202733485,"4":0.8861047836,"5":0.9179954442,"6":0.8861047836,"7":0.8861047836,"8":0.9172675522,"9":0.9180265655,"10":0.9180265655},"mean_test_score":{"0":0.8936218679,"1":0.9157175399,"2":0.9157175399,"3":0.9113895216,"4":0.8986332574,"5":0.9125284738,"6":0.8997722096,"7":0.8936218679,"8":0.9165085389,"9":0.9185578748,"10":0.9185578748},"std_test_score":{"0":0.010022779,"1":0.003454613,"2":0.003454613,"3":0.0112381744,"4":0.0121819972,"5":0.0056444245,"6":0.0136863953,"7":0.010022779,"8":0.0073314554,"9":0.0063030101,"10":0.0063030101},"rank_test_score":{"0":10,"1":4,"2":4,"3":7,"4":9,"5":6,"6":8,"7":10,"8":3,"9":1,"10":1},"split0_train_score":{"0":0.8975526466,"1":0.9166192373,"2":0.9166192373,"3":0.9166192373,"4":0.8975526466,"5":0.9157655094,"6":0.8975526466,"7":0.8975526466,"8":0.9171013943,"9":0.9188086882,"10":0.9188086882},"split1_train_score":{"0":0.8955606147,"1":0.921172453,"2":0.921172453,"3":0.921172453,"4":0.921172453,"5":0.9183266932,"6":0.921172453,"7":0.8955606147,"8":0.9195674855,"9":0.9211799298,"10":0.9211799298},"split2_train_score":{"0":0.8918611269,"1":0.9186112692,"2":0.9186112692,"3":0.9186112692,"4":0.8918611269,"5":0.9166192373,"6":0.9186112692,"7":0.8918611269,"8":0.9147301527,"9":0.916911695,"10":0.916911695},"split3_train_score":{"0":0.8884462151,"1":0.9169038133,"2":0.9169038133,"3":0.8884462151,"4":0.8884462151,"5":0.9137734775,"6":0.8884462151,"7":0.8884462151,"8":0.9147301527,"9":0.9171013943,"10":0.9171013943},"split4_train_score":{"0":0.8921457029,"1":0.9126351736,"2":0.9126351736,"3":0.9126351736,"4":0.8921457029,"5":0.9123505976,"6":0.8921457029,"7":0.8921457029,"8":0.9162477473,"9":0.9186189889,"10":0.9186189889},"mean_train_score":{"0":0.8931132612,"1":0.9171883893,"2":0.9171883893,"3":0.9114968697,"4":0.8982356289,"5":0.915367103,"6":0.9035856574,"7":0.8931132612,"8":0.9164753865,"9":0.9185241392,"10":0.9185241392},"std_train_score":{"0":0.0031617403,"1":0.0027940666,"2":0.0027940666,"3":0.0118583191,"4":0.0118331607,"5":0.0021035536,"6":0.013649446,"7":0.0031617403,"8":0.0017942388,"9":0.0015341035,"10":0.0015341035}}