{"iter":{"0":0,"1":0,"2":0,"3":0,"4":0,"5":0,"6":0,"7":0,"8":1,"9":1,"10":1},"n_resources":{"0":4393,"1":4393,"2":4393,"3":4393,"4":4393,"5":4393,"6":4393,"7":4393,"8":13179,"9":13179,"10":13179},"mean_fit_time":{"0":14.9133491516,"1":15.1238776684,"2":25.962749958,"3":26.1040265083,"4":15.6720658779,"5":15.2976164818,"6":26.9918707848,"7":27.0379336834,"8":15.5468627453,"9":27.0888397217,"10":28.1583525658},"std_fit_time":{"0":0.1835258966,"1":0.3752816557,"2":0.2764424974,"3":0.2030088509,"4":0.0724986079,"5":0.2416021379,"6":0.191462631,"7":0.3014446783,"8":0.2599190021,"9":0.1323050347,"10":0.1632913793},"mean_score_time":{"0":0.0009148598,"1":0.00087924,"2":0.0006834507,"3":0.0006675243,"4":0.0009334087,"5":0.0009417057,"6":0.0007716656,"7":0.0007723808,"8":0.0012060165,"9":0.0008190632,"10":0.000883007},"std_score_time":{"0":0.0000887335,"1":0.0001650993,"2":0.0000542476,"3":0.0000630882,"4":0.0001583906,"5":0.0001496949,"6":0.0000318028,"7":0.0000264701,"8":0.00004834,"9":0.0000868897,"10":0.0001101566},"param_parsimony_coefficient":{"0":0.025,"1":0.025,"2":0.025,"3":0.025,"4":0.01,"5":0.01,"6":0.01,"7":0.01,"8":0.025,"9":0.025,"10":0.01},"param_population_size":{"0":500,"1":500,"2":1000,"3":1000,"4":500,"5":500,"6":1000,"7":1000,"8":500,"9":1000,"10":1000},"param_tournament_size":{"0":15,"1":30,"2":15,"3":30,"4":15,"5":30,"6":15,"7":30,"8":30,"9":15,"10":15},"params":{"0":{"parsimony_coefficient":0.025,"population_size":500,"tournament_size":15},"1":{"parsimony_coefficient":0.025,"population_size":500,"tournament_size":30},"2":{"parsimony_coefficient":0.025,"population_size":1000,"tournament_size":15},"3":{"parsimony_coefficient":0.025,"population_size":1000,"tournament_size":30},"4":{"parsimony_coefficient":0.01,"population_size":500,"tournament_size":15},"5":{"parsimony_coefficient":0.01,"population_size":500,"tournament_size":30},"6":{"parsimony_coefficient":0.01,"population_size":1000,"tournament_size":15},"7":{"parsimony_coefficient":0.01,"population_size":1000,"tournament_size":30},"8":{"parsimony_coefficient":0.025,"population_size":500,"tournament_size":30},"9":{"parsimony_coefficient":0.025,"population_size":1000,"tournament_size":15},"10":{"parsimony_coefficient":0.01,"population_size":1000,"tournament_size":15}},"split0_test_score":{"0":0.8769931663,"1":0.9145785877,"2":0.9145785877,"3":0.9145785877,"4":0.8769931663,"5":0.9145785877,"6":0.9145785877,"7":0.8769931663,"8":0.9116084977,"9":0.9116084977,"10":0.9116084977},"split1_test_score":{"0":0.8940774487,"1":0.9191343964,"2":0.9191343964,"3":0.8940774487,"4":0.8940774487,"5":0.916856492,"6":0.9191343964,"7":0.8940774487,"8":0.9115749526,"9":0.9115749526,"10":0.9115749526},"split2_test_score":{"0":0.8906605923,"1":0.916856492,"2":0.916856492,"3":0.916856492,"4":0.8906605923,"5":0.916856492,"6":0.916856492,"7":0.8906605923,"8":0.9240986717,"9":0.9240986717,"10":0.8933586338},"split3_test_score":{"0":0.8895216401,"1":0.9123006834,"2":0.9123006834,"3":0.9123006834,"4":0.8895216401,"5":0.9077448747,"6":0.9123006834,"7":0.8895216401,"8":0.9210626186,"9":0.9210626186,"10":0.9210626186},"split4_test_score":{"0":0.8917995444,"1":0.9271070615,"2":0.9271070615,"3":0.9271070615,"4":0.8917995444,"5":0.923690205,"6":0.9271070615,"7":0.8917995444,"8":0.9233396584,"9":0.9233396584,"10":0.8948766603},"mean_test_score":{"0":0.8886104784,"1":0.9179954442,"2":0.9179954442,"3":0.9129840547,"4":0.8886104784,"5":0.9159453303,"6":0.9179954442,"7":0.8886104784,"8":0.9183368798,"9":0.9183368798,"10":0.9064962726},"std_test_score":{"0":0.0060008838,"1":0.0050935489,"2":0.0050935489,"3":0.0107231,"4":0.0060008838,"5":0.0051138825,"6":0.0050935489,"7":0.0060008838,"8":0.0055973293,"9":0.0055973293,"10":0.010693168},"rank_test_score":{"0":9,"1":3,"2":3,"3":7,"4":9,"5":6,"6":3,"7":9,"8":1,"9":1,"10":8},"split0_train_score":{"0":0.8961297666,"1":0.9228799089,"2":0.9228799089,"3":0.9228799089,"4":0.8961297666,"5":0.9228799089,"6":0.9228799089,"7":0.8961297666,"8":0.9200341491,"9":0.9200341491,"10":0.9200341491},"split1_train_score":{"0":0.8890153671,"1":0.9166192373,"2":0.9166192373,"3":0.8890153671,"4":0.8890153671,"5":0.9163346614,"6":0.9166192373,"7":0.8890153671,"8":0.9200417339,"9":0.9200417339,"10":0.9200417339},"split2_train_score":{"0":0.8972680706,"1":0.9237336369,"2":0.9237336369,"3":0.9237336369,"4":0.8972680706,"5":0.9237336369,"6":0.9237336369,"7":0.8972680706,"8":0.916911695,"9":0.916911695,"10":0.8916816845},"split3_train_score":{"0":0.8921457029,"1":0.922310757,"2":0.922310757,"3":0.922310757,"4":0.8921457029,"5":0.9194649972,"6":0.922310757,"7":0.8921457029,"8":0.9176704923,"9":0.9176704923,"10":0.9176704923},"split4_train_score":{"0":0.8804780876,"1":0.9186112692,"2":0.9186112692,"3":0.9186112692,"4":0.8804780876,"5":0.9177575413,"6":0.9186112692,"7":0.8804780876,"8":0.9171013943,"9":0.9171013943,"10":0.8913022859},"mean_train_score":{"0":0.891007399,"1":0.9208309619,"2":0.9208309619,"3":0.9153101878,"4":0.891007399,"5":0.9200341491,"6":0.9208309619,"7":0.891007399,"8":0.9183518929,"9":0.9183518929,"10":0.9081460691},"std_train_score":{"0":0.0060260266,"1":0.0027378517,"2":0.0027378517,"3":0.0132633169,"4":0.0060260266,"5":0.0028627835,"6":0.0027378517,"7":0.0060260266,"8":0.0013991263,"9":0.0013991263,"10":0.0136259819}}