{"iter":{"0":0,"1":0,"2":0,"3":0,"4":0,"5":0,"6":0,"7":0,"8":1,"9":1,"10":1},"n_resources":{"0":4393,"1":4393,"2":4393,"3":4393,"4":4393,"5":4393,"6":4393,"7":4393,"8":13179,"9":13179,"10":13179},"mean_fit_time":{"0":15.1460553646,"1":15.0467978001,"2":26.0503864288,"3":26.0125785828,"4":15.4937888622,"5":15.4688634872,"6":26.9568006516,"7":27.0682551861,"8":15.7529680252,"9":26.949578476,"10":28.0379311085},"std_fit_time":{"0":0.0978031939,"1":0.0846418503,"2":0.2044544238,"3":0.2521609476,"4":0.3197002202,"5":0.2062073331,"6":0.3014338413,"7":0.2705468621,"8":0.3110288536,"9":0.3116311969,"10":0.2732604868},"mean_score_time":{"0":0.0008429527,"1":0.000884819,"2":0.0006669521,"3":0.0007543087,"4":0.0009628773,"5":0.000959301,"6":0.0007182598,"7":0.0007344246,"8":0.0010949612,"9":0.0008253574,"10":0.0009283543},"std_score_time":{"0":0.0001709447,"1":0.0001533011,"2":0.0000626355,"3":0.0000173476,"4":0.0000618964,"5":0.0001569274,"6":0.000069584,"7":0.0000440259,"8":0.0002387181,"9":0.0000809594,"10":0.0000579322},"param_parsimony_coefficient":{"0":0.025,"1":0.025,"2":0.025,"3":0.025,"4":0.01,"5":0.01,"6":0.01,"7":0.01,"8":0.025,"9":0.025,"10":0.01},"param_population_size":{"0":500,"1":500,"2":1000,"3":1000,"4":500,"5":500,"6":1000,"7":1000,"8":500,"9":1000,"10":1000},"param_tournament_size":{"0":15,"1":30,"2":15,"3":30,"4":15,"5":30,"6":15,"7":30,"8":30,"9":15,"10":15},"params":{"0":{"parsimony_coefficient":0.025,"population_size":500,"tournament_size":15},"1":{"parsimony_coefficient":0.025,"population_size":500,"tournament_size":30},"2":{"parsimony_coefficient":0.025,"population_size":1000,"tournament_size":15},"3":{"parsimony_coefficient":0.025,"population_size":1000,"tournament_size":30},"4":{"parsimony_coefficient":0.01,"population_size":500,"tournament_size":15},"5":{"parsimony_coefficient":0.01,"population_size":500,"tournament_size":30},"6":{"parsimony_coefficient":0.01,"population_size":1000,"tournament_size":15},"7":{"parsimony_coefficient":0.01,"population_size":1000,"tournament_size":30},"8":{"parsimony_coefficient":0.025,"population_size":500,"tournament_size":30},"9":{"parsimony_coefficient":0.025,"population_size":1000,"tournament_size":15},"10":{"parsimony_coefficient":0.01,"population_size":1000,"tournament_size":15}},"split0_test_score":{"0":0.8917995444,"1":0.916856492,"2":0.916856492,"3":0.8917995444,"4":0.916856492,"5":0.916856492,"6":0.916856492,"7":0.8917995444,"8":0.908952959,"9":0.908952959,"10":0.908952959},"split1_test_score":{"0":0.8929384966,"1":0.9145785877,"2":0.9145785877,"3":0.8929384966,"4":0.8929384966,"5":0.9077448747,"6":0.9145785877,"7":0.8929384966,"8":0.9130929791,"9":0.9130929791,"10":0.9130929791},"split2_test_score":{"0":0.8929384966,"1":0.937357631,"2":0.937357631,"3":0.8929384966,"4":0.937357631,"5":0.9282460137,"6":0.937357631,"7":0.8929384966,"8":0.9297912713,"9":0.9297912713,"10":0.8963946869},"split3_test_score":{"0":0.8974943052,"1":0.9328018223,"2":0.9328018223,"3":0.8974943052,"4":0.8974943052,"5":0.9328018223,"6":0.9328018223,"7":0.8974943052,"8":0.9210626186,"9":0.9210626186,"10":0.9210626186},"split4_test_score":{"0":0.9123006834,"1":0.9248291572,"2":0.9248291572,"3":0.9123006834,"4":0.9123006834,"5":0.9248291572,"6":0.9248291572,"7":0.9123006834,"8":0.9271347249,"9":0.9271347249,"10":0.9271347249},"mean_test_score":{"0":0.8974943052,"1":0.925284738,"2":0.925284738,"3":0.8974943052,"4":0.9113895216,"5":0.922095672,"6":0.925284738,"7":0.8974943052,"8":0.9200069106,"9":0.9200069106,"10":0.9133275937},"std_test_score":{"0":0.0076572831,"1":0.0088105146,"2":0.0088105146,"3":0.0076572831,"4":0.0157389838,"5":0.0088692129,"6":0.0088105146,"7":0.0076572831,"8":0.007970524,"9":0.007970524,"10":0.0105487752},"rank_test_score":{"0":9,"1":1,"2":1,"3":9,"4":8,"5":4,"6":1,"7":9,"8":5,"9":5,"10":7},"split0_train_score":{"0":0.8927148549,"1":0.9299943085,"2":0.9299943085,"3":0.8927148549,"4":0.9299943085,"5":0.9299943085,"6":0.9299943085,"7":0.8927148549,"8":0.9227850503,"9":0.9227850503,"10":0.9227850503},"split1_train_score":{"0":0.8927148549,"1":0.9197495731,"2":0.9197495731,"3":0.8927148549,"4":0.8927148549,"5":0.9180421172,"6":0.9197495731,"7":0.8927148549,"8":0.9217490278,"9":0.9217490278,"10":0.9217490278},"split2_train_score":{"0":0.9029595902,"1":0.9163346614,"2":0.9163346614,"3":0.9029595902,"4":0.9163346614,"5":0.9177575413,"6":0.9163346614,"7":0.9029595902,"8":0.9175756426,"9":0.9175756426,"10":0.8943374751},"split3_train_score":{"0":0.8984063745,"1":0.9260102447,"2":0.9260102447,"3":0.8984063745,"4":0.8984063745,"5":0.9260102447,"6":0.9260102447,"7":0.8984063745,"8":0.9198520345,"9":0.9198520345,"10":0.9198520345},"split4_train_score":{"0":0.8932840068,"1":0.9208878771,"2":0.9208878771,"3":0.8932840068,"4":0.8932840068,"5":0.9208878771,"6":0.9208878771,"7":0.8932840068,"8":0.9182395902,"9":0.9182395902,"10":0.9182395902},"mean_train_score":{"0":0.8960159363,"1":0.922595333,"2":0.922595333,"3":0.8960159363,"4":0.9061468412,"5":0.9225384178,"6":0.922595333,"7":0.8960159363,"8":0.9200402691,"9":0.9200402691,"10":0.9153926356},"std_train_score":{"0":0.0040788783,"1":0.0048294146,"2":0.0048294146,"3":0.0040788783,"4":0.0146852236,"5":0.0047632273,"6":0.0048294146,"7":0.0040788783,"8":0.0019902734,"9":0.0019902734,"10":0.0106429572}}