{"iter":{"0":0,"1":0,"2":0,"3":0,"4":0,"5":0,"6":0,"7":0,"8":1,"9":1,"10":1},"n_resources":{"0":4393,"1":4393,"2":4393,"3":4393,"4":4393,"5":4393,"6":4393,"7":4393,"8":13179,"9":13179,"10":13179},"mean_fit_time":{"0":15.1728159428,"1":15.2166555405,"2":26.1043376923,"3":26.0792611599,"4":15.5184432983,"5":15.7825466156,"6":27.0212840557,"7":27.2250080585,"8":16.1604406834,"9":15.9122156143,"10":27.2030717373},"std_fit_time":{"0":0.182880766,"1":0.4082382057,"2":0.2266259961,"3":0.3649675983,"4":0.3957655656,"5":0.2334850121,"6":0.3738786276,"7":0.2034716682,"8":0.1461805767,"9":0.3593861098,"10":0.1835666207},"mean_score_time":{"0":0.0008973598,"1":0.0008934021,"2":0.0006874561,"3":0.0006838322,"4":0.0009322643,"5":0.0009796619,"6":0.0007687569,"7":0.0007036686,"8":0.0011779785,"9":0.0011497974,"10":0.0008296013},"std_score_time":{"0":0.0001217673,"1":0.0000964868,"2":0.0000457109,"3":0.0000642511,"4":0.0001535431,"5":0.0000963267,"6":0.0000204616,"7":0.00005677,"8":0.0000983739,"9":0.0001165793,"10":0.0000876712},"param_parsimony_coefficient":{"0":0.025,"1":0.025,"2":0.025,"3":0.025,"4":0.01,"5":0.01,"6":0.01,"7":0.01,"8":0.01,"9":0.025,"10":0.025},"param_population_size":{"0":500,"1":500,"2":1000,"3":1000,"4":500,"5":500,"6":1000,"7":1000,"8":500,"9":500,"10":1000},"param_tournament_size":{"0":15,"1":30,"2":15,"3":30,"4":15,"5":30,"6":15,"7":30,"8":30,"9":30,"10":15},"params":{"0":{"parsimony_coefficient":0.025,"population_size":500,"tournament_size":15},"1":{"parsimony_coefficient":0.025,"population_size":500,"tournament_size":30},"2":{"parsimony_coefficient":0.025,"population_size":1000,"tournament_size":15},"3":{"parsimony_coefficient":0.025,"population_size":1000,"tournament_size":30},"4":{"parsimony_coefficient":0.01,"population_size":500,"tournament_size":15},"5":{"parsimony_coefficient":0.01,"population_size":500,"tournament_size":30},"6":{"parsimony_coefficient":0.01,"population_size":1000,"tournament_size":15},"7":{"parsimony_coefficient":0.01,"population_size":1000,"tournament_size":30},"8":{"parsimony_coefficient":0.01,"population_size":500,"tournament_size":30},"9":{"parsimony_coefficient":0.025,"population_size":500,"tournament_size":30},"10":{"parsimony_coefficient":0.025,"population_size":1000,"tournament_size":15}},"split0_test_score":{"0":0.8963553531,"1":0.9077448747,"2":0.9077448747,"3":0.9077448747,"4":0.8963553531,"5":0.8997722096,"6":0.9077448747,"7":0.8963553531,"8":0.904400607,"9":0.9070561457,"10":0.9070561457},"split1_test_score":{"0":0.8804100228,"1":0.9225512528,"2":0.9225512528,"3":0.9225512528,"4":0.8804100228,"5":0.9202733485,"6":0.9225512528,"7":0.8804100228,"8":0.9115749526,"9":0.9130929791,"10":0.9130929791},"split2_test_score":{"0":0.8940774487,"1":0.9328018223,"2":0.9328018223,"3":0.8940774487,"4":0.8940774487,"5":0.930523918,"6":0.8940774487,"7":0.8940774487,"8":0.9244781784,"9":0.9275142315,"10":0.9275142315},"split3_test_score":{"0":0.8838268793,"1":0.9214123007,"2":0.9214123007,"3":0.8838268793,"4":0.8838268793,"5":0.9191343964,"6":0.9214123007,"7":0.8838268793,"8":0.9165085389,"9":0.9184060721,"10":0.9184060721},"split4_test_score":{"0":0.9214123007,"1":0.9214123007,"2":0.9214123007,"3":0.9214123007,"4":0.9214123007,"5":0.9214123007,"6":0.9214123007,"7":0.9031890661,"8":0.9225806452,"9":0.9218216319,"10":0.9218216319},"mean_test_score":{"0":0.8952164009,"1":0.9211845103,"2":0.9211845103,"3":0.9059225513,"4":0.8952164009,"5":0.9182232346,"6":0.9134396355,"7":0.891571754,"8":0.9159085844,"9":0.9175782121,"10":0.9175782121},"std_test_score":{"0":0.0144067319,"1":0.0079694103,"2":0.0079694103,"3":0.0151544851,"4":0.0144067319,"5":0.0100692647,"6":0.0111128118,"7":0.0083509352,"8":0.0073420459,"9":0.0070462421,"10":0.0070462421},"rank_test_score":{"0":9,"1":1,"2":1,"3":8,"4":9,"5":3,"6":7,"7":11,"8":6,"9":4,"10":4},"split0_train_score":{"0":0.890722823,"1":0.9120660216,"2":0.9120660216,"3":0.9120660216,"4":0.890722823,"5":0.9112122937,"6":0.9120660216,"7":0.890722823,"8":0.9188009865,"9":0.9202238664,"10":0.9202238664},"split1_train_score":{"0":0.8941377348,"1":0.921172453,"2":0.921172453,"3":0.921172453,"4":0.8941377348,"5":0.9191804212,"6":0.921172453,"7":0.8941377348,"8":0.9170065446,"9":0.9187138386,"10":0.9187138386},"split2_train_score":{"0":0.8932840068,"1":0.9163346614,"2":0.9163346614,"3":0.8932840068,"4":0.8932840068,"5":0.9157655094,"6":0.8932840068,"7":0.8932840068,"8":0.9137816561,"9":0.9151095514,"10":0.9151095514},"split3_train_score":{"0":0.8964143426,"1":0.9174729653,"2":0.9174729653,"3":0.8964143426,"4":0.8964143426,"5":0.9154809334,"6":0.9174729653,"7":0.8964143426,"8":0.915773499,"9":0.9173859433,"10":0.9173859433},"split4_train_score":{"0":0.9234490609,"1":0.9234490609,"2":0.9234490609,"3":0.9234490609,"4":0.9234490609,"5":0.9234490609,"6":0.9234490609,"7":0.8924302789,"8":0.9142559044,"9":0.9165322963,"10":0.9165322963},"mean_train_score":{"0":0.8996015936,"1":0.9180990324,"2":0.9180990324,"3":0.909277177,"4":0.8996015936,"5":0.9170176437,"6":0.9134889015,"7":0.8933978372,"8":0.9159237181,"9":0.9175930992,"10":0.9175930992},"std_train_score":{"0":0.0120619939,"1":0.0039489468,"2":0.0039489468,"3":0.0124205599,"4":0.0120619939,"5":0.0040907736,"6":0.0108108914,"7":0.0018842283,"8":0.0018354174,"9":0.0017614323,"10":0.0017614323}}