{"iter":{"0":0,"1":0,"2":0,"3":0,"4":0,"5":0,"6":0,"7":0,"8":1,"9":1,"10":1},"n_resources":{"0":4393,"1":4393,"2":4393,"3":4393,"4":4393,"5":4393,"6":4393,"7":4393,"8":13179,"9":13179,"10":13179},"mean_fit_time":{"0":15.1101925373,"1":14.9397537708,"2":25.8836744785,"3":26.0490349293,"4":15.6013253689,"5":15.6160531998,"6":27.0424348354,"7":27.1487006664,"8":15.546511507,"9":27.0762340069,"10":16.4521359444},"std_fit_time":{"0":0.2552389253,"1":0.2967543359,"2":0.2848180302,"3":0.1844050979,"4":0.2765082197,"5":0.1663898413,"6":0.2288944317,"7":0.20338926,"8":0.1926211121,"9":0.2246240037,"10":0.117497147},"mean_score_time":{"0":0.0009753227,"1":0.0007857323,"2":0.0007369995,"3":0.0007176876,"4":0.0009020329,"5":0.0008003712,"6":0.0007980347,"7":0.0007371902,"8":0.0010482311,"9":0.0008950233,"10":0.0010996342},"std_score_time":{"0":0.0000352783,"1":0.0001407352,"2":0.0000274657,"3":0.0000549865,"4":0.0001464405,"5":0.0000935298,"6":0.0000197219,"7":0.0000203168,"8":0.0001617253,"9":0.0000651793,"10":0.0001953899},"param_parsimony_coefficient":{"0":0.025,"1":0.025,"2":0.025,"3":0.025,"4":0.01,"5":0.01,"6":0.01,"7":0.01,"8":0.025,"9":0.025,"10":0.01},"param_population_size":{"0":500,"1":500,"2":1000,"3":1000,"4":500,"5":500,"6":1000,"7":1000,"8":500,"9":1000,"10":500},"param_tournament_size":{"0":15,"1":30,"2":15,"3":30,"4":15,"5":30,"6":15,"7":30,"8":30,"9":15,"10":30},"params":{"0":{"parsimony_coefficient":0.025,"population_size":500,"tournament_size":15},"1":{"parsimony_coefficient":0.025,"population_size":500,"tournament_size":30},"2":{"parsimony_coefficient":0.025,"population_size":1000,"tournament_size":15},"3":{"parsimony_coefficient":0.025,"population_size":1000,"tournament_size":30},"4":{"parsimony_coefficient":0.01,"population_size":500,"tournament_size":15},"5":{"parsimony_coefficient":0.01,"population_size":500,"tournament_size":30},"6":{"parsimony_coefficient":0.01,"population_size":1000,"tournament_size":15},"7":{"parsimony_coefficient":0.01,"population_size":1000,"tournament_size":30},"8":{"parsimony_coefficient":0.025,"population_size":500,"tournament_size":30},"9":{"parsimony_coefficient":0.025,"population_size":1000,"tournament_size":15},"10":{"parsimony_coefficient":0.01,"population_size":500,"tournament_size":30}},"split0_test_score":{"0":0.8804100228,"1":0.9031890661,"2":0.9031890661,"3":0.8804100228,"4":0.8804100228,"5":0.9054669704,"6":0.9031890661,"7":0.8804100228,"8":0.9051593323,"9":0.9051593323,"10":0.9040212443},"split1_test_score":{"0":0.8883826879,"1":0.8872437358,"2":0.8872437358,"3":0.8883826879,"4":0.8883826879,"5":0.8872437358,"6":0.8872437358,"7":0.8883826879,"8":0.9055028463,"9":0.9055028463,"10":0.9043643264},"split2_test_score":{"0":0.8769931663,"1":0.9225512528,"2":0.9225512528,"3":0.8769931663,"4":0.8769931663,"5":0.9202733485,"6":0.8769931663,"7":0.8769931663,"8":0.9271347249,"9":0.9271347249,"10":0.9278937381},"split3_test_score":{"0":0.8929384966,"1":0.9214123007,"2":0.9214123007,"3":0.9214123007,"4":0.8929384966,"5":0.9282460137,"6":0.8929384966,"7":0.8929384966,"8":0.9187855787,"9":0.9187855787,"10":0.9146110057},"split4_test_score":{"0":0.8895216401,"1":0.9191343964,"2":0.9191343964,"3":0.8895216401,"4":0.9191343964,"5":0.9248291572,"6":0.8895216401,"7":0.8895216401,"8":0.9184060721,"9":0.9184060721,"10":0.9210626186},"mean_test_score":{"0":0.8856492027,"1":0.9107061503,"2":0.9107061503,"3":0.8913439636,"4":0.891571754,"5":0.9132118451,"6":0.889977221,"7":0.8856492027,"8":0.9149977109,"9":0.9149977109,"10":0.9143905866},"std_test_score":{"0":0.0059661963,"1":0.0136598308,"2":0.0136598308,"3":0.0157587522,"4":0.0148919901,"5":0.0151339273,"6":0.0084804148,"7":0.0059661963,"8":0.0084878516,"9":0.0084878516,"10":0.0093268307},"rank_test_score":{"0":10,"1":5,"2":5,"3":8,"4":7,"5":4,"6":9,"7":10,"8":1,"9":1,"10":3},"split0_train_score":{"0":0.8890153671,"1":0.922026181,"2":0.922026181,"3":0.8890153671,"4":0.8890153671,"5":0.9203187251,"6":0.922026181,"7":0.8890153671,"8":0.9173781066,"9":0.9173781066,"10":0.9169038133},"split1_train_score":{"0":0.8964143426,"1":0.9137734775,"2":0.9137734775,"3":0.8964143426,"4":0.8964143426,"5":0.9120660216,"6":0.9137734775,"7":0.8964143426,"8":0.9172910936,"9":0.9172910936,"10":0.9168168453},"split2_train_score":{"0":0.8978372225,"1":0.9186112692,"2":0.9186112692,"3":0.8978372225,"4":0.8978372225,"5":0.9149117814,"6":0.8978372225,"7":0.8978372225,"8":0.9117898131,"9":0.9117898131,"10":0.9108413165},"split3_train_score":{"0":0.8858850313,"1":0.9095048378,"2":0.9095048378,"3":0.9095048378,"4":0.8858850313,"5":0.9208878771,"6":0.8858850313,"7":0.8858850313,"8":0.9139713554,"9":0.9139713554,"10":0.9142559044},"split4_train_score":{"0":0.8944223108,"1":0.9160500854,"2":0.9160500854,"3":0.8944223108,"4":0.9160500854,"5":0.9123505976,"6":0.8944223108,"7":0.8944223108,"8":0.9140662051,"9":0.9140662051,"10":0.9126434601},"mean_train_score":{"0":0.8927148549,"1":0.9159931702,"2":0.9159931702,"3":0.8974388162,"4":0.8970404098,"5":0.9161070006,"6":0.9027888446,"7":0.8927148549,"8":0.9148993148,"9":0.9148993148,"10":0.9142922679},"std_train_score":{"0":0.0045425316,"1":0.0042492445,"2":0.0042492445,"3":0.0067357398,"4":0.0104998897,"5":0.0038069417,"6":0.0131984365,"7":0.0045425316,"8":0.0021489158,"9":0.0021489158,"10":0.0023589241}}