{"iter":{"0":0,"1":0,"2":0,"3":0,"4":0,"5":0,"6":0,"7":0,"8":1,"9":1,"10":1},"n_resources":{"0":4466,"1":4466,"2":4466,"3":4466,"4":4466,"5":4466,"6":4466,"7":4466,"8":13398,"9":13398,"10":13398},"mean_fit_time":{"0":15.3680582047,"1":15.2273946285,"2":26.0397582531,"3":25.9790593147,"4":15.5495986938,"5":15.2129164696,"6":27.302260685,"7":27.3274392605,"8":27.4140363693,"9":27.333216095,"10":15.9277188301},"std_fit_time":{"0":0.2081170968,"1":0.3561448911,"2":0.0821025173,"3":0.2968463852,"4":0.3797854754,"5":0.1890708235,"6":0.4358232823,"7":0.4795783645,"8":0.3779409519,"9":0.3153548188,"10":0.2895487119},"mean_score_time":{"0":0.0008442402,"1":0.0007583141,"2":0.0006894588,"3":0.0006288528,"4":0.0008224487,"5":0.0007276535,"6":0.0007597923,"7":0.0007319927,"8":0.0007723331,"9":0.0008225441,"10":0.0009598255},"std_score_time":{"0":0.0000882212,"1":0.0001047795,"2":0.0000539255,"3":0.0000102964,"4":0.0001005578,"5":0.0000336503,"6":0.0000257436,"7":0.0000603122,"8":0.0000310313,"9":0.0000756658,"10":0.0000255424},"param_parsimony_coefficient":{"0":0.025,"1":0.025,"2":0.025,"3":0.025,"4":0.01,"5":0.01,"6":0.01,"7":0.01,"8":0.025,"9":0.025,"10":0.025},"param_population_size":{"0":500,"1":500,"2":1000,"3":1000,"4":500,"5":500,"6":1000,"7":1000,"8":1000,"9":1000,"10":500},"param_tournament_size":{"0":15,"1":30,"2":15,"3":30,"4":15,"5":30,"6":15,"7":30,"8":15,"9":30,"10":30},"params":{"0":{"parsimony_coefficient":0.025,"population_size":500,"tournament_size":15},"1":{"parsimony_coefficient":0.025,"population_size":500,"tournament_size":30},"2":{"parsimony_coefficient":0.025,"population_size":1000,"tournament_size":15},"3":{"parsimony_coefficient":0.025,"population_size":1000,"tournament_size":30},"4":{"parsimony_coefficient":0.01,"population_size":500,"tournament_size":15},"5":{"parsimony_coefficient":0.01,"population_size":500,"tournament_size":30},"6":{"parsimony_coefficient":0.01,"population_size":1000,"tournament_size":15},"7":{"parsimony_coefficient":0.01,"population_size":1000,"tournament_size":30},"8":{"parsimony_coefficient":0.025,"population_size":1000,"tournament_size":15},"9":{"parsimony_coefficient":0.025,"population_size":1000,"tournament_size":30},"10":{"parsimony_coefficient":0.025,"population_size":500,"tournament_size":30}},"split0_test_score":{"0":0.8656215006,"1":0.8812989922,"2":0.8812989922,"3":0.8812989922,"4":0.8667413214,"5":0.8622620381,"6":0.8589025756,"7":0.9014557671,"8":0.884285181,"9":0.884285181,"10":0.8510638298},"split1_test_score":{"0":0.8577827548,"1":0.875699888,"2":0.8477043673,"3":0.8477043673,"4":0.875699888,"5":0.875699888,"6":0.8712206047,"7":0.8611422172,"8":0.8798058977,"9":0.8798058977,"10":0.8798058977},"split2_test_score":{"0":0.8544232923,"1":0.8902575588,"2":0.8902575588,"3":0.8902575588,"4":0.8902575588,"5":0.8902575588,"6":0.8622620381,"7":0.8544232923,"8":0.8383725271,"9":0.8760731616,"10":0.8394923479},"split3_test_score":{"0":0.8589025756,"1":0.8712206047,"2":0.8712206047,"3":0.8712206047,"4":0.8712206047,"5":0.8589025756,"6":0.8667413214,"7":0.8835386338,"8":0.8771929825,"9":0.8771929825,"10":0.8771929825},"split4_test_score":{"0":0.8576233184,"1":0.8721973094,"2":0.8934977578,"3":0.8934977578,"4":0.8576233184,"5":0.8374439462,"6":0.8576233184,"7":0.8542600897,"8":0.8943241225,"9":0.8943241225,"10":0.8121732636},"mean_test_score":{"0":0.8588706883,"1":0.8781348706,"2":0.8767958562,"3":0.8767958562,"4":0.8723085383,"5":0.8649132013,"6":0.8633499716,"7":0.870964,"8":0.8747961422,"9":0.8823362691,"10":0.8519456643},"std_test_score":{"0":0.0036903481,"1":0.0070137305,"2":0.0164793649,"3":0.0164793649,"4":0.0107842642,"5":0.0176431592,"6":0.0050439192,"7":0.0186384137,"8":0.0191254077,"9":0.0066270594,"10":0.0251050842},"rank_test_score":{"0":10,"1":2,"2":3,"3":3,"4":6,"5":8,"6":9,"7":7,"8":5,"9":1,"10":11},"split0_train_score":{"0":0.8597424412,"1":0.8843784994,"2":0.8843784994,"3":0.8843784994,"4":0.874300112,"5":0.8552631579,"6":0.8706606943,"7":0.8927771557,"8":0.8818809479,"9":0.8818809479,"10":0.8504385146},"split1_train_score":{"0":0.8664613662,"1":0.8804591265,"2":0.843225084,"3":0.843225084,"4":0.8804591265,"5":0.8804591265,"6":0.860862262,"7":0.8566629339,"8":0.8830005598,"9":0.8830005598,"10":0.8830005598},"split2_train_score":{"0":0.8611422172,"1":0.8843784994,"2":0.8843784994,"3":0.8843784994,"4":0.8843784994,"5":0.8843784994,"6":0.8614221725,"7":0.8611422172,"8":0.8495055048,"9":0.8839335697,"10":0.8533308453},"split3_train_score":{"0":0.8591825308,"1":0.8826987682,"2":0.8826987682,"3":0.8826987682,"4":0.8826987682,"5":0.8591825308,"6":0.866181411,"7":0.8950167973,"8":0.8836536667,"9":0.8836536667,"10":0.8836536667},"split4_train_score":{"0":0.8628603414,"1":0.8748950462,"2":0.883011475,"3":0.883011475,"4":0.8628603414,"5":0.8508256367,"6":0.8628603414,"7":0.8650993563,"8":0.8793730758,"9":0.8793730758,"10":0.7982087881},"mean_train_score":{"0":0.8618777794,"1":0.881361988,"2":0.8755384652,"3":0.8755384652,"4":0.8769393695,"5":0.8660217903,"6":0.8643973762,"7":0.8741396921,"8":0.875482751,"9":0.882368364,"10":0.8537264749},"std_train_score":{"0":0.0026206786,"1":0.0035389874,"2":0.0161713502,"3":0.0161713502,"4":0.0078241259,"5":0.0137029353,"6":0.003636572,"7":0.0163664759,"8":0.0130703496,"9":0.001655951,"10":0.0311313013}}