{"iter":{"0":0,"1":0,"2":0,"3":0,"4":0,"5":0,"6":0,"7":0,"8":1,"9":1,"10":1},"n_resources":{"0":4466,"1":4466,"2":4466,"3":4466,"4":4466,"5":4466,"6":4466,"7":4466,"8":13398,"9":13398,"10":13398},"mean_fit_time":{"0":15.5095115185,"1":15.2660627842,"2":26.3794286728,"3":26.4154802799,"4":15.5430845737,"5":15.1910838604,"6":27.0397333622,"7":27.4019581318,"8":27.3093496799,"9":15.8876391888,"10":28.3247449875},"std_fit_time":{"0":0.4473759128,"1":0.247928398,"2":0.2485859551,"3":0.118348894,"4":0.2670706926,"5":0.2726008641,"6":0.4910040561,"7":0.3281414253,"8":0.320545686,"9":0.2197023507,"10":0.2173285456},"mean_score_time":{"0":0.000884676,"1":0.0007585526,"2":0.0006655693,"3":0.0006702423,"4":0.0009248257,"5":0.0007352352,"6":0.00068326,"7":0.0007178307,"8":0.0007732868,"9":0.0009913921,"10":0.000863409},"std_score_time":{"0":0.0001162896,"1":0.0001346139,"2":0.0000506462,"3":0.0000582363,"4":0.0001513894,"5":0.0000913687,"6":0.0000817054,"7":0.0000658913,"8":0.0000660103,"9":0.0001573327,"10":0.0000932564},"param_parsimony_coefficient":{"0":0.025,"1":0.025,"2":0.025,"3":0.025,"4":0.01,"5":0.01,"6":0.01,"7":0.01,"8":0.025,"9":0.01,"10":0.01},"param_population_size":{"0":500,"1":500,"2":1000,"3":1000,"4":500,"5":500,"6":1000,"7":1000,"8":1000,"9":500,"10":1000},"param_tournament_size":{"0":15,"1":30,"2":15,"3":30,"4":15,"5":30,"6":15,"7":30,"8":15,"9":15,"10":30},"params":{"0":{"parsimony_coefficient":0.025,"population_size":500,"tournament_size":15},"1":{"parsimony_coefficient":0.025,"population_size":500,"tournament_size":30},"2":{"parsimony_coefficient":0.025,"population_size":1000,"tournament_size":15},"3":{"parsimony_coefficient":0.025,"population_size":1000,"tournament_size":30},"4":{"parsimony_coefficient":0.01,"population_size":500,"tournament_size":15},"5":{"parsimony_coefficient":0.01,"population_size":500,"tournament_size":30},"6":{"parsimony_coefficient":0.01,"population_size":1000,"tournament_size":15},"7":{"parsimony_coefficient":0.01,"population_size":1000,"tournament_size":30},"8":{"parsimony_coefficient":0.025,"population_size":1000,"tournament_size":15},"9":{"parsimony_coefficient":0.01,"population_size":500,"tournament_size":15},"10":{"parsimony_coefficient":0.01,"population_size":1000,"tournament_size":30}},"split0_test_score":{"0":0.8477043673,"1":0.7928331467,"2":0.8667413214,"3":0.8376259798,"4":0.8555431131,"5":0.8510638298,"6":0.8510638298,"7":0.8902575588,"8":0.8510638298,"9":0.8999626726,"10":0.8999626726},"split1_test_score":{"0":0.8701007839,"1":0.8185890258,"2":0.8544232923,"3":0.8969764838,"4":0.8969764838,"5":0.8734602464,"6":0.8801791713,"7":0.9137737962,"8":0.8488241881,"9":0.8801791713,"10":0.8622620381},"split2_test_score":{"0":0.8600223964,"1":0.8667413214,"2":0.882418813,"3":0.8387458007,"4":0.8868980963,"5":0.8353863382,"6":0.8611422172,"7":0.8868980963,"8":0.8771929825,"9":0.8771929825,"10":0.8559163867},"split3_test_score":{"0":0.8398656215,"1":0.8510638298,"2":0.8376259798,"3":0.8667413214,"4":0.8611422172,"5":0.8398656215,"6":0.8286674132,"7":0.8801791713,"8":0.8435983576,"9":0.875699888,"10":0.8559163867},"split4_test_score":{"0":0.8856502242,"1":0.8071748879,"2":0.8721973094,"3":0.8721973094,"4":0.9080717489,"5":0.8587443946,"6":0.8856502242,"7":0.9024663677,"8":0.8928304705,"9":0.8928304705,"10":0.8969380134},"mean_test_score":{"0":0.8606686787,"1":0.8272804423,"2":0.8626813432,"3":0.862457379,"4":0.8817263319,"5":0.8517040861,"6":0.8613405712,"7":0.8947149981,"8":0.8627019657,"9":0.885173037,"10":0.8741990995},"std_test_score":{"0":0.0162129606,"1":0.0275288965,"2":0.0154439075,"3":0.0222873252,"4":0.0203108936,"5":0.0136361616,"6":0.0205865883,"7":0.0119631475,"8":0.0190299928,"9":0.0095470428,"10":0.0199591008},"rank_test_score":{"0":9,"1":11,"2":6,"3":7,"4":3,"5":10,"6":8,"7":1,"8":5,"9":2,"10":4},"split0_train_score":{"0":0.8633818589,"1":0.8115901456,"2":0.8860582307,"3":0.8496640538,"4":0.8776595745,"5":0.8625419933,"6":0.8625419933,"7":0.8969764838,"8":0.847639485,"9":0.8920507557,"10":0.8920507557},"split1_train_score":{"0":0.8577827548,"1":0.8006718925,"2":0.8505039194,"3":0.8843784994,"4":0.8843784994,"5":0.8589025756,"6":0.866181411,"7":0.890537514,"8":0.8483858929,"9":0.8830005598,"10":0.8614480313},"split2_train_score":{"0":0.8516237402,"1":0.8729003359,"2":0.8801791713,"3":0.8485442329,"4":0.8885778275,"5":0.8493840985,"6":0.8619820829,"7":0.8885778275,"8":0.8835603657,"9":0.8835603657,"10":0.8629408472},"split3_train_score":{"0":0.8583426652,"1":0.8463045913,"2":0.8437849944,"3":0.8812989922,"4":0.8768197088,"5":0.8566629339,"6":0.8449048152,"7":0.8955767077,"8":0.8495988057,"9":0.8840268707,"10":0.8628475462},"split4_train_score":{"0":0.8466274839,"1":0.7962496502,"2":0.838790932,"3":0.838790932,"4":0.8690176322,"5":0.8415897005,"6":0.8466274839,"7":0.8852504898,"8":0.8796529527,"9":0.8796529527,"10":0.8929004571},"mean_train_score":{"0":0.8555517006,"1":0.8255433231,"2":0.8598634496,"3":0.8605353421,"4":0.8792906485,"5":0.8538162604,"6":0.8564475573,"7":0.8913838046,"8":0.8617675004,"9":0.8844583009,"10":0.8744375275},"std_train_score":{"0":0.0058163387,"1":0.0294791975,"2":0.0194374053,"3":0.0186248023,"4":0.0067296171,"5":0.0074732241,"6":0.0088565204,"7":0.0043604074,"8":0.0162576982,"9":0.0040952209,"10":0.0147399723}}