{"iter":{"0":0,"1":0,"2":0,"3":0,"4":0,"5":0,"6":0,"7":0,"8":1,"9":1,"10":1},"n_resources":{"0":4466,"1":4466,"2":4466,"3":4466,"4":4466,"5":4466,"6":4466,"7":4466,"8":13398,"9":13398,"10":13398},"mean_fit_time":{"0":15.2984028339,"1":15.3403801918,"2":25.8928488731,"3":26.2651482582,"4":15.0795495987,"5":15.5300336838,"6":27.1962969303,"7":26.7090359688,"8":27.2842819691,"9":28.0891270161,"10":16.2095816135},"std_fit_time":{"0":0.2852334846,"1":0.3507869673,"2":0.4524842422,"3":0.1752812072,"4":0.3946560022,"5":0.1972578732,"6":0.3092081866,"7":0.4438714822,"8":0.1623070769,"9":0.1770403885,"10":0.3514390262},"mean_score_time":{"0":0.0009298325,"1":0.000874567,"2":0.0006984234,"3":0.0006893158,"4":0.0007717133,"5":0.0009287834,"6":0.000711298,"7":0.0007409096,"8":0.0008114815,"9":0.0008615494,"10":0.0011495113},"std_score_time":{"0":0.0001196865,"1":0.0001121482,"2":0.0000640866,"3":0.0000534497,"4":0.0001337631,"5":0.0001107298,"6":0.0000628973,"7":0.0000591077,"8":0.0000479601,"9":0.0000908205,"10":0.0001370279},"param_parsimony_coefficient":{"0":0.025,"1":0.025,"2":0.025,"3":0.025,"4":0.01,"5":0.01,"6":0.01,"7":0.01,"8":0.025,"9":0.01,"10":0.01},"param_population_size":{"0":500,"1":500,"2":1000,"3":1000,"4":500,"5":500,"6":1000,"7":1000,"8":1000,"9":1000,"10":500},"param_tournament_size":{"0":15,"1":30,"2":15,"3":30,"4":15,"5":30,"6":15,"7":30,"8":30,"9":30,"10":15},"params":{"0":{"parsimony_coefficient":0.025,"population_size":500,"tournament_size":15},"1":{"parsimony_coefficient":0.025,"population_size":500,"tournament_size":30},"2":{"parsimony_coefficient":0.025,"population_size":1000,"tournament_size":15},"3":{"parsimony_coefficient":0.025,"population_size":1000,"tournament_size":30},"4":{"parsimony_coefficient":0.01,"population_size":500,"tournament_size":15},"5":{"parsimony_coefficient":0.01,"population_size":500,"tournament_size":30},"6":{"parsimony_coefficient":0.01,"population_size":1000,"tournament_size":15},"7":{"parsimony_coefficient":0.01,"population_size":1000,"tournament_size":30},"8":{"parsimony_coefficient":0.025,"population_size":1000,"tournament_size":30},"9":{"parsimony_coefficient":0.01,"population_size":1000,"tournament_size":30},"10":{"parsimony_coefficient":0.01,"population_size":500,"tournament_size":15}},"split0_test_score":{"0":0.8387458007,"1":0.8667413214,"2":0.8667413214,"3":0.8667413214,"4":0.8868980963,"5":0.8868980963,"6":0.8454647256,"7":0.8868980963,"8":0.8820895522,"9":0.8604477612,"10":0.8604477612},"split1_test_score":{"0":0.868980963,"1":0.8936170213,"2":0.8936170213,"3":0.8936170213,"4":0.8936170213,"5":0.849944009,"6":0.8734602464,"7":0.868980963,"8":0.8858208955,"9":0.9003731343,"10":0.8858208955},"split2_test_score":{"0":0.8477043673,"1":0.868980963,"2":0.868980963,"3":0.868980963,"4":0.868980963,"5":0.8488241881,"6":0.8275475924,"7":0.8488241881,"8":0.8843283582,"9":0.8656716418,"10":0.8843283582},"split3_test_score":{"0":0.8510638298,"1":0.7939529675,"2":0.8409854423,"3":0.8409854423,"4":0.8801791713,"5":0.8409854423,"6":0.8488241881,"7":0.8992161254,"8":0.8779395297,"9":0.8562896603,"10":0.8562896603},"split4_test_score":{"0":0.8723404255,"1":0.8969764838,"2":0.8969764838,"3":0.8969764838,"4":0.8969764838,"5":0.8734602464,"6":0.8723404255,"7":0.8969764838,"8":0.8895110116,"9":0.867114595,"10":0.8895110116},"mean_test_score":{"0":0.8557670773,"1":0.8640537514,"2":0.8734602464,"3":0.8734602464,"4":0.8853303471,"5":0.8600223964,"6":0.8535274356,"7":0.8801791713,"8":0.8839378694,"9":0.8699793585,"10":0.8752795374},"std_test_score":{"0":0.0128540603,"1":0.0371578083,"2":0.0203918112,"3":0.0203918112,"4":0.010005961,"5":0.0172757543,"6":0.0173972734,"7":0.0189643567,"8":0.0038510917,"9":0.0156767604,"10":0.0139723532},"rank_test_score":{"0":10,"1":8,"2":5,"3":5,"4":1,"5":9,"6":11,"7":3,"8":2,"9":7,"10":4},"split0_train_score":{"0":0.8603023516,"1":0.883818589,"2":0.883818589,"3":0.883818589,"4":0.8913773796,"5":0.8913773796,"6":0.8647816349,"7":0.8913773796,"8":0.8844000746,"9":0.864713566,"10":0.864713566},"split1_train_score":{"0":0.8667413214,"1":0.8857782755,"2":0.8857782755,"3":0.8857782755,"4":0.8857782755,"5":0.8451847704,"6":0.8695408735,"7":0.8667413214,"8":0.8834670648,"9":0.8932636686,"10":0.8834670648},"split2_train_score":{"0":0.8530235162,"1":0.8784994401,"2":0.8784994401,"3":0.8784994401,"4":0.8784994401,"5":0.8597424412,"6":0.8440649496,"7":0.8597424412,"8":0.8838402687,"9":0.8634073521,"10":0.8838402687},"split3_train_score":{"0":0.8603414498,"1":0.7993282955,"2":0.8463476071,"3":0.8463476071,"4":0.8844108592,"5":0.8457878533,"6":0.8586621886,"7":0.8942065491,"8":0.8854370744,"9":0.8657524023,"10":0.8657524023},"split4_train_score":{"0":0.8631402183,"1":0.8849706129,"2":0.8849706129,"3":0.8849706129,"4":0.8849706129,"5":0.8673383711,"6":0.8765743073,"7":0.8849706129,"8":0.8825450135,"9":0.863046926,"10":0.8825450135},"mean_train_score":{"0":0.8607097715,"1":0.8664790426,"2":0.8758829049,"3":0.8758829049,"4":0.8850073135,"5":0.8618861631,"6":0.8627247908,"7":0.8794076609,"8":0.8839378992,"9":0.870036783,"10":0.876063663},"std_train_score":{"0":0.0045092535,"1":0.0336712673,"2":0.0149843916,"3":0.0149843916,"4":0.0040958917,"5":0.0169832038,"6":0.0110199193,"7":0.0137141147,"8":0.0009625466,"9":0.0116532247,"10":0.0088593528}}