{"iter":{"0":0,"1":0,"2":0,"3":0,"4":0,"5":0,"6":0,"7":0,"8":1,"9":1,"10":1},"n_resources":{"0":4466,"1":4466,"2":4466,"3":4466,"4":4466,"5":4466,"6":4466,"7":4466,"8":13398,"9":13398,"10":13398},"mean_fit_time":{"0":15.1576611996,"1":15.1307395935,"2":26.0517187595,"3":25.867211628,"4":15.4922994137,"5":15.5136276245,"6":27.1453300476,"7":27.2927632809,"8":15.7672308922,"9":15.7649766922,"10":27.1871400356},"std_fit_time":{"0":0.4115625212,"1":0.2759737311,"2":0.5597655412,"3":0.3520115403,"4":0.4473597038,"5":0.1098251244,"6":0.183296488,"7":0.3657497464,"8":0.3122840151,"9":0.0494223426,"10":0.2790964305},"mean_score_time":{"0":0.000822258,"1":0.0009267807,"2":0.0007268906,"3":0.0006408691,"4":0.0009212017,"5":0.0009706974,"6":0.0007223129,"7":0.000667429,"8":0.0010138988,"9":0.0010204315,"10":0.0008169174},"std_score_time":{"0":0.0001292031,"1":0.0001029431,"2":0.0000479795,"3":0.0000233256,"4":0.0001085316,"5":0.0000367859,"6":0.0000418422,"7":0.0000576091,"8":0.000140816,"9":0.0000999589,"10":0.0000779903},"param_parsimony_coefficient":{"0":0.025,"1":0.025,"2":0.025,"3":0.025,"4":0.01,"5":0.01,"6":0.01,"7":0.01,"8":0.025,"9":0.01,"10":0.025},"param_population_size":{"0":500,"1":500,"2":1000,"3":1000,"4":500,"5":500,"6":1000,"7":1000,"8":500,"9":500,"10":1000},"param_tournament_size":{"0":15,"1":30,"2":15,"3":30,"4":15,"5":30,"6":15,"7":30,"8":30,"9":15,"10":15},"params":{"0":{"parsimony_coefficient":0.025,"population_size":500,"tournament_size":15},"1":{"parsimony_coefficient":0.025,"population_size":500,"tournament_size":30},"2":{"parsimony_coefficient":0.025,"population_size":1000,"tournament_size":15},"3":{"parsimony_coefficient":0.025,"population_size":1000,"tournament_size":30},"4":{"parsimony_coefficient":0.01,"population_size":500,"tournament_size":15},"5":{"parsimony_coefficient":0.01,"population_size":500,"tournament_size":30},"6":{"parsimony_coefficient":0.01,"population_size":1000,"tournament_size":15},"7":{"parsimony_coefficient":0.01,"population_size":1000,"tournament_size":30},"8":{"parsimony_coefficient":0.025,"population_size":500,"tournament_size":30},"9":{"parsimony_coefficient":0.01,"population_size":500,"tournament_size":15},"10":{"parsimony_coefficient":0.025,"population_size":1000,"tournament_size":15}},"split0_test_score":{"0":0.8656215006,"1":0.8902575588,"2":0.8902575588,"3":0.8902575588,"4":0.8902575588,"5":0.875699888,"6":0.8734602464,"7":0.8656215006,"8":0.8541044776,"9":0.8805970149,"10":0.8470149254},"split1_test_score":{"0":0.8857782755,"1":0.9036954087,"2":0.9036954087,"3":0.8577827548,"4":0.9036954087,"5":0.882418813,"6":0.8902575588,"7":0.9036954087,"8":0.878358209,"9":0.878358209,"10":0.878358209},"split2_test_score":{"0":0.8645016797,"1":0.8868980963,"2":0.8868980963,"3":0.8868980963,"4":0.8645016797,"5":0.843225084,"6":0.8667413214,"7":0.8645016797,"8":0.8742537313,"9":0.8742537313,"10":0.8742537313},"split3_test_score":{"0":0.8409854423,"1":0.8768197088,"2":0.8768197088,"3":0.8768197088,"4":0.8768197088,"5":0.8387458007,"6":0.8387458007,"7":0.8387458007,"8":0.8816722658,"9":0.8816722658,"10":0.8816722658},"split4_test_score":{"0":0.8701007839,"1":0.8790593505,"2":0.889137738,"3":0.889137738,"4":0.9048152296,"5":0.8600223964,"6":0.8566629339,"7":0.9048152296,"8":0.8092571855,"9":0.891004106,"10":0.8551698395},"mean_test_score":{"0":0.8653975364,"1":0.8873460246,"2":0.8893617021,"3":0.8801791713,"4":0.8880179171,"5":0.8600223964,"6":0.8651735722,"7":0.8754759239,"8":0.8595291738,"9":0.8811770654,"10":0.8672937942},"std_test_score":{"0":0.0143826153,"1":0.0095441325,"2":0.0085985907,"3":0.0121643679,"4":0.0155651067,"5":0.0172175866,"6":0.0171533744,"7":0.0253920453,"8":0.0269011591,"9":0.0055322855,"10":0.0136808278},"rank_test_score":{"0":8,"1":3,"2":1,"3":5,"4":2,"5":10,"6":9,"7":6,"8":11,"9":4,"10":7},"split0_train_score":{"0":0.8563829787,"1":0.8784994401,"2":0.8784994401,"3":0.8784994401,"4":0.8784994401,"5":0.8496640538,"6":0.8645016797,"7":0.8563829787,"8":0.8499720097,"9":0.881321142,"10":0.84717298},"split1_train_score":{"0":0.8709406495,"1":0.8899776036,"2":0.8899776036,"3":0.8457446809,"4":0.8899776036,"5":0.8544232923,"6":0.8639417693,"7":0.8899776036,"8":0.8818809479,"9":0.8818809479,"10":0.8818809479},"split2_train_score":{"0":0.8614221725,"1":0.8835386338,"2":0.8835386338,"3":0.8835386338,"4":0.8614221725,"5":0.8474244121,"6":0.8625419933,"7":0.8614221725,"8":0.8829072588,"9":0.8829072588,"10":0.8829072588},"split3_train_score":{"0":0.8639798489,"1":0.8824517212,"2":0.8824517212,"3":0.8824517212,"4":0.8824517212,"5":0.867618248,"6":0.867618248,"7":0.867618248,"8":0.881052337,"9":0.881052337,"10":0.881052337},"split4_train_score":{"0":0.8609012035,"1":0.8732157851,"2":0.883011475,"3":0.883011475,"4":0.8986845788,"5":0.8488664987,"6":0.8488664987,"7":0.8986845788,"8":0.8011941412,"9":0.8787200299,"10":0.8451348074},"mean_train_score":{"0":0.8627253706,"1":0.8815366368,"2":0.8834957747,"3":0.8746491902,"4":0.8822071032,"5":0.853599301,"6":0.8614940378,"7":0.8748171163,"8":0.8594013389,"9":0.8811763431,"10":0.8676296662},"std_train_score":{"0":0.0047815556,"1":0.0055597919,"2":0.0036960491,"3":0.0145610754,"4":0.0124716304,"5":0.0073922213,"6":0.0065283413,"7":0.0165563389,"8":0.0316342122,"9":0.0013829213,"10":0.0175565751}}