{"iter":{"0":0,"1":0,"2":0,"3":0,"4":0,"5":0,"6":0,"7":0,"8":1,"9":1,"10":1},"n_resources":{"0":4466,"1":4466,"2":4466,"3":4466,"4":4466,"5":4466,"6":4466,"7":4466,"8":13398,"9":13398,"10":13398},"mean_fit_time":{"0":15.1150541782,"1":14.9826319218,"2":25.9656657219,"3":25.861494875,"4":15.111027813,"5":15.30306077,"6":26.7091025352,"7":26.8174068928,"8":27.8569270611,"9":28.0707738876,"10":15.8368715763},"std_fit_time":{"0":0.2657653617,"1":0.3727211432,"2":0.2297534737,"3":0.1260775243,"4":0.6307764898,"5":0.2645659147,"6":0.267118052,"7":0.168587434,"8":0.2941849335,"9":0.2945469802,"10":0.5234117243},"mean_score_time":{"0":0.0008590698,"1":0.0009492397,"2":0.000701046,"3":0.0006673336,"4":0.0008415699,"5":0.0008433819,"6":0.000741148,"7":0.0007430077,"8":0.0009311676,"9":0.0009400368,"10":0.0010919571},"std_score_time":{"0":0.0001530267,"1":0.0001044965,"2":0.0000458906,"3":0.0000532975,"4":0.0001882898,"5":0.0001399527,"6":0.0000689907,"7":0.0000537092,"8":0.0000780945,"9":0.0000781318,"10":0.0001135796},"param_parsimony_coefficient":{"0":0.025,"1":0.025,"2":0.025,"3":0.025,"4":0.01,"5":0.01,"6":0.01,"7":0.01,"8":0.01,"9":0.01,"10":0.01},"param_population_size":{"0":500,"1":500,"2":1000,"3":1000,"4":500,"5":500,"6":1000,"7":1000,"8":1000,"9":1000,"10":500},"param_tournament_size":{"0":15,"1":30,"2":15,"3":30,"4":15,"5":30,"6":15,"7":30,"8":15,"9":30,"10":15},"params":{"0":{"parsimony_coefficient":0.025,"population_size":500,"tournament_size":15},"1":{"parsimony_coefficient":0.025,"population_size":500,"tournament_size":30},"2":{"parsimony_coefficient":0.025,"population_size":1000,"tournament_size":15},"3":{"parsimony_coefficient":0.025,"population_size":1000,"tournament_size":30},"4":{"parsimony_coefficient":0.01,"population_size":500,"tournament_size":15},"5":{"parsimony_coefficient":0.01,"population_size":500,"tournament_size":30},"6":{"parsimony_coefficient":0.01,"population_size":1000,"tournament_size":15},"7":{"parsimony_coefficient":0.01,"population_size":1000,"tournament_size":30},"8":{"parsimony_coefficient":0.01,"population_size":1000,"tournament_size":15},"9":{"parsimony_coefficient":0.01,"population_size":1000,"tournament_size":30},"10":{"parsimony_coefficient":0.01,"population_size":500,"tournament_size":15}},"split0_test_score":{"0":0.8577827548,"1":0.8185890258,"2":0.8320268757,"3":0.8320268757,"4":0.8924972004,"5":0.8656215006,"6":0.8510638298,"7":0.8924972004,"8":0.8611940299,"9":0.8951492537,"10":0.8951492537},"split1_test_score":{"0":0.8745800672,"1":0.8958566629,"2":0.8958566629,"3":0.8958566629,"4":0.8958566629,"5":0.8712206047,"6":0.868980963,"7":0.8712206047,"8":0.8701492537,"9":0.8701492537,"10":0.8854477612},"split2_test_score":{"0":0.8566629339,"1":0.7917133259,"2":0.8645016797,"3":0.8398656215,"4":0.8566629339,"5":0.8331466965,"6":0.8600223964,"7":0.8600223964,"8":0.8544776119,"9":0.8544776119,"10":0.8742537313},"split3_test_score":{"0":0.829787234,"1":0.790593505,"2":0.8241881299,"3":0.8577827548,"4":0.8577827548,"5":0.843225084,"6":0.8510638298,"7":0.849944009,"8":0.8674878686,"9":0.86039567,"10":0.8794326241},"split4_test_score":{"0":0.875699888,"1":0.7827547592,"2":0.8488241881,"3":0.8488241881,"4":0.8947368421,"5":0.8488241881,"6":0.8678611422,"7":0.8913773796,"8":0.845091452,"9":0.8954833893,"10":0.8954833893},"mean_test_score":{"0":0.8589025756,"1":0.8159014558,"2":0.8530795073,"3":0.8548712206,"4":0.8795072788,"5":0.8524076148,"6":0.8597984323,"7":0.873012318,"8":0.8596800432,"9":0.8751310358,"10":0.8859533519},"std_test_score":{"0":0.0166247199,"1":0.0417715685,"2":0.0255201246,"3":0.0222345776,"4":0.0182307381,"5":0.0141186271,"6":0.0077712661,"7":0.0168584182,"8":0.0090857135,"9":0.0172247521,"10":0.0084266584},"rank_test_score":{"0":7,"1":11,"2":9,"3":8,"4":2,"5":10,"6":5,"7":4,"8":6,"9":3,"10":1},"split0_train_score":{"0":0.8544232923,"1":0.7975923852,"2":0.8449048152,"3":0.8449048152,"4":0.8908174692,"5":0.8625419933,"6":0.8421052632,"7":0.8908174692,"8":0.8635006531,"9":0.8923306587,"10":0.8923306587},"split1_train_score":{"0":0.8591825308,"1":0.8840985442,"2":0.8840985442,"3":0.8840985442,"4":0.8840985442,"5":0.8681410974,"6":0.8706606943,"7":0.8681410974,"8":0.8612614294,"9":0.8612614294,"10":0.8819742489},"split2_train_score":{"0":0.8715005599,"1":0.8104703247,"2":0.8874580067,"3":0.8516237402,"4":0.8715005599,"5":0.8673012318,"6":0.8715005599,"7":0.8715005599,"8":0.8651800709,"9":0.8651800709,"10":0.8847732786},"split3_train_score":{"0":0.8589420655,"1":0.8038063252,"2":0.8513853904,"3":0.8841309824,"4":0.8841309824,"5":0.8455079765,"6":0.8645396026,"7":0.8634200952,"8":0.8692042168,"9":0.863699972,"10":0.8834779364},"split4_train_score":{"0":0.8734956619,"1":0.8040862021,"2":0.8471872376,"3":0.8471872376,"4":0.8813322138,"5":0.8609012035,"6":0.8628603414,"7":0.8961656871,"8":0.8454146842,"9":0.8922474111,"10":0.8922474111},"mean_train_score":{"0":0.8635088221,"1":0.8200107563,"2":0.8630067988,"3":0.8623890639,"4":0.8823759539,"5":0.8608787005,"6":0.8623332923,"7":0.8780089818,"8":0.8609122109,"9":0.8749439084,"10":0.8869607067},"std_train_score":{"0":0.0075594148,"1":0.0323017732,"2":0.0187388407,"3":0.0178700824,"4":0.0062716858,"5":0.008161097,"6":0.0106555447,"7":0.013009947,"8":0.0081727267,"9":0.0142174481,"10":0.0044399306}}