{"iter":{"0":0,"1":0,"2":0,"3":0,"4":0,"5":0,"6":0,"7":0,"8":1,"9":1,"10":1},"n_resources":{"0":4481,"1":4481,"2":4481,"3":4481,"4":4481,"5":4481,"6":4481,"7":4481,"8":13443,"9":13443,"10":13443},"mean_fit_time":{"0":14.9121562958,"1":14.7201721668,"2":25.7814143658,"3":25.4998811245,"4":15.7014677048,"5":15.8260651112,"6":27.076077795,"7":28.3161607742,"8":28.443966341,"9":16.3613145828,"10":16.5039242744},"std_fit_time":{"0":0.1529862479,"1":0.2895135646,"2":0.7193465077,"3":0.5911099647,"4":0.2635886655,"5":0.2737239598,"6":0.2311343486,"7":0.4964873744,"8":0.2639131806,"9":0.2887502554,"10":0.4496163259},"mean_score_time":{"0":0.0007417679,"1":0.0007640362,"2":0.00062356,"3":0.0006237984,"4":0.0008769989,"5":0.0008686543,"6":0.0006900311,"7":0.0007093906,"8":0.0008470535,"9":0.0011706829,"10":0.0009805679},"std_score_time":{"0":0.0000100605,"1":0.0001207419,"2":0.0000083325,"3":0.0000058955,"4":0.0001376732,"5":0.0000903741,"6":0.0000675768,"7":0.0000677283,"8":0.0000913767,"9":0.0001069478,"10":0.0001689513},"param_parsimony_coefficient":{"0":0.025,"1":0.025,"2":0.025,"3":0.025,"4":0.01,"5":0.01,"6":0.01,"7":0.01,"8":0.01,"9":0.01,"10":0.01},"param_population_size":{"0":500,"1":500,"2":1000,"3":1000,"4":500,"5":500,"6":1000,"7":1000,"8":1000,"9":500,"10":500},"param_tournament_size":{"0":15,"1":30,"2":15,"3":30,"4":15,"5":30,"6":15,"7":30,"8":15,"9":15,"10":30},"params":{"0":{"parsimony_coefficient":0.025,"population_size":500,"tournament_size":15},"1":{"parsimony_coefficient":0.025,"population_size":500,"tournament_size":30},"2":{"parsimony_coefficient":0.025,"population_size":1000,"tournament_size":15},"3":{"parsimony_coefficient":0.025,"population_size":1000,"tournament_size":30},"4":{"parsimony_coefficient":0.01,"population_size":500,"tournament_size":15},"5":{"parsimony_coefficient":0.01,"population_size":500,"tournament_size":30},"6":{"parsimony_coefficient":0.01,"population_size":1000,"tournament_size":15},"7":{"parsimony_coefficient":0.01,"population_size":1000,"tournament_size":30},"8":{"parsimony_coefficient":0.01,"population_size":1000,"tournament_size":15},"9":{"parsimony_coefficient":0.01,"population_size":500,"tournament_size":15},"10":{"parsimony_coefficient":0.01,"population_size":500,"tournament_size":30}},"split0_test_score":{"0":0.8571428571,"1":0.8571428571,"2":0.8571428571,"3":0.8571428571,"4":0.8883928571,"5":0.8850446429,"6":0.8850446429,"7":0.8850446429,"8":0.8947172619,"9":0.8947172619,"10":0.8947172619},"split1_test_score":{"0":0.8493303571,"1":0.8493303571,"2":0.8493303571,"3":0.8493303571,"4":0.8783482143,"5":0.8783482143,"6":0.8783482143,"7":0.8761160714,"8":0.8854166667,"9":0.8854166667,"10":0.8854166667},"split2_test_score":{"0":0.8459821429,"1":0.9029017857,"2":0.8616071429,"3":0.8616071429,"4":0.9051339286,"5":0.9107142857,"6":0.9051339286,"7":0.8962053571,"8":0.8973214286,"9":0.8973214286,"10":0.8973214286},"split3_test_score":{"0":0.8515625,"1":0.8515625,"2":0.8515625,"3":0.8515625,"4":0.8928571429,"5":0.8928571429,"6":0.8928571429,"7":0.890625,"8":0.8854166667,"9":0.8854166667,"10":0.8854166667},"split4_test_score":{"0":0.8627232143,"1":0.8627232143,"2":0.8627232143,"3":0.8627232143,"4":0.9129464286,"5":0.9129464286,"6":0.9129464286,"7":0.9151785714,"8":0.9032738095,"9":0.9032738095,"10":0.857514881},"mean_test_score":{"0":0.8533482143,"1":0.8647321429,"2":0.8564732143,"3":0.8564732143,"4":0.8955357143,"5":0.8959821429,"6":0.8948660714,"7":0.8926339286,"8":0.8932291667,"9":0.8932291667,"10":0.884077381},"std_test_score":{"0":0.005930951,"1":0.0196428571,"2":0.0053104363,"3":0.0053104363,"4":0.0122381698,"5":0.0137489854,"6":0.01269381,"7":0.0130804333,"8":0.0069559499,"9":0.0069559499,"10":0.0141263275},"rank_test_score":{"0":11,"1":8,"2":9,"3":9,"4":2,"5":1,"6":3,"7":6,"8":4,"9":4,"10":7},"split0_train_score":{"0":0.8523995536,"1":0.8523995536,"2":0.8523995536,"3":0.8523995536,"4":0.8864397321,"5":0.8917410714,"6":0.8917410714,"7":0.8917410714,"8":0.892877069,"9":0.892877069,"10":0.892877069},"split1_train_score":{"0":0.8504464286,"1":0.8504464286,"2":0.8504464286,"3":0.8504464286,"4":0.8892299107,"5":0.8892299107,"6":0.8892299107,"7":0.8850446429,"8":0.8952017854,"9":0.8952017854,"10":0.8952017854},"split2_train_score":{"0":0.8426339286,"1":0.8889508929,"2":0.8479352679,"3":0.8479352679,"4":0.8928571429,"5":0.8962053571,"6":0.8928571429,"7":0.8791852679,"8":0.8922261484,"9":0.8922261484,"10":0.8922261484},"split3_train_score":{"0":0.8568638393,"1":0.8568638393,"2":0.8568638393,"3":0.8568638393,"4":0.8953683036,"5":0.8953683036,"6":0.8953683036,"7":0.9020647321,"8":0.8952017854,"9":0.8952017854,"10":0.8952017854},"split4_train_score":{"0":0.8549107143,"1":0.8549107143,"2":0.8549107143,"3":0.8549107143,"4":0.8959263393,"5":0.8959263393,"6":0.8959263393,"7":0.9006696429,"8":0.8907383299,"9":0.8907383299,"10":0.851590106},"mean_train_score":{"0":0.8514508929,"1":0.8607142857,"2":0.8525111607,"3":0.8525111607,"4":0.8919642857,"5":0.8936941964,"6":0.8930245536,"7":0.8917410714,"8":0.8932490236,"9":0.8932490236,"10":0.8854193788},"std_train_score":{"0":0.0049176848,"1":0.0142854963,"2":0.0031596847,"3":0.0031596847,"4":0.0036353789,"5":0.0027508387,"6":0.0024490076,"7":0.0088180238,"8":0.0017386641,"9":0.0017386641,"10":0.0169573578}}