{"iter":{"0":0,"1":0,"2":0,"3":0,"4":0,"5":0,"6":0,"7":0,"8":1,"9":1,"10":1},"n_resources":{"0":4481,"1":4481,"2":4481,"3":4481,"4":4481,"5":4481,"6":4481,"7":4481,"8":13443,"9":13443,"10":13443},"mean_fit_time":{"0":14.7557348251,"1":14.7215703964,"2":25.4011602402,"3":24.858894825,"4":15.5616853237,"5":15.3550801277,"6":26.6241453171,"7":27.5583034992,"8":15.9804801464,"9":27.9664023876,"10":28.7169081688},"std_fit_time":{"0":0.3561370913,"1":0.3085651151,"2":0.5349135733,"3":0.2268468802,"4":0.2672885597,"5":0.2906490205,"6":0.4165413249,"7":0.4554955144,"8":0.3101616436,"9":0.089771717,"10":0.1348554904},"mean_score_time":{"0":0.0006882668,"1":0.0007171631,"2":0.0006499767,"3":0.0006337166,"4":0.0008008003,"5":0.0008810997,"6":0.000704813,"7":0.0007155418,"8":0.0010525227,"9":0.0008588791,"10":0.0008798122},"std_score_time":{"0":0.0000588407,"1":0.0000540368,"2":0.0000451793,"3":0.0000162005,"4":0.0001625473,"5":0.0001498185,"6":0.0000568036,"7":0.0000471995,"8":0.0001613081,"9":0.0000701307,"10":0.0000831948},"param_parsimony_coefficient":{"0":0.025,"1":0.025,"2":0.025,"3":0.025,"4":0.01,"5":0.01,"6":0.01,"7":0.01,"8":0.01,"9":0.01,"10":0.01},"param_population_size":{"0":500,"1":500,"2":1000,"3":1000,"4":500,"5":500,"6":1000,"7":1000,"8":500,"9":1000,"10":1000},"param_tournament_size":{"0":15,"1":30,"2":15,"3":30,"4":15,"5":30,"6":15,"7":30,"8":15,"9":15,"10":30},"params":{"0":{"parsimony_coefficient":0.025,"population_size":500,"tournament_size":15},"1":{"parsimony_coefficient":0.025,"population_size":500,"tournament_size":30},"2":{"parsimony_coefficient":0.025,"population_size":1000,"tournament_size":15},"3":{"parsimony_coefficient":0.025,"population_size":1000,"tournament_size":30},"4":{"parsimony_coefficient":0.01,"population_size":500,"tournament_size":15},"5":{"parsimony_coefficient":0.01,"population_size":500,"tournament_size":30},"6":{"parsimony_coefficient":0.01,"population_size":1000,"tournament_size":15},"7":{"parsimony_coefficient":0.01,"population_size":1000,"tournament_size":30},"8":{"parsimony_coefficient":0.01,"population_size":500,"tournament_size":15},"9":{"parsimony_coefficient":0.01,"population_size":1000,"tournament_size":15},"10":{"parsimony_coefficient":0.01,"population_size":1000,"tournament_size":30}},"split0_test_score":{"0":0.8404017857,"1":0.8404017857,"2":0.8404017857,"3":0.8404017857,"4":0.8917410714,"5":0.8917410714,"6":0.8917410714,"7":0.8895089286,"8":0.8895089286,"9":0.8895089286,"10":0.8939732143},"split1_test_score":{"0":0.8348214286,"1":0.8895089286,"2":0.8348214286,"3":0.8348214286,"4":0.8939732143,"5":0.8560267857,"6":0.8939732143,"7":0.8973214286,"8":0.8854166667,"9":0.8854166667,"10":0.8898809524},"split2_test_score":{"0":0.8537946429,"1":0.8537946429,"2":0.8537946429,"3":0.8537946429,"4":0.9006696429,"5":0.8604910714,"6":0.9006696429,"7":0.9107142857,"8":0.8913690476,"9":0.8913690476,"10":0.9040178571},"split3_test_score":{"0":0.8549107143,"1":0.8549107143,"2":0.8549107143,"3":0.8549107143,"4":0.8816964286,"5":0.8861607143,"6":0.8861607143,"7":0.8816964286,"8":0.8824404762,"9":0.8824404762,"10":0.8872767857},"split4_test_score":{"0":0.8446927374,"1":0.8446927374,"2":0.8446927374,"3":0.8446927374,"4":0.8972067039,"5":0.8972067039,"6":0.8972067039,"7":0.8994413408,"8":0.896538891,"9":0.896538891,"10":0.9006326758},"mean_test_score":{"0":0.8457242618,"1":0.8566617618,"2":0.8457242618,"3":0.8457242618,"4":0.8930574122,"5":0.8783252694,"6":0.8939502694,"7":0.8957364824,"8":0.889054802,"9":0.889054802,"10":0.8951562971},"std_test_score":{"0":0.007717338,"1":0.0173081904,"2":0.007717338,"3":0.007717338,"4":0.0064312685,"5":0.0168117072,"6":0.0049256999,"7":0.0097619482,"8":0.004869474,"9":0.004869474,"10":0.006321924},"rank_test_score":{"0":9,"1":8,"2":9,"3":9,"4":4,"5":7,"6":3,"7":1,"8":5,"9":5,"10":2},"split0_train_score":{"0":0.8518415179,"1":0.8518415179,"2":0.8518415179,"3":0.8518415179,"4":0.8956473214,"5":0.8956473214,"6":0.8956473214,"7":0.8976004464,"8":0.8889715455,"9":0.8889715455,"10":0.8954807513},"split1_train_score":{"0":0.8451450893,"1":0.8685825893,"2":0.8451450893,"3":0.8451450893,"4":0.8794642857,"5":0.8434709821,"6":0.8794642857,"7":0.8881138393,"8":0.8899944207,"9":0.8899944207,"10":0.8965036266},"split2_train_score":{"0":0.8482142857,"1":0.8482142857,"2":0.8482142857,"3":0.8482142857,"4":0.8897879464,"5":0.8507254464,"6":0.8897879464,"7":0.8942522321,"8":0.8885066022,"9":0.8885066022,"10":0.8929700577},"split3_train_score":{"0":0.8451450893,"1":0.8451450893,"2":0.8451450893,"3":0.8451450893,"4":0.8911830357,"5":0.8931361607,"6":0.8931361607,"7":0.8920200893,"8":0.8907383299,"9":0.8907383299,"10":0.8971545471},"split4_train_score":{"0":0.8457461646,"1":0.8457461646,"2":0.8457461646,"3":0.8457461646,"4":0.8887029289,"5":0.8887029289,"6":0.8887029289,"7":0.8953974895,"8":0.8872152487,"9":0.8872152487,"10":0.8938168294},"mean_train_score":{"0":0.8472184293,"1":0.8519059293,"2":0.8472184293,"3":0.8472184293,"4":0.8889571036,"5":0.8743365679,"6":0.8893477286,"7":0.8934768193,"8":0.8890852294,"9":0.8890852294,"10":0.8951851624},"std_train_score":{"0":0.0025740909,"1":0.0086648142,"2":0.0025740909,"3":0.0025740909,"4":0.0053024953,"5":0.0224683541,"6":0.0055195849,"7":0.0032304228,"8":0.0012168756,"9":0.0012168756,"10":0.0015800773}}