{"iter":{"0":0,"1":0,"2":0,"3":0,"4":0,"5":0,"6":0,"7":0,"8":1,"9":1,"10":1},"n_resources":{"0":4481,"1":4481,"2":4481,"3":4481,"4":4481,"5":4481,"6":4481,"7":4481,"8":13443,"9":13443,"10":13443},"mean_fit_time":{"0":14.5959065914,"1":14.8212373734,"2":25.515017271,"3":25.2444780827,"4":15.7202652454,"5":15.4323076725,"6":27.1656376362,"7":28.0715736866,"8":16.3054860115,"9":28.1507912159,"10":28.7673583031},"std_fit_time":{"0":0.3931539837,"1":0.2845308932,"2":0.5811203757,"3":0.2401617308,"4":0.3192191419,"5":0.6406729332,"6":0.2587980835,"7":0.5367703037,"8":0.27227382,"9":0.1953169832,"10":0.1568489465},"mean_score_time":{"0":0.0007358551,"1":0.0007218361,"2":0.0006829739,"3":0.0006202221,"4":0.000837183,"5":0.0008573532,"6":0.0007640839,"7":0.0007726192,"8":0.001163578,"9":0.0008945465,"10":0.0009107113},"std_score_time":{"0":0.0000140611,"1":0.0000532887,"2":0.0000780334,"3":0.0000107088,"4":0.0001565967,"5":0.0000957117,"6":0.0000196567,"7":0.0000136,"8":0.0001158263,"9":0.0000608331,"10":0.0000522522},"param_parsimony_coefficient":{"0":0.025,"1":0.025,"2":0.025,"3":0.025,"4":0.01,"5":0.01,"6":0.01,"7":0.01,"8":0.01,"9":0.01,"10":0.01},"param_population_size":{"0":500,"1":500,"2":1000,"3":1000,"4":500,"5":500,"6":1000,"7":1000,"8":500,"9":1000,"10":1000},"param_tournament_size":{"0":15,"1":30,"2":15,"3":30,"4":15,"5":30,"6":15,"7":30,"8":15,"9":15,"10":30},"params":{"0":{"parsimony_coefficient":0.025,"population_size":500,"tournament_size":15},"1":{"parsimony_coefficient":0.025,"population_size":500,"tournament_size":30},"2":{"parsimony_coefficient":0.025,"population_size":1000,"tournament_size":15},"3":{"parsimony_coefficient":0.025,"population_size":1000,"tournament_size":30},"4":{"parsimony_coefficient":0.01,"population_size":500,"tournament_size":15},"5":{"parsimony_coefficient":0.01,"population_size":500,"tournament_size":30},"6":{"parsimony_coefficient":0.01,"population_size":1000,"tournament_size":15},"7":{"parsimony_coefficient":0.01,"population_size":1000,"tournament_size":30},"8":{"parsimony_coefficient":0.01,"population_size":500,"tournament_size":15},"9":{"parsimony_coefficient":0.01,"population_size":1000,"tournament_size":15},"10":{"parsimony_coefficient":0.01,"population_size":1000,"tournament_size":30}},"split0_test_score":{"0":0.8549107143,"1":0.8895089286,"2":0.8549107143,"3":0.8549107143,"4":0.8917410714,"5":0.8549107143,"6":0.8917410714,"7":0.8950892857,"8":0.888764881,"9":0.888764881,"10":0.8921130952},"split1_test_score":{"0":0.8348214286,"1":0.8348214286,"2":0.8348214286,"3":0.8348214286,"4":0.8895089286,"5":0.8839285714,"6":0.8839285714,"7":0.875,"8":0.8813244048,"9":0.8813244048,"10":0.8824404762},"split2_test_score":{"0":0.8537946429,"1":0.8973214286,"2":0.8537946429,"3":0.8504464286,"4":0.8973214286,"5":0.8504464286,"6":0.8973214286,"7":0.9029017857,"8":0.8921130952,"9":0.8921130952,"10":0.8995535714},"split3_test_score":{"0":0.8470982143,"1":0.8470982143,"2":0.8470982143,"3":0.8470982143,"4":0.8805803571,"5":0.9029017857,"6":0.8895089286,"7":0.8895089286,"8":0.8831845238,"9":0.8831845238,"10":0.8913690476},"split4_test_score":{"0":0.84375,"1":0.84375,"2":0.84375,"3":0.84375,"4":0.9006696429,"5":0.9006696429,"6":0.9006696429,"7":0.9073660714,"8":0.8962053571,"9":0.8962053571,"10":0.8980654762},"mean_test_score":{"0":0.846875,"1":0.8625,"2":0.846875,"3":0.8462053571,"4":0.8919642857,"5":0.8785714286,"6":0.8926339286,"7":0.8939732143,"8":0.8883184524,"9":0.8883184524,"10":0.8927083333},"std_test_score":{"0":0.007315165,"1":0.0256783758,"2":0.007315165,"3":0.0067851269,"4":0.0069304351,"5":0.0221803578,"6":0.0058803303,"7":0.0113158856,"8":0.0055149942,"9":0.0055149942,"10":0.0060519939},"rank_test_score":{"0":9,"1":8,"2":9,"3":11,"4":4,"5":7,"6":3,"7":1,"8":5,"9":5,"10":2},"split0_train_score":{"0":0.8429129464,"1":0.8853236607,"2":0.8429129464,"3":0.8429129464,"4":0.8881138393,"5":0.8429129464,"6":0.8881138393,"7":0.89453125,"8":0.8882276362,"9":0.8882276362,"10":0.892877069},"split1_train_score":{"0":0.849609375,"1":0.849609375,"2":0.849609375,"3":0.849609375,"4":0.8909040179,"5":0.89453125,"6":0.89453125,"7":0.8973214286,"8":0.8900874093,"9":0.8900874093,"10":0.895294774},"split2_train_score":{"0":0.8390066964,"1":0.8800223214,"2":0.8390066964,"3":0.8429129464,"4":0.884765625,"5":0.8429129464,"6":0.884765625,"7":0.8881138393,"8":0.8873907383,"9":0.8873907383,"10":0.8910172959},"split3_train_score":{"0":0.8498883929,"1":0.8498883929,"2":0.8498883929,"3":0.8498883929,"4":0.8775111607,"5":0.900390625,"6":0.890625,"7":0.890625,"8":0.8896224661,"9":0.8896224661,"10":0.893156035},"split4_train_score":{"0":0.853515625,"1":0.853515625,"2":0.853515625,"3":0.853515625,"4":0.8881138393,"5":0.8881138393,"6":0.8881138393,"7":0.8942522321,"8":0.8864608518,"9":0.8864608518,"10":0.8913892505},"mean_train_score":{"0":0.8469866071,"1":0.863671875,"2":0.8469866071,"3":0.8477678571,"4":0.8858816964,"5":0.8737723214,"6":0.8892299107,"7":0.89296875,"8":0.8883578203,"9":0.8883578203,"10":0.8927468849},"std_train_score":{"0":0.0052573954,"1":0.0156654053,"2":0.0052573954,"3":0.0041967847,"4":0.0046151949,"5":0.0254941106,"6":0.0032394922,"7":0.0032279364,"8":0.0013521459,"9":0.0013521459,"10":0.0015172831}}