{"iter":{"0":0,"1":0,"2":0,"3":0,"4":0,"5":0,"6":0,"7":0,"8":1,"9":1,"10":1},"n_resources":{"0":4481,"1":4481,"2":4481,"3":4481,"4":4481,"5":4481,"6":4481,"7":4481,"8":13443,"9":13443,"10":13443},"mean_fit_time":{"0":14.9356853008,"1":14.7588022709,"2":25.5965467453,"3":25.7690292358,"4":15.4975831032,"5":15.8067346096,"6":27.3722194195,"7":28.2835055351,"8":16.4450105667,"9":28.371735239,"10":29.2268712997},"std_fit_time":{"0":0.2337899516,"1":0.2316345874,"2":0.3692010717,"3":0.514101062,"4":0.1474684608,"5":0.2523946219,"6":0.1610671321,"7":0.1265949421,"8":0.1042779901,"9":0.2243143245,"10":0.1531724015},"mean_score_time":{"0":0.0007248878,"1":0.0007017612,"2":0.0006696701,"3":0.0006477356,"4":0.0008732319,"5":0.0008054733,"6":0.0007137299,"7":0.0006913185,"8":0.0011491776,"9":0.0008481979,"10":0.0009074688},"std_score_time":{"0":0.0000235852,"1":0.0000503305,"2":0.0000541976,"3":0.0000281719,"4":0.0000808176,"5":0.0000968147,"6":0.0000668131,"7":0.0000546599,"8":0.0000723571,"9":0.0000973243,"10":0.0000604874},"param_parsimony_coefficient":{"0":0.025,"1":0.025,"2":0.025,"3":0.025,"4":0.01,"5":0.01,"6":0.01,"7":0.01,"8":0.01,"9":0.01,"10":0.01},"param_population_size":{"0":500,"1":500,"2":1000,"3":1000,"4":500,"5":500,"6":1000,"7":1000,"8":500,"9":1000,"10":1000},"param_tournament_size":{"0":15,"1":30,"2":15,"3":30,"4":15,"5":30,"6":15,"7":30,"8":15,"9":15,"10":30},"params":{"0":{"parsimony_coefficient":0.025,"population_size":500,"tournament_size":15},"1":{"parsimony_coefficient":0.025,"population_size":500,"tournament_size":30},"2":{"parsimony_coefficient":0.025,"population_size":1000,"tournament_size":15},"3":{"parsimony_coefficient":0.025,"population_size":1000,"tournament_size":30},"4":{"parsimony_coefficient":0.01,"population_size":500,"tournament_size":15},"5":{"parsimony_coefficient":0.01,"population_size":500,"tournament_size":30},"6":{"parsimony_coefficient":0.01,"population_size":1000,"tournament_size":15},"7":{"parsimony_coefficient":0.01,"population_size":1000,"tournament_size":30},"8":{"parsimony_coefficient":0.01,"population_size":500,"tournament_size":15},"9":{"parsimony_coefficient":0.01,"population_size":1000,"tournament_size":15},"10":{"parsimony_coefficient":0.01,"population_size":1000,"tournament_size":30}},"split0_test_score":{"0":0.8493303571,"1":0.8493303571,"2":0.8493303571,"3":0.8493303571,"4":0.8928571429,"5":0.8694196429,"6":0.8928571429,"7":0.8939732143,"8":0.8943452381,"9":0.8943452381,"10":0.8962053571},"split1_test_score":{"0":0.8404017857,"1":0.8404017857,"2":0.8404017857,"3":0.8404017857,"4":0.8816964286,"5":0.8816964286,"6":0.8816964286,"7":0.8850446429,"8":0.8854166667,"9":0.8854166667,"10":0.8898809524},"split2_test_score":{"0":0.84375,"1":0.8805803571,"2":0.84375,"3":0.8582589286,"4":0.8816964286,"5":0.8772321429,"6":0.8816964286,"7":0.8973214286,"8":0.8857886905,"9":0.8857886905,"10":0.8917410714},"split3_test_score":{"0":0.8415178571,"1":0.8415178571,"2":0.8415178571,"3":0.8415178571,"4":0.8939732143,"5":0.9029017857,"6":0.9029017857,"7":0.8950892857,"8":0.8883928571,"9":0.8883928571,"10":0.8962053571},"split4_test_score":{"0":0.84375,"1":0.84375,"2":0.84375,"3":0.8482142857,"4":0.8950892857,"5":0.9006696429,"6":0.9006696429,"7":0.9029017857,"8":0.8988095238,"9":0.8988095238,"10":0.9029017857},"mean_test_score":{"0":0.84375,"1":0.8511160714,"2":0.84375,"3":0.8475446429,"4":0.8890625,"5":0.8863839286,"6":0.8919642857,"7":0.8948660714,"8":0.8905505952,"9":0.8905505952,"10":0.8953869048},"std_test_score":{"0":0.0030767966,"1":0.015050007,"2":0.0030767966,"3":0.0064152267,"4":0.0060556518,"5":0.0131942113,"6":0.0090229388,"7":0.0057949799,"8":0.0052210729,"9":0.0052210729,"10":0.0045037934},"rank_test_score":{"0":10,"1":8,"2":10,"3":9,"4":6,"5":7,"6":3,"7":2,"8":4,"9":4,"10":1},"split0_train_score":{"0":0.8434709821,"1":0.8434709821,"2":0.8434709821,"3":0.8434709821,"4":0.8842075893,"5":0.87109375,"6":0.8842075893,"7":0.8934151786,"8":0.8895294774,"9":0.8895294774,"10":0.8947368421},"split1_train_score":{"0":0.8521205357,"1":0.8521205357,"2":0.8521205357,"3":0.8521205357,"4":0.8897879464,"5":0.8897879464,"6":0.8897879464,"7":0.8976004464,"8":0.8918541938,"9":0.8918541938,"10":0.8972475358},"split2_train_score":{"0":0.8526785714,"1":0.8791852679,"2":0.8526785714,"3":0.8515625,"4":0.8883928571,"5":0.8716517857,"6":0.8883928571,"7":0.8928571429,"8":0.8916682165,"9":0.8916682165,"10":0.8966896039},"split3_train_score":{"0":0.8473772321,"1":0.8473772321,"2":0.8473772321,"3":0.8473772321,"4":0.8872767857,"5":0.892578125,"6":0.892578125,"7":0.8931361607,"8":0.8911102845,"9":0.8911102845,"10":0.8947368421},"split4_train_score":{"0":0.8448660714,"1":0.8448660714,"2":0.8448660714,"3":0.8451450893,"4":0.8814174107,"5":0.8869977679,"6":0.8869977679,"7":0.8934151786,"8":0.8884136135,"9":0.8884136135,"10":0.8929700577},"mean_train_score":{"0":0.8481026786,"1":0.8534040179,"2":0.8481026786,"3":0.8479352679,"4":0.8862165179,"5":0.882421875,"6":0.8883928571,"7":0.8940848214,"8":0.8905151572,"9":0.8905151572,"10":0.8952761763},"std_train_score":{"0":0.0037292488,"1":0.0132227384,"2":0.0037292488,"3":0.0034263575,"4":0.0030226791,"5":0.0091942205,"6":0.0027901786,"7":0.0017699499,"8":0.0013315248,"9":0.0013315248,"10":0.0015351861}}