{"iter":{"0":0,"1":0,"2":0,"3":0,"4":0,"5":0,"6":0,"7":0,"8":1,"9":1,"10":1},"n_resources":{"0":4481,"1":4481,"2":4481,"3":4481,"4":4481,"5":4481,"6":4481,"7":4481,"8":13443,"9":13443,"10":13443},"mean_fit_time":{"0":15.0007021427,"1":14.882336092,"2":25.3300796032,"3":25.7116885185,"4":15.8026307106,"5":15.3918045521,"6":27.1598282337,"7":27.5899270058,"8":29.1136974335,"9":16.1501000404,"10":28.2130565643},"std_fit_time":{"0":0.2820790802,"1":0.433246527,"2":0.3063323097,"3":0.3303283594,"4":0.2839221937,"5":0.3097918143,"6":0.329403634,"7":1.0355684239,"8":0.4421791285,"9":0.1834984651,"10":0.2217965722},"mean_score_time":{"0":0.000701189,"1":0.0007080078,"2":0.0006289959,"3":0.0006313324,"4":0.0007071495,"5":0.0007721424,"6":0.0006896496,"7":0.0007342815,"8":0.0009088993,"9":0.0010971546,"10":0.0008892059},"std_score_time":{"0":0.0000530474,"1":0.0000630561,"2":0.0000105157,"3":0.0000056339,"4":0.0000799491,"5":0.0001229059,"6":0.0000707115,"7":0.0000479527,"8":0.0000661886,"9":0.0001171236,"10":0.0000963953},"param_parsimony_coefficient":{"0":0.025,"1":0.025,"2":0.025,"3":0.025,"4":0.01,"5":0.01,"6":0.01,"7":0.01,"8":0.01,"9":0.01,"10":0.01},"param_population_size":{"0":500,"1":500,"2":1000,"3":1000,"4":500,"5":500,"6":1000,"7":1000,"8":1000,"9":500,"10":1000},"param_tournament_size":{"0":15,"1":30,"2":15,"3":30,"4":15,"5":30,"6":15,"7":30,"8":30,"9":15,"10":15},"params":{"0":{"parsimony_coefficient":0.025,"population_size":500,"tournament_size":15},"1":{"parsimony_coefficient":0.025,"population_size":500,"tournament_size":30},"2":{"parsimony_coefficient":0.025,"population_size":1000,"tournament_size":15},"3":{"parsimony_coefficient":0.025,"population_size":1000,"tournament_size":30},"4":{"parsimony_coefficient":0.01,"population_size":500,"tournament_size":15},"5":{"parsimony_coefficient":0.01,"population_size":500,"tournament_size":30},"6":{"parsimony_coefficient":0.01,"population_size":1000,"tournament_size":15},"7":{"parsimony_coefficient":0.01,"population_size":1000,"tournament_size":30},"8":{"parsimony_coefficient":0.01,"population_size":1000,"tournament_size":30},"9":{"parsimony_coefficient":0.01,"population_size":500,"tournament_size":15},"10":{"parsimony_coefficient":0.01,"population_size":1000,"tournament_size":15}},"split0_test_score":{"0":0.8415178571,"1":0.8415178571,"2":0.8415178571,"3":0.8381696429,"4":0.8649553571,"5":0.8649553571,"6":0.8649553571,"7":0.8738839286,"8":0.8954613095,"9":0.8883928571,"10":0.8883928571},"split1_test_score":{"0":0.8337053571,"1":0.8337053571,"2":0.8337053571,"3":0.8337053571,"4":0.8805803571,"5":0.8962053571,"6":0.8895089286,"7":0.8370535714,"8":0.8869047619,"9":0.8828125,"10":0.8828125},"split2_test_score":{"0":0.8671875,"1":0.8872767857,"2":0.8671875,"3":0.8459821429,"4":0.8928571429,"5":0.8671875,"6":0.8928571429,"7":0.8984375,"8":0.8813244048,"9":0.8898809524,"10":0.8898809524},"split3_test_score":{"0":0.8459821429,"1":0.8459821429,"2":0.8459821429,"3":0.8459821429,"4":0.8828125,"5":0.8973214286,"6":0.8895089286,"7":0.8895089286,"8":0.8932291667,"9":0.8869047619,"10":0.8869047619},"split4_test_score":{"0":0.8515625,"1":0.8515625,"2":0.8515625,"3":0.8515625,"4":0.9006696429,"5":0.8482142857,"6":0.9006696429,"7":0.9029017857,"8":0.8988095238,"9":0.8999255952,"10":0.8999255952},"mean_test_score":{"0":0.8479910714,"1":0.8520089286,"2":0.8479910714,"3":0.8430803571,"4":0.884375,"5":0.8747767857,"6":0.8875,"7":0.8803571429,"8":0.8911458333,"9":0.8895833333,"10":0.8895833333},"std_test_score":{"0":0.0112363508,"1":0.0185764717,"2":0.0112363508,"3":0.0063370846,"4":0.0120948368,"5":0.0191157983,"6":0.0119872514,"7":0.0238160333,"8":0.0062632725,"9":0.0056830823,"10":0.0056830823},"rank_test_score":{"0":9,"1":8,"2":9,"3":11,"4":5,"5":7,"6":4,"7":6,"8":1,"9":2,"10":2},"split0_train_score":{"0":0.8415178571,"1":0.8415178571,"2":0.8415178571,"3":0.8563058036,"4":0.8998325893,"5":0.8998325893,"6":0.8998325893,"7":0.90234375,"8":0.893156035,"9":0.8898084434,"10":0.8898084434},"split1_train_score":{"0":0.8448660714,"1":0.8448660714,"2":0.8448660714,"3":0.8448660714,"4":0.8928571429,"5":0.9051339286,"6":0.8953683036,"7":0.8551897321,"8":0.8965036266,"9":0.8912032732,"10":0.8912032732},"split2_train_score":{"0":0.8404017857,"1":0.8853236607,"2":0.8404017857,"3":0.8415178571,"4":0.8911830357,"5":0.8404017857,"6":0.8911830357,"7":0.8909040179,"8":0.8793007253,"9":0.8894364887,"10":0.8894364887},"split3_train_score":{"0":0.8484933036,"1":0.8484933036,"2":0.8484933036,"3":0.8484933036,"4":0.8914620536,"5":0.9034598214,"6":0.8931361607,"7":0.8931361607,"8":0.8937139669,"9":0.890180398,"10":0.890180398},"split4_train_score":{"0":0.8359375,"1":0.8359375,"2":0.8359375,"3":0.8359375,"4":0.8853236607,"5":0.84375,"6":0.8853236607,"7":0.8922991071,"8":0.8924121257,"9":0.8870187837,"10":0.8870187837},"mean_train_score":{"0":0.8422433036,"1":0.8512276786,"2":0.8422433036,"3":0.8454241071,"4":0.8921316964,"5":0.878515625,"6":0.89296875,"7":0.8867745536,"8":0.8910172959,"9":0.8895294774,"10":0.8895294774},"std_train_score":{"0":0.0042337225,"1":0.017541682,"2":0.0042337225,"3":0.0068322352,"4":0.0046374077,"5":0.0298210443,"6":0.004786112,"7":0.0162975092,"8":0.0060194624,"9":0.0013867474,"10":0.0013867474}}