{"iter":{"0":0,"1":0,"2":0,"3":0,"4":0,"5":0,"6":0,"7":0,"8":1,"9":1,"10":1},"n_resources":{"0":4552,"1":4552,"2":4552,"3":4552,"4":4552,"5":4552,"6":4552,"7":4552,"8":13656,"9":13656,"10":13656},"mean_fit_time":{"0":15.6310894012,"1":15.2407329559,"2":26.6699624062,"3":26.3943367004,"4":15.7351483822,"5":16.1180560589,"6":28.5902573586,"7":28.5876451492,"8":16.2621743679,"9":29.0907624722,"10":29.6166980267},"std_fit_time":{"0":0.2364750816,"1":0.2830210324,"2":0.5051860183,"3":0.3058461217,"4":0.6605105849,"5":0.5105751677,"6":0.1717807736,"7":0.2735172635,"8":0.1847366758,"9":0.2585113002,"10":0.1949025539},"mean_score_time":{"0":0.0007242203,"1":0.0007940292,"2":0.0006676674,"3":0.0006280899,"4":0.0007492065,"5":0.0007786274,"6":0.0007088184,"7":0.0006929874,"8":0.0009951115,"9":0.0008234978,"10":0.0009141445},"std_score_time":{"0":0.0000573916,"1":0.0001113102,"2":0.0000400948,"3":0.0000154554,"4":0.0000219928,"5":0.0001630762,"6":0.0000467857,"7":0.0000543453,"8":0.0001475973,"9":0.0000656092,"10":0.0000681207},"param_parsimony_coefficient":{"0":0.025,"1":0.025,"2":0.025,"3":0.025,"4":0.01,"5":0.01,"6":0.01,"7":0.01,"8":0.025,"9":0.01,"10":0.01},"param_population_size":{"0":500,"1":500,"2":1000,"3":1000,"4":500,"5":500,"6":1000,"7":1000,"8":500,"9":1000,"10":1000},"param_tournament_size":{"0":15,"1":30,"2":15,"3":30,"4":15,"5":30,"6":15,"7":30,"8":15,"9":15,"10":30},"params":{"0":{"parsimony_coefficient":0.025,"population_size":500,"tournament_size":15},"1":{"parsimony_coefficient":0.025,"population_size":500,"tournament_size":30},"2":{"parsimony_coefficient":0.025,"population_size":1000,"tournament_size":15},"3":{"parsimony_coefficient":0.025,"population_size":1000,"tournament_size":30},"4":{"parsimony_coefficient":0.01,"population_size":500,"tournament_size":15},"5":{"parsimony_coefficient":0.01,"population_size":500,"tournament_size":30},"6":{"parsimony_coefficient":0.01,"population_size":1000,"tournament_size":15},"7":{"parsimony_coefficient":0.01,"population_size":1000,"tournament_size":30},"8":{"parsimony_coefficient":0.025,"population_size":500,"tournament_size":15},"9":{"parsimony_coefficient":0.01,"population_size":1000,"tournament_size":15},"10":{"parsimony_coefficient":0.01,"population_size":1000,"tournament_size":30}},"split0_test_score":{"0":0.8626373626,"1":0.756043956,"2":0.7989010989,"3":0.756043956,"4":0.8868131868,"5":0.8725274725,"6":0.8868131868,"7":0.8868131868,"8":0.8645184914,"9":0.8798974735,"10":0.8707433175},"split1_test_score":{"0":0.8582417582,"1":0.7758241758,"2":0.7956043956,"3":0.7758241758,"4":0.7758241758,"5":0.8824175824,"6":0.8615384615,"7":0.8824175824,"8":0.8586598316,"9":0.86854632,"10":0.8879531307},"split2_test_score":{"0":0.8571428571,"1":0.7791208791,"2":0.8571428571,"3":0.7791208791,"4":0.8725274725,"5":0.878021978,"6":0.8703296703,"7":0.8681318681,"8":0.8512820513,"9":0.8879120879,"10":0.858974359},"split3_test_score":{"0":0.8637362637,"1":0.7747252747,"2":0.8637362637,"3":0.7747252747,"4":0.7747252747,"5":0.8318681319,"6":0.8747252747,"7":0.8934065934,"8":0.856043956,"9":0.8857142857,"10":0.8857142857},"split4_test_score":{"0":0.8538461538,"1":0.756043956,"2":0.7868131868,"3":0.756043956,"4":0.7274725275,"5":0.7274725275,"6":0.8868131868,"7":0.8868131868,"8":0.856043956,"9":0.8659340659,"10":0.8600732601},"mean_test_score":{"0":0.8591208791,"1":0.7683516484,"2":0.8204395604,"3":0.7683516484,"4":0.8074725275,"5":0.8384615385,"6":0.876043956,"7":0.8835164835,"8":0.8573096573,"9":0.8776008466,"10":0.8726916706},"std_test_score":{"0":0.00363801,"1":0.0101527995,"2":0.0329641024,"3":0.0101527995,"4":0.0616459031,"5":0.0583432663,"6":0.0097647736,"7":0.0084551139,"8":0.0043203308,"9":0.0088940689,"10":0.0122775052},"rank_test_score":{"0":5,"1":10,"2":8,"3":10,"4":9,"5":7,"6":3,"7":1,"8":6,"9":2,"10":4},"split0_train_score":{"0":0.8547102444,"1":0.772315298,"2":0.7962098325,"3":0.772315298,"4":0.8854710244,"5":0.86157649,"6":0.8854710244,"7":0.8854710244,"8":0.8555474185,"9":0.8691871109,"10":0.8630538264},"split1_train_score":{"0":0.8525130459,"1":0.7811040923,"2":0.7929140346,"3":0.7811040923,"4":0.7811040923,"5":0.887668223,"6":0.8742103818,"7":0.887668223,"8":0.8570120835,"9":0.8720248993,"10":0.8907909191},"split2_train_score":{"0":0.8544355946,"1":0.7725899478,"2":0.8544355946,"3":0.7725899478,"4":0.8819005768,"5":0.8882175227,"6":0.8632243889,"7":0.8643229882,"8":0.8588558352,"9":0.8908009153,"10":0.862791762},"split3_train_score":{"0":0.8549848943,"1":0.783026641,"2":0.8549848943,"3":0.783026641,"4":0.783026641,"5":0.8313650096,"6":0.8775061796,"7":0.8939851689,"8":0.8576659039,"9":0.8913501144,"10":0.8913501144},"split4_train_score":{"0":0.8574567427,"1":0.7772589948,"2":0.7981323812,"3":0.7772589948,"4":0.7374347707,"5":0.7374347707,"6":0.8934358693,"7":0.8934358693,"8":0.8576659039,"9":0.8621510297,"10":0.8616933638},"mean_train_score":{"0":0.8548201044,"1":0.7772589948,"2":0.8193353474,"3":0.7772589948,"4":0.813787421,"5":0.8412524032,"6":0.8787695688,"7":0.8849766548,"8":0.857349429,"9":0.8771028139,"10":0.8739359972},"std_train_score":{"0":0.001578699,"1":0.004342595,"2":0.0289321915,"3":0.004342595,"4":0.0593668152,"5":0.0559447596,"6":0.0102376251,"7":0.0108330469,"8":0.0010798719,"9":0.011854307,"10":0.0139988397}}