{"iter":{"0":0,"1":0,"2":0,"3":0,"4":0,"5":0,"6":0,"7":0,"8":1,"9":1,"10":1},"n_resources":{"0":4552,"1":4552,"2":4552,"3":4552,"4":4552,"5":4552,"6":4552,"7":4552,"8":13656,"9":13656,"10":13656},"mean_fit_time":{"0":15.9792271614,"1":15.368675375,"2":26.4965265751,"3":26.2028123856,"4":15.6150616646,"5":15.7020271778,"6":28.4388786316,"7":28.7375357151,"8":16.3212669373,"9":29.5457396984,"10":29.3515861511},"std_fit_time":{"0":0.1092630306,"1":0.1801660274,"2":0.3964646945,"3":0.2933101142,"4":0.341496126,"5":0.3624298083,"6":0.3178235768,"7":0.129240888,"8":0.2446004875,"9":0.3082282512,"10":0.3084441122},"mean_score_time":{"0":0.0007534981,"1":0.0007165432,"2":0.0006630898,"3":0.0006347656,"4":0.0007663727,"5":0.000824976,"6":0.0007277966,"7":0.0007171154,"8":0.0009077549,"9":0.0009117126,"10":0.0009341717},"std_score_time":{"0":0.0000727983,"1":0.0000495719,"2":0.0000410704,"3":0.0000236684,"4":0.0000420073,"5":0.0001063219,"6":0.0000476927,"7":0.0000738784,"8":0.0001339339,"9":0.0000709297,"10":0.0000188941},"param_parsimony_coefficient":{"0":0.025,"1":0.025,"2":0.025,"3":0.025,"4":0.01,"5":0.01,"6":0.01,"7":0.01,"8":0.025,"9":0.01,"10":0.01},"param_population_size":{"0":500,"1":500,"2":1000,"3":1000,"4":500,"5":500,"6":1000,"7":1000,"8":500,"9":1000,"10":1000},"param_tournament_size":{"0":15,"1":30,"2":15,"3":30,"4":15,"5":30,"6":15,"7":30,"8":15,"9":15,"10":30},"params":{"0":{"parsimony_coefficient":0.025,"population_size":500,"tournament_size":15},"1":{"parsimony_coefficient":0.025,"population_size":500,"tournament_size":30},"2":{"parsimony_coefficient":0.025,"population_size":1000,"tournament_size":15},"3":{"parsimony_coefficient":0.025,"population_size":1000,"tournament_size":30},"4":{"parsimony_coefficient":0.01,"population_size":500,"tournament_size":15},"5":{"parsimony_coefficient":0.01,"population_size":500,"tournament_size":30},"6":{"parsimony_coefficient":0.01,"population_size":1000,"tournament_size":15},"7":{"parsimony_coefficient":0.01,"population_size":1000,"tournament_size":30},"8":{"parsimony_coefficient":0.025,"population_size":500,"tournament_size":15},"9":{"parsimony_coefficient":0.01,"population_size":1000,"tournament_size":15},"10":{"parsimony_coefficient":0.01,"population_size":1000,"tournament_size":30}},"split0_test_score":{"0":0.8703296703,"1":0.7714285714,"2":0.7912087912,"3":0.7714285714,"4":0.7714285714,"5":0.7714285714,"6":0.8736263736,"7":0.8736263736,"8":0.8648846576,"9":0.8689124863,"10":0.8670816551},"split1_test_score":{"0":0.8461538462,"1":0.7802197802,"2":0.7967032967,"3":0.7802197802,"4":0.7802197802,"5":0.7802197802,"6":0.8505494505,"7":0.8450549451,"8":0.8597583303,"9":0.8707433175,"10":0.860856829},"split2_test_score":{"0":0.8450549451,"1":0.7945054945,"2":0.8450549451,"3":0.7945054945,"4":0.7461538462,"5":0.8505494505,"6":0.8505494505,"7":0.8703296703,"8":0.8527472527,"9":0.8652014652,"10":0.8648351648},"split3_test_score":{"0":0.8450549451,"1":0.7648351648,"2":0.7736263736,"3":0.7648351648,"4":0.7648351648,"5":0.7648351648,"6":0.8593406593,"7":0.8769230769,"8":0.852014652,"9":0.8564102564,"10":0.856043956},"split4_test_score":{"0":0.867032967,"1":0.7758241758,"2":0.7945054945,"3":0.7758241758,"4":0.7758241758,"5":0.7758241758,"6":0.910989011,"7":0.910989011,"8":0.863003663,"9":0.8663003663,"10":0.867032967},"mean_test_score":{"0":0.8547252747,"1":0.7773626374,"2":0.8002197802,"3":0.7773626374,"4":0.7676923077,"5":0.7885714286,"6":0.869010989,"7":0.8753846154,"8":0.8584817111,"9":0.8655135783,"10":0.8631701144},"std_test_score":{"0":0.0114496846,"1":0.0099655244,"2":0.0238479262,"3":0.0099655244,"4":0.0119087624,"5":0.0314032019,"6":0.0226213536,"7":0.0210645324,"8":0.0052494266,"9":0.0049495387,"10":0.0042220279},"rank_test_score":{"0":6,"1":9,"2":7,"3":9,"4":11,"5":8,"6":2,"7":1,"8":5,"9":3,"10":4},"split0_train_score":{"0":0.8577313925,"1":0.7813787421,"2":0.7827519912,"3":0.7813787421,"4":0.7813787421,"5":0.7813787421,"6":0.8607525405,"7":0.8613018402,"8":0.8569205419,"9":0.8636946174,"10":0.8606737459},"split1_train_score":{"0":0.8533369953,"1":0.7670969514,"2":0.7901675364,"3":0.7670969514,"4":0.7670969514,"5":0.7670969514,"6":0.8604778907,"7":0.8571820928,"8":0.8582021238,"9":0.8725741487,"10":0.8622299524},"split2_train_score":{"0":0.8637736885,"1":0.7811040923,"2":0.8637736885,"3":0.7811040923,"4":0.7423784675,"5":0.8626750893,"6":0.8618511398,"7":0.8720131832,"8":0.8599542334,"9":0.8695652174,"10":0.8648970252},"split3_train_score":{"0":0.8588299918,"1":0.7747871464,"2":0.7956605328,"3":0.7747871464,"4":0.7747871464,"5":0.7747871464,"6":0.8711892337,"7":0.8917879703,"8":0.8601372998,"9":0.866819222,"10":0.8670938215},"split4_train_score":{"0":0.8519637462,"1":0.7734138973,"2":0.7981323812,"3":0.7734138973,"4":0.7734138973,"5":0.7734138973,"6":0.884647075,"7":0.884647075,"8":0.8574828375,"9":0.8577574371,"10":0.859771167},"mean_train_score":{"0":0.8571271629,"1":0.7755561659,"2":0.806097226,"3":0.7755561659,"4":0.7678110409,"5":0.7918703653,"6":0.8677835759,"7":0.8733864323,"8":0.8585394073,"9":0.8660821285,"10":0.8629331424},"std_train_score":{"0":0.0042063586,"1":0.0053182873,"2":0.0293178875,"3":0.0053182873,"4":0.013501602,"5":0.0356919675,"6":0.0093164199,"7":0.013235728,"8":0.0012965969,"9":0.0050955321,"10":0.0027116609}}