{"iter":{"0":0,"1":0,"2":0,"3":0,"4":0,"5":0,"6":0,"7":0,"8":1,"9":1,"10":1},"n_resources":{"0":4552,"1":4552,"2":4552,"3":4552,"4":4552,"5":4552,"6":4552,"7":4552,"8":13656,"9":13656,"10":13656},"mean_fit_time":{"0":15.7283243179,"1":15.1771535397,"2":26.722730732,"3":26.2921969891,"4":15.5162879944,"5":15.944060564,"6":28.5557741642,"7":28.2988144398,"8":16.2454698563,"9":29.3433760166,"10":29.6939967632},"std_fit_time":{"0":0.3675605952,"1":0.2356399794,"2":0.7571204225,"3":0.2966007197,"4":0.3010347697,"5":0.2760622185,"6":0.5950208263,"7":0.8127297034,"8":0.2974084387,"9":0.1773565485,"10":0.1261220126},"mean_score_time":{"0":0.0008328438,"1":0.0007287979,"2":0.0006491184,"3":0.0006527424,"4":0.0006922722,"5":0.0008513927,"6":0.0007452488,"7":0.0007211208,"8":0.0009608746,"9":0.0009262085,"10":0.000963974},"std_score_time":{"0":0.0000858735,"1":0.0000249834,"2":0.0000275208,"3":0.0000443854,"4":0.000096516,"5":0.0001494105,"6":0.0000546723,"7":0.0000521662,"8":0.0001822834,"9":0.0000497411,"10":0.000019116},"param_parsimony_coefficient":{"0":0.025,"1":0.025,"2":0.025,"3":0.025,"4":0.01,"5":0.01,"6":0.01,"7":0.01,"8":0.025,"9":0.01,"10":0.01},"param_population_size":{"0":500,"1":500,"2":1000,"3":1000,"4":500,"5":500,"6":1000,"7":1000,"8":500,"9":1000,"10":1000},"param_tournament_size":{"0":15,"1":30,"2":15,"3":30,"4":15,"5":30,"6":15,"7":30,"8":15,"9":30,"10":15},"params":{"0":{"parsimony_coefficient":0.025,"population_size":500,"tournament_size":15},"1":{"parsimony_coefficient":0.025,"population_size":500,"tournament_size":30},"2":{"parsimony_coefficient":0.025,"population_size":1000,"tournament_size":15},"3":{"parsimony_coefficient":0.025,"population_size":1000,"tournament_size":30},"4":{"parsimony_coefficient":0.01,"population_size":500,"tournament_size":15},"5":{"parsimony_coefficient":0.01,"population_size":500,"tournament_size":30},"6":{"parsimony_coefficient":0.01,"population_size":1000,"tournament_size":15},"7":{"parsimony_coefficient":0.01,"population_size":1000,"tournament_size":30},"8":{"parsimony_coefficient":0.025,"population_size":500,"tournament_size":15},"9":{"parsimony_coefficient":0.01,"population_size":1000,"tournament_size":30},"10":{"parsimony_coefficient":0.01,"population_size":1000,"tournament_size":15}},"split0_test_score":{"0":0.8725274725,"1":0.778021978,"2":0.8010989011,"3":0.778021978,"4":0.778021978,"5":0.778021978,"6":0.8681318681,"7":0.778021978,"8":0.8612229952,"9":0.8615891615,"10":0.8645184914},"split1_test_score":{"0":0.8692307692,"1":0.7736263736,"2":0.8692307692,"3":0.7736263736,"4":0.7736263736,"5":0.8274725275,"6":0.8791208791,"7":0.9021978022,"8":0.8582936653,"9":0.860856829,"10":0.8648846576},"split2_test_score":{"0":0.8703296703,"1":0.7934065934,"2":0.8703296703,"3":0.7934065934,"4":0.7934065934,"5":0.8351648352,"6":0.889010989,"7":0.9,"8":0.8512820513,"9":0.8615384615,"10":0.8641025641},"split3_test_score":{"0":0.8648351648,"1":0.7912087912,"2":0.8648351648,"3":0.7912087912,"4":0.7912087912,"5":0.7912087912,"6":0.867032967,"7":0.8824175824,"8":0.8604395604,"9":0.8875457875,"10":0.8703296703},"split4_test_score":{"0":0.7626373626,"1":0.7626373626,"2":0.7923076923,"3":0.7626373626,"4":0.7626373626,"5":0.8241758242,"6":0.8472527473,"7":0.8472527473,"8":0.8578754579,"9":0.8608058608,"10":0.863003663},"mean_test_score":{"0":0.8479120879,"1":0.7797802198,"2":0.8395604396,"3":0.7797802198,"4":0.7797802198,"5":0.8112087912,"6":0.8701098901,"7":0.861978022,"8":0.857822746,"9":0.8664672201,"10":0.8653678093},"std_test_score":{"0":0.0427109369,"1":0.0114116527,"2":0.0351510962,"3":0.0114116527,"4":0.0114116527,"5":0.022396025,"6":0.0139590721,"7":0.0463606044,"8":0.0035047009,"9":0.0105443976,"10":0.0025598779},"rank_test_score":{"0":6,"1":9,"2":7,"3":9,"4":9,"5":8,"6":1,"7":4,"8":5,"9":2,"10":3},"split0_train_score":{"0":0.8494918978,"1":0.7745124966,"2":0.7962098325,"3":0.7745124966,"4":0.7745124966,"5":0.7745124966,"6":0.8607525405,"7":0.7745124966,"8":0.8569205419,"9":0.8605822043,"10":0.8635115342},"split1_train_score":{"0":0.8640483384,"1":0.7797308432,"2":0.8640483384,"3":0.7797308432,"4":0.7797308432,"5":0.8349354573,"6":0.8761329305,"7":0.8994781653,"8":0.857744416,"9":0.860856829,"10":0.8635115342},"split2_train_score":{"0":0.859928591,"1":0.7780829442,"2":0.859928591,"3":0.7780829442,"4":0.7780829442,"5":0.823125515,"6":0.872287833,"7":0.8912386707,"8":0.8594050343,"9":0.8643478261,"10":0.8694736842},"split3_train_score":{"0":0.852238396,"1":0.7725899478,"2":0.852238396,"3":0.7725899478,"4":0.7725899478,"5":0.7725899478,"6":0.8566327932,"7":0.8904147212,"8":0.8571167048,"9":0.8932723112,"10":0.8679176201},"split4_train_score":{"0":0.7802801428,"1":0.7802801428,"2":0.7973084317,"3":0.7802801428,"4":0.7802801428,"5":0.8330129085,"6":0.8547102444,"7":0.8588299918,"8":0.8577574371,"9":0.860778032,"10":0.8638901602},"mean_train_score":{"0":0.8411974732,"1":0.7770392749,"2":0.8339467179,"3":0.7770392749,"4":0.7770392749,"5":0.807635265,"6":0.8641032683,"7":0.8628948091,"8":0.8577888268,"9":0.8679674405,"10":0.8656609066},"std_train_score":{"0":0.030901901,"1":0.0030006043,"2":0.0306012657,"3":0.0030006043,"4":0.0030006043,"5":0.0281231761,"6":0.0085669615,"7":0.0463185015,"8":0.0008741569,"9":0.0127297148,"10":0.0025300267}}