{"iter":{"0":0,"1":0,"2":0,"3":0,"4":0,"5":0,"6":0,"7":0,"8":1,"9":1,"10":1},"n_resources":{"0":4552,"1":4552,"2":4552,"3":4552,"4":4552,"5":4552,"6":4552,"7":4552,"8":13656,"9":13656,"10":13656},"mean_fit_time":{"0":15.8933136463,"1":15.2576209545,"2":26.573070097,"3":26.3866714478,"4":15.51779356,"5":15.7080582619,"6":28.2243762493,"7":28.4080867767,"8":16.3399833679,"9":29.4465075493,"10":29.0288043976},"std_fit_time":{"0":0.2316152554,"1":0.3420611294,"2":0.5799990708,"3":0.211288909,"4":0.2587657405,"5":0.435618534,"6":0.426117993,"7":0.3935801454,"8":0.2763860056,"9":0.2305955421,"10":0.3854964101},"mean_score_time":{"0":0.0008740425,"1":0.0007448673,"2":0.0007309914,"3":0.0006309509,"4":0.0008213043,"5":0.0007828236,"6":0.0007339478,"7":0.0007041931,"8":0.0010454655,"9":0.0009098053,"10":0.0009232044},"std_score_time":{"0":0.0001129021,"1":0.0000338183,"2":0.0000486021,"3":0.0000153261,"4":0.0000859459,"5":0.0000857868,"6":0.0000519281,"7":0.0000352655,"8":0.0001675132,"9":0.0000689845,"10":0.000075079},"param_parsimony_coefficient":{"0":0.025,"1":0.025,"2":0.025,"3":0.025,"4":0.01,"5":0.01,"6":0.01,"7":0.01,"8":0.025,"9":0.01,"10":0.01},"param_population_size":{"0":500,"1":500,"2":1000,"3":1000,"4":500,"5":500,"6":1000,"7":1000,"8":500,"9":1000,"10":1000},"param_tournament_size":{"0":15,"1":30,"2":15,"3":30,"4":15,"5":30,"6":15,"7":30,"8":15,"9":30,"10":15},"params":{"0":{"parsimony_coefficient":0.025,"population_size":500,"tournament_size":15},"1":{"parsimony_coefficient":0.025,"population_size":500,"tournament_size":30},"2":{"parsimony_coefficient":0.025,"population_size":1000,"tournament_size":15},"3":{"parsimony_coefficient":0.025,"population_size":1000,"tournament_size":30},"4":{"parsimony_coefficient":0.01,"population_size":500,"tournament_size":15},"5":{"parsimony_coefficient":0.01,"population_size":500,"tournament_size":30},"6":{"parsimony_coefficient":0.01,"population_size":1000,"tournament_size":15},"7":{"parsimony_coefficient":0.01,"population_size":1000,"tournament_size":30},"8":{"parsimony_coefficient":0.025,"population_size":500,"tournament_size":15},"9":{"parsimony_coefficient":0.01,"population_size":1000,"tournament_size":30},"10":{"parsimony_coefficient":0.01,"population_size":1000,"tournament_size":15}},"split0_test_score":{"0":0.8692307692,"1":0.789010989,"2":0.8021978022,"3":0.789010989,"4":0.8758241758,"5":0.789010989,"6":0.9043956044,"7":0.9043956044,"8":0.8645184914,"9":0.8674478213,"10":0.8798974735},"split1_test_score":{"0":0.8571428571,"1":0.7824175824,"2":0.7868131868,"3":0.7824175824,"4":0.7824175824,"5":0.8241758242,"6":0.8494505495,"7":0.8901098901,"8":0.8645184914,"9":0.8740388136,"10":0.8740388136},"split2_test_score":{"0":0.843956044,"1":0.778021978,"2":0.843956044,"3":0.778021978,"4":0.778021978,"5":0.8241758242,"6":0.856043956,"7":0.8538461538,"8":0.8505494505,"9":0.8644688645,"10":0.8644688645},"split3_test_score":{"0":0.8681318681,"1":0.7604395604,"2":0.8681318681,"3":0.7604395604,"4":0.8538461538,"5":0.832967033,"6":0.8714285714,"7":0.8043956044,"8":0.8549450549,"9":0.8827838828,"10":0.8827838828},"split4_test_score":{"0":0.8406593407,"1":0.7637362637,"2":0.7824175824,"3":0.7637362637,"4":0.7384615385,"5":0.832967033,"6":0.8648351648,"7":0.8659340659,"8":0.8542124542,"9":0.8637362637,"10":0.8750915751},"mean_test_score":{"0":0.8558241758,"1":0.7747252747,"2":0.8167032967,"3":0.7747252747,"4":0.8057142857,"5":0.8206593407,"6":0.8692307692,"7":0.8637362637,"8":0.8577487885,"9":0.8704951292,"10":0.8752561219},"std_test_score":{"0":0.0118640612,"1":0.0109449667,"2":0.0336658534,"3":0.0109449667,"4":0.0511167404,"5":0.0163052633,"6":0.0191095078,"7":0.0345621429,"8":0.0057245926,"9":0.007139403,"10":0.0062623185},"rank_test_score":{"0":6,"1":10,"2":8,"3":10,"4":9,"5":7,"6":3,"7":4,"8":5,"9":2,"10":1},"split0_train_score":{"0":0.852238396,"1":0.7684702005,"2":0.7929140346,"3":0.7684702005,"4":0.8530623455,"5":0.7684702005,"6":0.8805273277,"7":0.8805273277,"8":0.8560051263,"9":0.8604906628,"10":0.8701025265},"split1_train_score":{"0":0.8555341939,"1":0.7808294425,"2":0.798407031,"3":0.7808294425,"4":0.7808294425,"5":0.8382312551,"6":0.8591046416,"7":0.8959077177,"8":0.8560051263,"9":0.8715671915,"10":0.8715671915},"split2_train_score":{"0":0.8689920352,"1":0.776984345,"2":0.8689920352,"3":0.776984345,"4":0.776984345,"5":0.8390552046,"6":0.872287833,"7":0.872287833,"8":0.8594965675,"9":0.8724942792,"10":0.8724942792},"split3_train_score":{"0":0.8533369953,"1":0.7690195001,"2":0.8533369953,"3":0.7690195001,"4":0.859928591,"5":0.8286185114,"6":0.8604778907,"7":0.8055479264,"8":0.8584897025,"9":0.8935469108,"10":0.8935469108},"split4_train_score":{"0":0.8613018402,"1":0.7865970887,"2":0.8003295798,"3":0.7865970887,"4":0.7434770667,"5":0.8363087064,"6":0.8824498764,"7":0.87695688,"8":0.8585812357,"9":0.8647139588,"10":0.8713043478},"mean_train_score":{"0":0.8582806921,"1":0.7763801154,"2":0.8227959352,"3":0.7763801154,"4":0.8028563581,"5":0.8221367756,"6":0.8709695139,"7":0.8662455369,"8":0.8577155517,"9":0.8725626006,"10":0.8758030512},"std_train_score":{"0":0.0062024662,"1":0.0069468491,"2":0.0318098091,"3":0.0069468491,"4":0.0457347292,"5":0.0270858757,"6":0.0097543615,"7":0.0313664045,"8":0.001440267,"9":0.0113900803,"10":0.0089047105}}