{"iter":{"0":0,"1":0,"2":0,"3":0,"4":0,"5":0,"6":0,"7":0,"8":1,"9":1,"10":1},"n_resources":{"0":4552,"1":4552,"2":4552,"3":4552,"4":4552,"5":4552,"6":4552,"7":4552,"8":13656,"9":13656,"10":13656},"mean_fit_time":{"0":15.373069334,"1":15.032746172,"2":26.1462727547,"3":25.9790605068,"4":15.541489172,"5":15.7533508778,"6":27.9334549427,"7":28.1227330685,"8":16.1579250336,"9":29.1130561829,"10":28.9302070618},"std_fit_time":{"0":0.2136753298,"1":0.105569614,"2":0.5523444091,"3":0.1590267676,"4":0.2182603084,"5":0.1989359455,"6":0.3109502874,"7":0.2666611315,"8":0.3905961229,"9":0.3984085397,"10":0.535632695},"mean_score_time":{"0":0.0007741928,"1":0.0007302284,"2":0.0007172585,"3":0.0006112576,"4":0.0008420944,"5":0.0007707119,"6":0.0007330894,"7":0.0007137775,"8":0.0009968758,"9":0.0009734154,"10":0.0009379864},"std_score_time":{"0":0.0001193328,"1":0.000143073,"2":0.0000595647,"3":0.0000091677,"4":0.0001011928,"5":0.0001134165,"6":0.0000532536,"7":0.0000409718,"8":0.0001917353,"9":0.0000549712,"10":0.0000690093},"param_parsimony_coefficient":{"0":0.025,"1":0.025,"2":0.025,"3":0.025,"4":0.01,"5":0.01,"6":0.01,"7":0.01,"8":0.025,"9":0.01,"10":0.01},"param_population_size":{"0":500,"1":500,"2":1000,"3":1000,"4":500,"5":500,"6":1000,"7":1000,"8":500,"9":1000,"10":1000},"param_tournament_size":{"0":15,"1":30,"2":15,"3":30,"4":15,"5":30,"6":15,"7":30,"8":15,"9":30,"10":15},"params":{"0":{"parsimony_coefficient":0.025,"population_size":500,"tournament_size":15},"1":{"parsimony_coefficient":0.025,"population_size":500,"tournament_size":30},"2":{"parsimony_coefficient":0.025,"population_size":1000,"tournament_size":15},"3":{"parsimony_coefficient":0.025,"population_size":1000,"tournament_size":30},"4":{"parsimony_coefficient":0.01,"population_size":500,"tournament_size":15},"5":{"parsimony_coefficient":0.01,"population_size":500,"tournament_size":30},"6":{"parsimony_coefficient":0.01,"population_size":1000,"tournament_size":15},"7":{"parsimony_coefficient":0.01,"population_size":1000,"tournament_size":30},"8":{"parsimony_coefficient":0.025,"population_size":500,"tournament_size":15},"9":{"parsimony_coefficient":0.01,"population_size":1000,"tournament_size":30},"10":{"parsimony_coefficient":0.01,"population_size":1000,"tournament_size":15}},"split0_test_score":{"0":0.8681318681,"1":0.7758241758,"2":0.8,"3":0.7758241758,"4":0.7758241758,"5":0.7758241758,"6":0.9065934066,"7":0.9065934066,"8":0.8642020498,"9":0.8671303075,"10":0.8748169839},"split1_test_score":{"0":0.7659340659,"1":0.7659340659,"2":0.7802197802,"3":0.7659340659,"4":0.7659340659,"5":0.8021978022,"6":0.8626373626,"7":0.8615384615,"8":0.8641523252,"9":0.8927132918,"10":0.8927132918},"split2_test_score":{"0":0.8549450549,"1":0.7824175824,"2":0.8549450549,"3":0.7824175824,"4":0.7824175824,"5":0.7824175824,"6":0.8703296703,"7":0.8692307692,"8":0.8498718418,"9":0.8861222995,"10":0.8586598316},"split3_test_score":{"0":0.8505494505,"1":0.7725274725,"2":0.7769230769,"3":0.7725274725,"4":0.7725274725,"5":0.8087912088,"6":0.8802197802,"7":0.8626373626,"8":0.8549981692,"9":0.8575613328,"10":0.8890516294},"split4_test_score":{"0":0.8582417582,"1":0.7879120879,"2":0.7868131868,"3":0.7879120879,"4":0.7879120879,"5":0.8318681319,"6":0.8824175824,"7":0.9010989011,"8":0.8568290004,"9":0.8619553277,"10":0.8703771512},"mean_test_score":{"0":0.8395604396,"1":0.7769230769,"2":0.7997802198,"3":0.7769230769,"4":0.7769230769,"5":0.8002197802,"6":0.8804395604,"7":0.8802197802,"8":0.8580106773,"9":0.8730965119,"10":0.8771237776},"std_test_score":{"0":0.0372655494,"1":0.0076450669,"2":0.0286928948,"3":0.0076450669,"4":0.0076450669,"5":0.0199552694,"6":0.0148802733,"7":0.0195468529,"8":0.0055274794,"9":0.0138242726,"10":0.0124664524},"rank_test_score":{"0":6,"1":9,"2":8,"3":9,"4":9,"5":7,"6":1,"7":2,"8":5,"9":4,"10":3},"split0_train_score":{"0":0.8544355946,"1":0.7764350453,"2":0.7860477891,"3":0.7764350453,"4":0.7764350453,"5":0.7764350453,"6":0.8912386707,"7":0.8912386707,"8":0.8564628341,"9":0.8605822043,"10":0.8697363603},"split1_train_score":{"0":0.7783575941,"1":0.7783575941,"2":0.7997802801,"3":0.7783575941,"4":0.7783575941,"5":0.8146113705,"6":0.864597638,"7":0.8654215875,"8":0.8564759725,"9":0.8912585812,"10":0.8912585812},"split2_train_score":{"0":0.8577313925,"1":0.7775336446,"2":0.8577313925,"3":0.7775336446,"4":0.7775336446,"5":0.7775336446,"6":0.8731117825,"7":0.8706399341,"8":0.8600457666,"9":0.8929061785,"10":0.8652631579},"split3_train_score":{"0":0.8571820928,"1":0.772315298,"2":0.7978577314,"3":0.772315298,"4":0.772315298,"5":0.8104916232,"6":0.89233727,"7":0.872287833,"8":0.8587643021,"9":0.8629748284,"10":0.892173913},"split4_train_score":{"0":0.8533369953,"1":0.7739631969,"2":0.795385883,"3":0.7739631969,"4":0.7739631969,"5":0.8140620709,"6":0.8709145839,"7":0.8887668223,"8":0.8583066362,"9":0.8609610984,"10":0.8708466819},"mean_train_score":{"0":0.8402087339,"1":0.7757209558,"2":0.8073606152,"3":0.7757209558,"4":0.7757209558,"5":0.7986267509,"6":0.878439989,"7":0.8776709695,"8":0.8580111023,"9":0.8737365782,"10":0.8778557389},"std_train_score":{"0":0.0309692001,"1":0.0022554754,"2":0.0256226941,"3":0.0022554754,"4":0.0022554754,"5":0.0177308956,"6":0.0112567567,"7":0.0103504729,"8":0.0013819021,"9":0.0150103955,"10":0.0114740627}}