{"iter":{"0":0,"1":0,"2":0,"3":0,"4":0,"5":0,"6":0,"7":0,"8":1,"9":1,"10":1},"n_resources":{"0":4565,"1":4565,"2":4565,"3":4565,"4":4565,"5":4565,"6":4565,"7":4565,"8":13695,"9":13695,"10":13695},"mean_fit_time":{"0":14.2811621189,"1":14.1833963394,"2":25.7593654633,"3":25.7016059399,"4":14.6531986237,"5":14.5442933083,"6":25.9858450413,"7":26.1841784954,"8":14.6371976852,"9":14.6719501972,"10":15.1693226814},"std_fit_time":{"0":0.5124002756,"1":0.2138924195,"2":0.1395173973,"3":0.3738349854,"4":0.4830577724,"5":0.1680269135,"6":0.261170845,"7":0.2762404533,"8":0.2667750031,"9":0.2607697144,"10":0.1916125465},"mean_score_time":{"0":0.0010452747,"1":0.0008203983,"2":0.0007844925,"3":0.0007328033,"4":0.0010569572,"5":0.0009779453,"6":0.0008135319,"7":0.0008359432,"8":0.0011807919,"9":0.0011147499,"10":0.0013913155},"std_score_time":{"0":0.000169519,"1":0.000140452,"2":0.0000809451,"3":0.0000569423,"4":0.0002408572,"5":0.0000361556,"6":0.0000283525,"7":0.0000892359,"8":0.0001337476,"9":0.0001162745,"10":0.0001018325},"param_parsimony_coefficient":{"0":0.025,"1":0.025,"2":0.025,"3":0.025,"4":0.01,"5":0.01,"6":0.01,"7":0.01,"8":0.025,"9":0.025,"10":0.01},"param_population_size":{"0":500,"1":500,"2":1000,"3":1000,"4":500,"5":500,"6":1000,"7":1000,"8":500,"9":500,"10":500},"param_tournament_size":{"0":15,"1":30,"2":15,"3":30,"4":15,"5":30,"6":15,"7":30,"8":15,"9":30,"10":30},"params":{"0":{"parsimony_coefficient":0.025,"population_size":500,"tournament_size":15},"1":{"parsimony_coefficient":0.025,"population_size":500,"tournament_size":30},"2":{"parsimony_coefficient":0.025,"population_size":1000,"tournament_size":15},"3":{"parsimony_coefficient":0.025,"population_size":1000,"tournament_size":30},"4":{"parsimony_coefficient":0.01,"population_size":500,"tournament_size":15},"5":{"parsimony_coefficient":0.01,"population_size":500,"tournament_size":30},"6":{"parsimony_coefficient":0.01,"population_size":1000,"tournament_size":15},"7":{"parsimony_coefficient":0.01,"population_size":1000,"tournament_size":30},"8":{"parsimony_coefficient":0.025,"population_size":500,"tournament_size":15},"9":{"parsimony_coefficient":0.025,"population_size":500,"tournament_size":30},"10":{"parsimony_coefficient":0.01,"population_size":500,"tournament_size":30}},"split0_test_score":{"0":0.9408543264,"1":0.9408543264,"2":0.9364731654,"3":0.9353778751,"4":0.9408543264,"5":0.9408543264,"6":0.9364731654,"7":0.9353778751,"8":0.9437751004,"9":0.9437751004,"10":0.9437751004},"split1_test_score":{"0":0.951754386,"1":0.951754386,"2":0.9484649123,"3":0.9484649123,"4":0.9473684211,"5":0.951754386,"6":0.9484649123,"7":0.951754386,"8":0.9401022644,"9":0.9401022644,"10":0.9401022644},"split2_test_score":{"0":0.9473684211,"1":0.9473684211,"2":0.9451754386,"3":0.9451754386,"4":0.9451754386,"5":0.9473684211,"6":0.9451754386,"7":0.9473684211,"8":0.9404674945,"9":0.9404674945,"10":0.9404674945},"split3_test_score":{"0":0.9407894737,"1":0.9407894737,"2":0.9375,"3":0.9375,"4":0.9331140351,"5":0.9407894737,"6":0.9375,"7":0.9375,"8":0.942293645,"9":0.942293645,"10":0.942293645},"split4_test_score":{"0":0.9484649123,"1":0.9484649123,"2":0.9495614035,"3":0.9495614035,"4":0.9473684211,"5":0.9484649123,"6":0.9495614035,"7":0.9495614035,"8":0.9455807159,"9":0.9455807159,"10":0.9455807159},"mean_test_score":{"0":0.9458463039,"1":0.9458463039,"2":0.943434984,"3":0.9432159259,"4":0.9427761284,"5":0.9458463039,"6":0.943434984,"7":0.9443124171,"8":0.942443844,"9":0.942443844,"10":0.942443844},"std_test_score":{"0":0.0043490402,"1":0.0043490402,"2":0.0054690645,"3":0.0057578378,"4":0.0053848744,"5":0.0043490402,"6":0.0054690645,"7":0.0066107335,"8":0.0020505473,"9":0.0020505473,"10":0.0020505473},"rank_test_score":{"0":1,"1":1,"2":5,"3":7,"4":8,"5":1,"6":5,"7":4,"8":9,"9":9,"10":9},"split0_train_score":{"0":0.9378252534,"1":0.9378252534,"2":0.9375513558,"3":0.9364557655,"4":0.9378252534,"5":0.9378252534,"6":0.9375513558,"7":0.9364557655,"8":0.9421268827,"9":0.9421268827,"10":0.9421268827},"split1_train_score":{"0":0.9463307777,"1":0.9463307777,"2":0.9468784228,"3":0.9452354874,"4":0.9422234392,"5":0.9463307777,"6":0.9468784228,"7":0.9463307777,"8":0.9430449069,"9":0.9430449069,"10":0.9430449069},"split2_train_score":{"0":0.9400328587,"1":0.9400328587,"2":0.9394852136,"3":0.9386637459,"4":0.93483023,"5":0.9400328587,"6":0.9394852136,"7":0.9400328587,"8":0.9429536327,"9":0.9429536327,"10":0.9429536327},"split3_train_score":{"0":0.9441401972,"1":0.9441401972,"2":0.9438663746,"3":0.9419496166,"4":0.9381161008,"5":0.9441401972,"6":0.9438663746,"7":0.9419496166,"8":0.9424972618,"9":0.9424972618,"10":0.9424972618},"split4_train_score":{"0":0.947973713,"1":0.947973713,"2":0.94550931,"3":0.9446878423,"4":0.9394852136,"5":0.947973713,"6":0.94550931,"7":0.9446878423,"8":0.9416757941,"9":0.9416757941,"10":0.9416757941},"mean_train_score":{"0":0.94326056,"1":0.94326056,"2":0.9426581353,"3":0.9413984916,"4":0.9384960474,"5":0.94326056,"6":0.9426581353,"7":0.9418913722,"8":0.9424596956,"9":0.9424596956,"10":0.9424596956},"std_train_score":{"0":0.0038045873,"1":0.0038045873,"2":0.0035650104,"3":0.0033986903,"4":0.0024043478,"5":0.0038045873,"6":0.0035650104,"7":0.0034794209,"8":0.0005124692,"9":0.0005124692,"10":0.0005124692}}