{"iter":{"0":0,"1":0,"2":0,"3":0,"4":0,"5":0,"6":0,"7":0,"8":1,"9":1,"10":1},"n_resources":{"0":4565,"1":4565,"2":4565,"3":4565,"4":4565,"5":4565,"6":4565,"7":4565,"8":13695,"9":13695,"10":13695},"mean_fit_time":{"0":14.3038777351,"1":14.4821315765,"2":26.2899065018,"3":26.4912044048,"4":14.9576521873,"5":14.7819562435,"6":26.4231617928,"7":26.6676050663,"8":14.9524067879,"9":15.0966936588,"10":15.391514492},"std_fit_time":{"0":0.2161945742,"1":0.1870011425,"2":0.2287497773,"3":0.3665298298,"4":0.256042569,"5":0.1765892629,"6":0.2767237149,"7":0.4316195084,"8":0.1805062437,"9":0.2250508067,"10":0.2702413832},"mean_score_time":{"0":0.0009329319,"1":0.0009426594,"2":0.0007658482,"3":0.0007069588,"4":0.0010099888,"5":0.0008924961,"6":0.0007517815,"7":0.0007919312,"8":0.0010359287,"9":0.0008621216,"10":0.0013093472},"std_score_time":{"0":0.0001533599,"1":0.0001244449,"2":0.0000207012,"3":0.0000710963,"4":0.0000301915,"5":0.0001704954,"6":0.0000599013,"7":0.0000538234,"8":0.0002002181,"9":0.0001253794,"10":0.0000328255},"param_parsimony_coefficient":{"0":0.025,"1":0.025,"2":0.025,"3":0.025,"4":0.01,"5":0.01,"6":0.01,"7":0.01,"8":0.025,"9":0.025,"10":0.01},"param_population_size":{"0":500,"1":500,"2":1000,"3":1000,"4":500,"5":500,"6":1000,"7":1000,"8":500,"9":500,"10":500},"param_tournament_size":{"0":15,"1":30,"2":15,"3":30,"4":15,"5":30,"6":15,"7":30,"8":15,"9":30,"10":30},"params":{"0":{"parsimony_coefficient":0.025,"population_size":500,"tournament_size":15},"1":{"parsimony_coefficient":0.025,"population_size":500,"tournament_size":30},"2":{"parsimony_coefficient":0.025,"population_size":1000,"tournament_size":15},"3":{"parsimony_coefficient":0.025,"population_size":1000,"tournament_size":30},"4":{"parsimony_coefficient":0.01,"population_size":500,"tournament_size":15},"5":{"parsimony_coefficient":0.01,"population_size":500,"tournament_size":30},"6":{"parsimony_coefficient":0.01,"population_size":1000,"tournament_size":15},"7":{"parsimony_coefficient":0.01,"population_size":1000,"tournament_size":30},"8":{"parsimony_coefficient":0.025,"population_size":500,"tournament_size":15},"9":{"parsimony_coefficient":0.025,"population_size":500,"tournament_size":30},"10":{"parsimony_coefficient":0.01,"population_size":500,"tournament_size":30}},"split0_test_score":{"0":0.9452354874,"1":0.9452354874,"2":0.9408543264,"3":0.9397590361,"4":0.9342825849,"5":0.9452354874,"6":0.9408543264,"7":0.9452354874,"8":0.9423147134,"9":0.9423147134,"10":0.9423147134},"split1_test_score":{"0":0.9385964912,"1":0.9385964912,"2":0.9396929825,"3":0.9396929825,"4":0.9385964912,"5":0.9385964912,"6":0.9396929825,"7":0.9418859649,"8":0.9390065741,"9":0.9390065741,"10":0.9390065741},"split2_test_score":{"0":0.9539473684,"1":0.9539473684,"2":0.9528508772,"3":0.9528508772,"4":0.9539473684,"5":0.9539473684,"6":0.9528508772,"7":0.9528508772,"8":0.9448502557,"9":0.9448502557,"10":0.9448502557},"split3_test_score":{"0":0.9462719298,"1":0.9462719298,"2":0.9429824561,"3":0.9385964912,"4":0.9462719298,"5":0.9462719298,"6":0.9429824561,"7":0.9385964912,"8":0.9404674945,"9":0.9404674945,"10":0.9404674945},"split4_test_score":{"0":0.9506578947,"1":0.9506578947,"2":0.9539473684,"3":0.9528508772,"4":0.9506578947,"5":0.9506578947,"6":0.9539473684,"7":0.9528508772,"8":0.9485025566,"9":0.9485025566,"10":0.9485025566},"mean_test_score":{"0":0.9469418343,"1":0.9469418343,"2":0.9460656021,"3":0.9447500528,"4":0.9447512538,"5":0.9469418343,"6":0.9460656021,"7":0.9462839396,"8":0.9430283189,"9":0.9430283189,"10":0.9430283189},"std_test_score":{"0":0.005213286,"1":0.005213286,"2":0.0060899206,"3":0.006627175,"4":0.0073381676,"5":0.005213286,"6":0.0060899206,"7":0.0057582573,"8":0.0033623866,"9":0.0033623866,"10":0.0033623866},"rank_test_score":{"0":1,"1":1,"2":5,"3":8,"4":7,"5":1,"6":5,"7":4,"8":9,"9":9,"10":9},"split0_train_score":{"0":0.9413859217,"1":0.9413859217,"2":0.9402903314,"3":0.9397425363,"4":0.9370035607,"5":0.9413859217,"6":0.9402903314,"7":0.9413859217,"8":0.9432222729,"9":0.9432222729,"10":0.9432222729},"split1_train_score":{"0":0.9414019715,"1":0.9414019715,"2":0.9403066813,"3":0.9381161008,"4":0.9414019715,"5":0.9414019715,"6":0.9403066813,"7":0.9430449069,"8":0.944048923,"9":0.944048923,"10":0.944048923},"split2_train_score":{"0":0.9460569551,"1":0.9460569551,"2":0.9441401972,"3":0.9427710843,"4":0.9460569551,"5":0.9460569551,"6":0.9441401972,"7":0.9427710843,"8":0.942588536,"9":0.942588536,"10":0.942588536},"split3_train_score":{"0":0.9378422782,"1":0.9378422782,"2":0.9383899233,"3":0.9372946331,"4":0.9378422782,"5":0.9378422782,"6":0.9383899233,"7":0.9372946331,"8":0.9436838262,"9":0.9436838262,"10":0.9436838262},"split4_train_score":{"0":0.939211391,"1":0.939211391,"2":0.9370208105,"3":0.9361993428,"4":0.939211391,"5":0.939211391,"6":0.9370208105,"7":0.9361993428,"8":0.9416757941,"9":0.9416757941,"10":0.9416757941},"mean_train_score":{"0":0.9411797035,"1":0.9411797035,"2":0.9400295887,"3":0.9388247395,"4":0.9403032313,"5":0.9411797035,"6":0.9400295887,"7":0.9401391778,"8":0.9430438704,"9":0.9430438704,"10":0.9430438704},"std_train_score":{"0":0.0027889845,"1":0.0027889845,"2":0.0023992965,"3":0.0022870107,"4":0.0032387899,"5":0.0027889845,"6":0.0023992965,"7":0.0028473952,"8":0.0008402933,"9":0.0008402933,"10":0.0008402933}}