{"iter":{"0":0,"1":0,"2":0,"3":0,"4":0,"5":0,"6":0,"7":0,"8":1,"9":1,"10":1},"n_resources":{"0":4565,"1":4565,"2":4565,"3":4565,"4":4565,"5":4565,"6":4565,"7":4565,"8":13695,"9":13695,"10":13695},"mean_fit_time":{"0":14.2776164532,"1":14.4282952785,"2":26.2007915497,"3":26.3256008148,"4":14.8443336487,"5":14.8009760857,"6":26.0845014572,"7":26.3080674171,"8":15.1308045864,"9":14.9946791172,"10":15.5398161888},"std_fit_time":{"0":0.1507953899,"1":0.2929969979,"2":0.1136911375,"3":0.1893167903,"4":0.5948327318,"5":0.3122173612,"6":0.3392225527,"7":0.1131355943,"8":0.2854276373,"9":0.301607963,"10":0.1504434667},"mean_score_time":{"0":0.0008097172,"1":0.000783062,"2":0.0007594109,"3":0.0007660389,"4":0.0009684086,"5":0.0009986877,"6":0.0007340431,"7":0.000744772,"8":0.0011551857,"9":0.0009972572,"10":0.0013523579},"std_score_time":{"0":0.0001744208,"1":0.0000363651,"2":0.0000652012,"3":0.0000107018,"4":0.0000751385,"5":0.0000919012,"6":0.0000584339,"7":0.0000453708,"8":0.000110609,"9":0.0001646203,"10":0.0001288273},"param_parsimony_coefficient":{"0":0.025,"1":0.025,"2":0.025,"3":0.025,"4":0.01,"5":0.01,"6":0.01,"7":0.01,"8":0.025,"9":0.025,"10":0.01},"param_population_size":{"0":500,"1":500,"2":1000,"3":1000,"4":500,"5":500,"6":1000,"7":1000,"8":500,"9":500,"10":500},"param_tournament_size":{"0":15,"1":30,"2":15,"3":30,"4":15,"5":30,"6":15,"7":30,"8":15,"9":30,"10":30},"params":{"0":{"parsimony_coefficient":0.025,"population_size":500,"tournament_size":15},"1":{"parsimony_coefficient":0.025,"population_size":500,"tournament_size":30},"2":{"parsimony_coefficient":0.025,"population_size":1000,"tournament_size":15},"3":{"parsimony_coefficient":0.025,"population_size":1000,"tournament_size":30},"4":{"parsimony_coefficient":0.01,"population_size":500,"tournament_size":15},"5":{"parsimony_coefficient":0.01,"population_size":500,"tournament_size":30},"6":{"parsimony_coefficient":0.01,"population_size":1000,"tournament_size":15},"7":{"parsimony_coefficient":0.01,"population_size":1000,"tournament_size":30},"8":{"parsimony_coefficient":0.025,"population_size":500,"tournament_size":15},"9":{"parsimony_coefficient":0.025,"population_size":500,"tournament_size":30},"10":{"parsimony_coefficient":0.01,"population_size":500,"tournament_size":30}},"split0_test_score":{"0":0.9441401972,"1":0.9441401972,"2":0.9419496166,"3":0.9408543264,"4":0.9364731654,"5":0.9441401972,"6":0.9419496166,"7":0.9408543264,"8":0.9445052939,"9":0.9445052939,"10":0.9445052939},"split1_test_score":{"0":0.9331140351,"1":0.9331140351,"2":0.9320175439,"3":0.9309210526,"4":0.9331140351,"5":0.9331140351,"6":0.9320175439,"7":0.9309210526,"8":0.938641344,"9":0.938641344,"10":0.938641344},"split2_test_score":{"0":0.9462719298,"1":0.9462719298,"2":0.9407894737,"3":0.9396929825,"4":0.9462719298,"5":0.9462719298,"6":0.9407894737,"7":0.9396929825,"8":0.9411979547,"9":0.9411979547,"10":0.9411979547},"split3_test_score":{"0":0.9440789474,"1":0.9440789474,"2":0.9396929825,"3":0.9342105263,"4":0.9287280702,"5":0.9440789474,"6":0.9396929825,"7":0.9342105263,"8":0.9437545654,"9":0.9437545654,"10":0.9437545654},"split4_test_score":{"0":0.9440789474,"1":0.9440789474,"2":0.9440789474,"3":0.9440789474,"4":0.9440789474,"5":0.9440789474,"6":0.9440789474,"7":0.9440789474,"8":0.9470416362,"9":0.9470416362,"10":0.9470416362},"mean_test_score":{"0":0.9423368114,"1":0.9423368114,"2":0.9397057128,"3":0.937951567,"4":0.9377332296,"5":0.9423368114,"6":0.9397057128,"7":0.937951567,"8":0.9430281589,"9":0.9430281589,"10":0.9430281589},"std_test_score":{"0":0.0046875801,"1":0.0046875801,"2":0.0041095724,"3":0.0047418741,"4":0.0065908293,"5":0.0046875801,"6":0.0041095724,"7":0.0047418741,"8":0.0028778946,"9":0.0028778946,"10":0.0028778946},"rank_test_score":{"0":4,"1":4,"2":7,"3":9,"4":11,"5":4,"6":7,"7":9,"8":1,"9":1,"10":1},"split0_train_score":{"0":0.9391947412,"1":0.9391947412,"2":0.9391947412,"3":0.9380991509,"4":0.9356340729,"5":0.9391947412,"6":0.9391947412,"7":0.9380991509,"8":0.9426745778,"9":0.9426745778,"10":0.9426745778},"split1_train_score":{"0":0.9474260679,"1":0.9474260679,"2":0.9474260679,"3":0.94550931,"4":0.9474260679,"5":0.9474260679,"6":0.9474260679,"7":0.94550931,"8":0.9441401972,"9":0.9441401972,"10":0.9441401972},"split2_train_score":{"0":0.9433187295,"1":0.9433187295,"2":0.9422234392,"3":0.9408543264,"4":0.9433187295,"5":0.9433187295,"6":0.9422234392,"7":0.9408543264,"8":0.9435012778,"9":0.9435012778,"10":0.9435012778},"split3_train_score":{"0":0.943592552,"1":0.943592552,"2":0.9427710843,"3":0.9416757941,"4":0.9378422782,"5":0.943592552,"6":0.9427710843,"7":0.9416757941,"8":0.9428623585,"9":0.9428623585,"10":0.9428623585},"split4_train_score":{"0":0.9452354874,"1":0.9452354874,"2":0.9427710843,"3":0.9416757941,"4":0.9452354874,"5":0.9452354874,"6":0.9427710843,"7":0.9416757941,"8":0.9420408908,"9":0.9420408908,"10":0.9420408908},"mean_train_score":{"0":0.9437535156,"1":0.9437535156,"2":0.9428772834,"3":0.9415628751,"4":0.9418913272,"5":0.9437535156,"6":0.9428772834,"7":0.9415628751,"8":0.9430438604,"9":0.9430438604,"10":0.9430438604},"std_train_score":{"0":0.0027085514,"1":0.0027085514,"2":0.0026344877,"3":0.0023706234,"4":0.0044587503,"5":0.0027085514,"6":0.0026344877,"7":0.0023706234,"8":0.0007192281,"9":0.0007192281,"10":0.0007192281}}