{"iter":{"0":0,"1":0,"2":0,"3":0,"4":0,"5":0,"6":0,"7":0,"8":1,"9":1,"10":1},"n_resources":{"0":4565,"1":4565,"2":4565,"3":4565,"4":4565,"5":4565,"6":4565,"7":4565,"8":13695,"9":13695,"10":13695},"mean_fit_time":{"0":14.5221379757,"1":14.4025486946,"2":26.3761541367,"3":26.247857523,"4":14.5324705124,"5":14.8117694855,"6":26.5691881657,"7":26.3883353233,"8":15.0446733952,"9":14.8293828964,"10":15.6096212387},"std_fit_time":{"0":0.21734146,"1":0.283698541,"2":0.2205849173,"3":0.1861121804,"4":0.4522363653,"5":0.1178010291,"6":0.2883167513,"7":0.1516056962,"8":0.238706936,"9":0.2408046142,"10":0.1667590142},"mean_score_time":{"0":0.0009534359,"1":0.0009847641,"2":0.0007829189,"3":0.0007724285,"4":0.0009755135,"5":0.0009801865,"6":0.000712204,"7":0.0007553101,"8":0.0011217117,"9":0.0009929657,"10":0.0012503147},"std_score_time":{"0":0.0000434924,"1":0.0000118546,"2":0.0000401029,"3":0.0000396614,"4":0.0000599057,"5":0.0000970991,"6":0.0000772773,"7":0.0000246908,"8":0.000191477,"9":0.000166238,"10":0.0002257437},"param_parsimony_coefficient":{"0":0.025,"1":0.025,"2":0.025,"3":0.025,"4":0.01,"5":0.01,"6":0.01,"7":0.01,"8":0.025,"9":0.025,"10":0.01},"param_population_size":{"0":500,"1":500,"2":1000,"3":1000,"4":500,"5":500,"6":1000,"7":1000,"8":500,"9":500,"10":500},"param_tournament_size":{"0":15,"1":30,"2":15,"3":30,"4":15,"5":30,"6":15,"7":30,"8":15,"9":30,"10":30},"params":{"0":{"parsimony_coefficient":0.025,"population_size":500,"tournament_size":15},"1":{"parsimony_coefficient":0.025,"population_size":500,"tournament_size":30},"2":{"parsimony_coefficient":0.025,"population_size":1000,"tournament_size":15},"3":{"parsimony_coefficient":0.025,"population_size":1000,"tournament_size":30},"4":{"parsimony_coefficient":0.01,"population_size":500,"tournament_size":15},"5":{"parsimony_coefficient":0.01,"population_size":500,"tournament_size":30},"6":{"parsimony_coefficient":0.01,"population_size":1000,"tournament_size":15},"7":{"parsimony_coefficient":0.01,"population_size":1000,"tournament_size":30},"8":{"parsimony_coefficient":0.025,"population_size":500,"tournament_size":15},"9":{"parsimony_coefficient":0.025,"population_size":500,"tournament_size":30},"10":{"parsimony_coefficient":0.01,"population_size":500,"tournament_size":30}},"split0_test_score":{"0":0.9419496166,"1":0.9419496166,"2":0.9430449069,"3":0.9408543264,"4":0.9353778751,"5":0.9419496166,"6":0.9430449069,"7":0.9408543264,"8":0.9437751004,"9":0.9437751004,"10":0.9437751004},"split1_test_score":{"0":0.9375,"1":0.9375,"2":0.9353070175,"3":0.9342105263,"4":0.9375,"5":0.9375,"6":0.9353070175,"7":0.9342105263,"8":0.9411979547,"9":0.9411979547,"10":0.9411979547},"split2_test_score":{"0":0.9331140351,"1":0.9331140351,"2":0.9331140351,"3":0.9331140351,"4":0.9331140351,"5":0.9331140351,"6":0.9331140351,"7":0.9331140351,"8":0.946311176,"9":0.946311176,"10":0.946311176},"split3_test_score":{"0":0.9473684211,"1":0.9473684211,"2":0.9473684211,"3":0.9451754386,"4":0.9473684211,"5":0.9473684211,"6":0.9473684211,"7":0.9451754386,"8":0.9481373265,"9":0.9481373265,"10":0.9481373265},"split4_test_score":{"0":0.9418859649,"1":0.9418859649,"2":0.9396929825,"3":0.9396929825,"4":0.9418859649,"5":0.9418859649,"6":0.9396929825,"7":0.9396929825,"8":0.9433893353,"9":0.9433893353,"10":0.9433893353},"mean_test_score":{"0":0.9403636075,"1":0.9403636075,"2":0.9397054726,"3":0.9386094618,"4":0.9390492592,"5":0.9403636075,"6":0.9397054726,"7":0.9386094618,"8":0.9445621786,"9":0.9445621786,"10":0.9445621786},"std_test_score":{"0":0.0047886733,"1":0.0047886733,"2":0.0051510428,"3":0.0044469278,"4":0.0050667841,"5":0.0047886733,"6":0.0051510428,"7":0.0044469278,"8":0.0024146938,"9":0.0024146938,"10":0.0024146938},"rank_test_score":{"0":4,"1":4,"2":7,"3":10,"4":9,"5":4,"6":7,"7":10,"8":1,"9":1,"10":1},"split0_train_score":{"0":0.9452204875,"1":0.9452204875,"2":0.9413859217,"3":0.9402903314,"4":0.9356340729,"5":0.9452204875,"6":0.9413859217,"7":0.9402903314,"8":0.9447740758,"9":0.9447740758,"10":0.9447740758},"split1_train_score":{"0":0.9449616648,"1":0.9449616648,"2":0.9444140197,"3":0.9433187295,"4":0.9449616648,"5":0.9449616648,"6":0.9444140197,"7":0.9433187295,"8":0.9454180358,"9":0.9454180358,"10":0.9454180358},"split2_train_score":{"0":0.9394852136,"1":0.9394852136,"2":0.9408543264,"3":0.9397590361,"4":0.9394852136,"5":0.9394852136,"6":0.9408543264,"7":0.9397590361,"8":0.9441401972,"9":0.9441401972,"10":0.9441401972},"split3_train_score":{"0":0.9370208105,"1":0.9370208105,"2":0.936746988,"3":0.9359255203,"4":0.9370208105,"5":0.9370208105,"6":0.936746988,"7":0.9359255203,"8":0.9436838262,"9":0.9436838262,"10":0.9436838262},"split4_train_score":{"0":0.9424972618,"1":0.9424972618,"2":0.9408543264,"3":0.9400328587,"4":0.9424972618,"5":0.9424972618,"6":0.9408543264,"7":0.9400328587,"8":0.9448703907,"9":0.9448703907,"10":0.9448703907},"mean_train_score":{"0":0.9418370876,"1":0.9418370876,"2":0.9408511164,"3":0.9398652952,"4":0.9399198047,"5":0.9418370876,"6":0.9408511164,"7":0.9398652952,"8":0.9445773051,"9":0.9445773051,"10":0.9445773051},"std_train_score":{"0":0.0031740839,"1":0.0031740839,"2":0.0024423017,"3":0.002352363,"4":0.0034358164,"5":0.0031740839,"6":0.0024423017,"7":0.002352363,"8":0.000603459,"9":0.000603459,"10":0.000603459}}