{"iter":{"0":0,"1":0,"2":0,"3":0,"4":0,"5":0,"6":0,"7":0,"8":1,"9":1,"10":1},"n_resources":{"0":4565,"1":4565,"2":4565,"3":4565,"4":4565,"5":4565,"6":4565,"7":4565,"8":13695,"9":13695,"10":13695},"mean_fit_time":{"0":14.1693097591,"1":14.1362210751,"2":25.9448637009,"3":26.0001503944,"4":14.797872591,"5":14.8412868023,"6":26.0574558735,"7":26.2654904842,"8":14.8816722393,"9":14.8357579231,"10":15.3459632874},"std_fit_time":{"0":0.2717721349,"1":0.2405175438,"2":0.2265965769,"3":0.2798715823,"4":0.4436659821,"5":0.1256620068,"6":0.2739722306,"7":0.2679905328,"8":0.2085522925,"9":0.2357541421,"10":0.1477169834},"mean_score_time":{"0":0.0008378029,"1":0.0008761883,"2":0.0007609367,"3":0.0007332802,"4":0.0009471893,"5":0.0010177135,"6":0.0007203579,"7":0.0008354664,"8":0.0010783195,"9":0.0010704517,"10":0.0013435364},"std_score_time":{"0":0.0001699968,"1":0.0001524865,"2":0.0000277135,"3":0.0000687902,"4":0.0002043901,"5":0.0000273808,"6":0.0000598583,"7":0.0000993398,"8":0.0001951198,"9":0.0002441266,"10":0.0000856008},"param_parsimony_coefficient":{"0":0.025,"1":0.025,"2":0.025,"3":0.025,"4":0.01,"5":0.01,"6":0.01,"7":0.01,"8":0.025,"9":0.025,"10":0.01},"param_population_size":{"0":500,"1":500,"2":1000,"3":1000,"4":500,"5":500,"6":1000,"7":1000,"8":500,"9":500,"10":500},"param_tournament_size":{"0":15,"1":30,"2":15,"3":30,"4":15,"5":30,"6":15,"7":30,"8":15,"9":30,"10":30},"params":{"0":{"parsimony_coefficient":0.025,"population_size":500,"tournament_size":15},"1":{"parsimony_coefficient":0.025,"population_size":500,"tournament_size":30},"2":{"parsimony_coefficient":0.025,"population_size":1000,"tournament_size":15},"3":{"parsimony_coefficient":0.025,"population_size":1000,"tournament_size":30},"4":{"parsimony_coefficient":0.01,"population_size":500,"tournament_size":15},"5":{"parsimony_coefficient":0.01,"population_size":500,"tournament_size":30},"6":{"parsimony_coefficient":0.01,"population_size":1000,"tournament_size":15},"7":{"parsimony_coefficient":0.01,"population_size":1000,"tournament_size":30},"8":{"parsimony_coefficient":0.025,"population_size":500,"tournament_size":15},"9":{"parsimony_coefficient":0.025,"population_size":500,"tournament_size":30},"10":{"parsimony_coefficient":0.01,"population_size":500,"tournament_size":30}},"split0_test_score":{"0":0.9441401972,"1":0.9441401972,"2":0.9430449069,"3":0.9419496166,"4":0.9397590361,"5":0.9441401972,"6":0.9430449069,"7":0.9441401972,"8":0.9492515517,"9":0.9492515517,"10":0.9492515517},"split1_test_score":{"0":0.9298245614,"1":0.9298245614,"2":0.9320175439,"3":0.9309210526,"4":0.9287280702,"5":0.9298245614,"6":0.9320175439,"7":0.9309210526,"8":0.9408327246,"9":0.9408327246,"10":0.9408327246},"split2_test_score":{"0":0.9440789474,"1":0.9440789474,"2":0.9407894737,"3":0.9396929825,"4":0.9440789474,"5":0.9440789474,"6":0.9407894737,"7":0.9396929825,"8":0.9437545654,"9":0.9437545654,"10":0.9437545654},"split3_test_score":{"0":0.9473684211,"1":0.9473684211,"2":0.9473684211,"3":0.9451754386,"4":0.9473684211,"5":0.9473684211,"6":0.9473684211,"7":0.9451754386,"8":0.9441197955,"9":0.9441197955,"10":0.9441197955},"split4_test_score":{"0":0.9550438596,"1":0.9550438596,"2":0.9528508772,"3":0.9528508772,"4":0.9495614035,"5":0.9550438596,"6":0.9528508772,"7":0.9528508772,"8":0.9441197955,"9":0.9441197955,"10":0.9441197955},"mean_test_score":{"0":0.9440911973,"1":0.9440911973,"2":0.9432142445,"3":0.9421179935,"4":0.9418991756,"5":0.9440911973,"6":0.9432142445,"7":0.9425561096,"8":0.9444156865,"9":0.9444156865,"10":0.9444156865},"std_test_score":{"0":0.0081760682,"1":0.0081760682,"2":0.0069483259,"3":0.0071529473,"4":0.0073679305,"5":0.0081760682,"6":0.0069483259,"7":0.0071961727,"8":0.0027142362,"9":0.0027142362,"10":0.0027142362},"rank_test_score":{"0":4,"1":4,"2":7,"3":10,"4":11,"5":4,"6":7,"7":9,"8":1,"9":1,"10":1},"split0_train_score":{"0":0.9435771022,"1":0.9435771022,"2":0.9443987949,"3":0.943029307,"4":0.940564229,"5":0.9435771022,"6":0.9443987949,"7":0.9435771022,"8":0.9432222729,"9":0.9432222729,"10":0.9432222729},"split1_train_score":{"0":0.943592552,"1":0.943592552,"2":0.9427710843,"3":0.9419496166,"4":0.9378422782,"5":0.943592552,"6":0.9427710843,"7":0.9419496166,"8":0.9454180358,"9":0.9454180358,"10":0.9454180358},"split2_train_score":{"0":0.9378422782,"1":0.9378422782,"2":0.9378422782,"3":0.9359255203,"4":0.9378422782,"5":0.9378422782,"6":0.9378422782,"7":0.9359255203,"8":0.9445965681,"9":0.9445965681,"10":0.9445965681},"split3_train_score":{"0":0.9424972618,"1":0.9424972618,"2":0.9405805038,"3":0.9389375685,"4":0.9424972618,"5":0.9424972618,"6":0.9405805038,"7":0.9389375685,"8":0.9445052939,"9":0.9445052939,"10":0.9445052939},"split4_train_score":{"0":0.9474260679,"1":0.9474260679,"2":0.9463307777,"3":0.9446878423,"4":0.9419496166,"5":0.9474260679,"6":0.9463307777,"7":0.9446878423,"8":0.9445052939,"9":0.9445052939,"10":0.9445052939},"mean_train_score":{"0":0.9429870524,"1":0.9429870524,"2":0.9423846878,"3":0.9409059709,"4":0.9401391328,"5":0.9429870524,"6":0.9423846878,"7":0.94101553,"8":0.9444494929,"9":0.9444494929,"10":0.9444494929},"std_train_score":{"0":0.0030701219,"1":0.0030701219,"2":0.0029552028,"3":0.0031170435,"4":0.001978404,"5":0.0030701219,"6":0.0029552028,"7":0.0031983174,"8":0.0007031362,"9":0.0007031362,"10":0.0007031362}}