{"iter":{"0":0,"1":0,"2":0,"3":0,"4":0,"5":0,"6":0,"7":0,"8":1,"9":1,"10":1},"n_resources":{"0":4541,"1":4541,"2":4541,"3":4541,"4":4541,"5":4541,"6":4541,"7":4541,"8":13623,"9":13623,"10":13623},"mean_fit_time":{"0":14.5639544964,"1":14.5899938107,"2":26.1126404762,"3":26.3954658508,"4":14.5578692913,"5":15.6274381638,"6":26.6244283676,"7":26.1455390453,"8":15.3185889721,"9":27.7584243298,"10":15.859344101},"std_fit_time":{"0":0.2623722517,"1":0.3396851364,"2":0.1936533108,"3":0.0744446423,"4":0.2250120727,"5":0.2601339732,"6":0.715072816,"7":0.180801306,"8":0.2456259555,"9":0.3501770402,"10":0.1241497159},"mean_score_time":{"0":0.0010144234,"1":0.0009515285,"2":0.0007622719,"3":0.000743866,"4":0.0009870052,"5":0.0009637356,"6":0.0008083344,"7":0.0007607937,"8":0.0013560295,"9":0.0009429932,"10":0.0015012741},"std_score_time":{"0":0.0000253919,"1":0.0001876728,"2":0.0000123531,"3":0.0000709925,"4":0.0000432224,"5":0.0001401528,"6":0.0000589066,"7":0.000049573,"8":0.0000855338,"9":0.0000451465,"10":0.0001603819},"param_parsimony_coefficient":{"0":0.025,"1":0.025,"2":0.025,"3":0.025,"4":0.01,"5":0.01,"6":0.01,"7":0.01,"8":0.01,"9":0.01,"10":0.01},"param_population_size":{"0":500,"1":500,"2":1000,"3":1000,"4":500,"5":500,"6":1000,"7":1000,"8":500,"9":1000,"10":500},"param_tournament_size":{"0":15,"1":30,"2":15,"3":30,"4":15,"5":30,"6":15,"7":30,"8":15,"9":15,"10":30},"params":{"0":{"parsimony_coefficient":0.025,"population_size":500,"tournament_size":15},"1":{"parsimony_coefficient":0.025,"population_size":500,"tournament_size":30},"2":{"parsimony_coefficient":0.025,"population_size":1000,"tournament_size":15},"3":{"parsimony_coefficient":0.025,"population_size":1000,"tournament_size":30},"4":{"parsimony_coefficient":0.01,"population_size":500,"tournament_size":15},"5":{"parsimony_coefficient":0.01,"population_size":500,"tournament_size":30},"6":{"parsimony_coefficient":0.01,"population_size":1000,"tournament_size":15},"7":{"parsimony_coefficient":0.01,"population_size":1000,"tournament_size":30},"8":{"parsimony_coefficient":0.01,"population_size":500,"tournament_size":15},"9":{"parsimony_coefficient":0.01,"population_size":1000,"tournament_size":15},"10":{"parsimony_coefficient":0.01,"population_size":500,"tournament_size":30}},"split0_test_score":{"0":0.922907489,"1":0.922907489,"2":0.922907489,"3":0.922907489,"4":0.922907489,"5":0.9339207048,"6":0.922907489,"7":0.922907489,"8":0.9133944954,"9":0.9133944954,"10":0.9258715596},"split1_test_score":{"0":0.9151982379,"1":0.9151982379,"2":0.9151982379,"3":0.9151982379,"4":0.9295154185,"5":0.9295154185,"6":0.9295154185,"7":0.9151982379,"8":0.911559633,"9":0.911559633,"10":0.9273394495},"split2_test_score":{"0":0.8964757709,"1":0.8964757709,"2":0.8964757709,"3":0.8964757709,"4":0.8964757709,"5":0.9118942731,"6":0.8964757709,"7":0.8964757709,"8":0.9064220183,"9":0.9064220183,"10":0.9244036697},"split3_test_score":{"0":0.9085903084,"1":0.9085903084,"2":0.9085903084,"3":0.9085903084,"4":0.9085903084,"5":0.9295154185,"6":0.9085903084,"7":0.9085903084,"8":0.9063876652,"9":0.9063876652,"10":0.9221732746},"split4_test_score":{"0":0.9151982379,"1":0.9151982379,"2":0.9151982379,"3":0.9151982379,"4":0.9151982379,"5":0.9151982379,"6":0.9151982379,"7":0.9151982379,"8":0.9162995595,"9":0.9162995595,"10":0.9317180617},"mean_test_score":{"0":0.9116740088,"1":0.9116740088,"2":0.9116740088,"3":0.9116740088,"4":0.9145374449,"5":0.9240088106,"6":0.9145374449,"7":0.9116740088,"8":0.9108126743,"9":0.9108126743,"10":0.926301203},"std_test_score":{"0":0.008849035,"1":0.008849035,"2":0.008849035,"3":0.008849035,"4":0.0114579796,"5":0.0087553334,"6":0.0114579796,"7":0.008849035,"8":0.0039035425,"9":0.0039035425,"10":0.0032014163},"rank_test_score":{"0":5,"1":5,"2":5,"3":5,"4":3,"5":2,"6":3,"7":5,"8":10,"9":10,"10":1},"split0_train_score":{"0":0.9127202643,"1":0.9127202643,"2":0.9127202643,"3":0.9127202643,"4":0.9127202643,"5":0.9270374449,"6":0.9127202643,"7":0.9127202643,"8":0.9101670031,"9":0.9101670031,"10":0.9264085153},"split1_train_score":{"0":0.9033590308,"1":0.9033590308,"2":0.9033590308,"3":0.9033590308,"4":0.9209801762,"5":0.9196035242,"6":0.9209801762,"7":0.9033590308,"8":0.9106258029,"9":0.9106258029,"10":0.9260414755},"split2_train_score":{"0":0.90969163,"1":0.90969163,"2":0.90969163,"3":0.90969163,"4":0.90969163,"5":0.9259361233,"6":0.90969163,"7":0.90969163,"8":0.9119104423,"9":0.9119104423,"10":0.9267755551},"split3_train_score":{"0":0.9094412331,"1":0.9094412331,"2":0.9094412331,"3":0.9094412331,"4":0.9094412331,"5":0.9259565098,"6":0.9094412331,"7":0.9094412331,"8":0.9119185246,"9":0.9119185246,"10":0.9273327828},"split4_train_score":{"0":0.9163225984,"1":0.9163225984,"2":0.9163225984,"3":0.9163225984,"4":0.9163225984,"5":0.9163225984,"6":0.9163225984,"7":0.9163225984,"8":0.9094412331,"9":0.9094412331,"10":0.9249472429},"mean_train_score":{"0":0.9103069513,"1":0.9103069513,"2":0.9103069513,"3":0.9103069513,"4":0.9138311804,"5":0.9229712401,"6":0.9138311804,"7":0.9103069513,"8":0.9108126012,"9":0.9108126012,"10":0.9263011143},"std_train_score":{"0":0.0042758339,"1":0.0042758339,"2":0.0042758339,"3":0.0042758339,"4":0.0043579113,"5":0.0042375072,"6":0.0043579113,"7":0.0042758339,"8":0.0009757728,"9":0.0009757728,"10":0.0008001686}}