{"iter":{"0":0,"1":0,"2":0,"3":0,"4":0,"5":0,"6":0,"7":0,"8":1,"9":1,"10":1},"n_resources":{"0":4541,"1":4541,"2":4541,"3":4541,"4":4541,"5":4541,"6":4541,"7":4541,"8":13623,"9":13623,"10":13623},"mean_fit_time":{"0":14.8431663036,"1":14.9196123123,"2":25.802571106,"3":25.9870092869,"4":15.224912262,"5":15.747551012,"6":26.3239789486,"7":25.884517765,"8":27.9633756161,"9":27.4484870434,"10":16.1128377438},"std_fit_time":{"0":0.207042321,"1":0.180477988,"2":0.1088346051,"3":0.1919445346,"4":0.3142672748,"5":0.191655435,"6":0.7034419154,"7":0.1364780858,"8":0.2229510957,"9":0.1385087654,"10":0.2692869542},"mean_score_time":{"0":0.0009105682,"1":0.0009623051,"2":0.00073843,"3":0.000771904,"4":0.0008270741,"5":0.0010077953,"6":0.0008069992,"7":0.0007433891,"8":0.0009654045,"9":0.0008920193,"10":0.0014196873},"std_score_time":{"0":0.0001118981,"1":0.000114617,"2":0.0000564559,"3":0.0000310628,"4":0.0001552253,"5":0.0002204853,"6":0.0000934821,"7":0.0000588485,"8":0.0001249098,"9":0.0000671126,"10":0.0001439854},"param_parsimony_coefficient":{"0":0.025,"1":0.025,"2":0.025,"3":0.025,"4":0.01,"5":0.01,"6":0.01,"7":0.01,"8":0.01,"9":0.01,"10":0.01},"param_population_size":{"0":500,"1":500,"2":1000,"3":1000,"4":500,"5":500,"6":1000,"7":1000,"8":1000,"9":1000,"10":500},"param_tournament_size":{"0":15,"1":30,"2":15,"3":30,"4":15,"5":30,"6":15,"7":30,"8":15,"9":30,"10":30},"params":{"0":{"parsimony_coefficient":0.025,"population_size":500,"tournament_size":15},"1":{"parsimony_coefficient":0.025,"population_size":500,"tournament_size":30},"2":{"parsimony_coefficient":0.025,"population_size":1000,"tournament_size":15},"3":{"parsimony_coefficient":0.025,"population_size":1000,"tournament_size":30},"4":{"parsimony_coefficient":0.01,"population_size":500,"tournament_size":15},"5":{"parsimony_coefficient":0.01,"population_size":500,"tournament_size":30},"6":{"parsimony_coefficient":0.01,"population_size":1000,"tournament_size":15},"7":{"parsimony_coefficient":0.01,"population_size":1000,"tournament_size":30},"8":{"parsimony_coefficient":0.01,"population_size":1000,"tournament_size":15},"9":{"parsimony_coefficient":0.01,"population_size":1000,"tournament_size":30},"10":{"parsimony_coefficient":0.01,"population_size":500,"tournament_size":30}},"split0_test_score":{"0":0.9052863436,"1":0.9052863436,"2":0.9052863436,"3":0.9052863436,"4":0.9052863436,"5":0.9162995595,"6":0.9052863436,"7":0.9052863436,"8":0.9163302752,"9":0.9163302752,"10":0.9288073394},"split1_test_score":{"0":0.9151982379,"1":0.9151982379,"2":0.9151982379,"3":0.9151982379,"4":0.9151982379,"5":0.9317180617,"6":0.9151982379,"7":0.9151982379,"8":0.9064220183,"9":0.9064220183,"10":0.9240366972},"split2_test_score":{"0":0.9162995595,"1":0.9162995595,"2":0.9162995595,"3":0.9162995595,"4":0.9162995595,"5":0.9383259912,"6":0.9162995595,"7":0.9162995595,"8":0.912293578,"9":0.912293578,"10":0.9302752294},"split3_test_score":{"0":0.9052863436,"1":0.8975770925,"2":0.9052863436,"3":0.9052863436,"4":0.9052863436,"5":0.9218061674,"6":0.9052863436,"7":0.9052863436,"8":0.9122613803,"9":0.9122613803,"10":0.9276798825},"split4_test_score":{"0":0.9196035242,"1":0.9063876652,"2":0.9196035242,"3":0.9196035242,"4":0.9196035242,"5":0.9339207048,"6":0.9196035242,"7":0.9196035242,"8":0.9196035242,"9":0.9196035242,"10":0.9339207048},"mean_test_score":{"0":0.9123348018,"1":0.9081497797,"2":0.9123348018,"3":0.9123348018,"4":0.9123348018,"5":0.9284140969,"6":0.9123348018,"7":0.9123348018,"8":0.9133821552,"9":0.9133821552,"10":0.9289439707},"std_test_score":{"0":0.005934887,"1":0.0069164399,"2":0.005934887,"3":0.005934887,"4":0.005934887,"5":0.0081229467,"6":0.005934887,"7":0.005934887,"8":0.0044335423,"9":0.0044335423,"10":0.0032322764},"rank_test_score":{"0":5,"1":11,"2":5,"3":5,"4":5,"5":2,"6":5,"7":5,"8":3,"9":3,"10":1},"split0_train_score":{"0":0.9168502203,"1":0.9039096916,"2":0.9168502203,"3":0.9168502203,"4":0.9168502203,"5":0.9339207048,"6":0.9168502203,"7":0.9168502203,"8":0.9126445219,"9":0.9126445219,"10":0.9289777941},"split1_train_score":{"0":0.9094162996,"1":0.9094162996,"2":0.9094162996,"3":0.9094162996,"4":0.9094162996,"5":0.9248348018,"6":0.9094162996,"7":0.9094162996,"8":0.9151220407,"9":0.9151220407,"10":0.9301706735},"split2_train_score":{"0":0.9116189427,"1":0.9116189427,"2":0.9116189427,"3":0.9116189427,"4":0.9116189427,"5":0.9253854626,"6":0.9116189427,"7":0.9116189427,"8":0.9136538814,"9":0.9136538814,"10":0.9286107543},"split3_train_score":{"0":0.9141205615,"1":0.9075144509,"2":0.9141205615,"3":0.9141205615,"4":0.9141205615,"5":0.931461602,"6":0.9141205615,"7":0.9141205615,"8":0.9136618038,"9":0.9136618038,"10":0.9292595651},"split4_train_score":{"0":0.9157720892,"1":0.9022846133,"2":0.9157720892,"3":0.9157720892,"4":0.9157720892,"5":0.9298100743,"6":0.9157720892,"7":0.9157720892,"8":0.9118267731,"9":0.9118267731,"10":0.927699789},"mean_train_score":{"0":0.9135556227,"1":0.9069487996,"2":0.9135556227,"3":0.9135556227,"4":0.9135556227,"5":0.9290825291,"6":0.9135556227,"7":0.9135556227,"8":0.9133818042,"9":0.9133818042,"10":0.9289437152},"std_train_score":{"0":0.002719227,"1":0.0034412081,"2":0.002719227,"3":0.002719227,"4":0.002719227,"5":0.003501678,"6":0.002719227,"7":0.002719227,"8":0.0011083822,"9":0.0011083822,"10":0.0008080303}}