{"iter":{"0":0,"1":0,"2":0,"3":0,"4":0,"5":0,"6":0,"7":0,"8":1,"9":1,"10":1},"n_resources":{"0":4541,"1":4541,"2":4541,"3":4541,"4":4541,"5":4541,"6":4541,"7":4541,"8":13623,"9":13623,"10":13623},"mean_fit_time":{"0":14.8532819748,"1":14.6419627666,"2":25.8134339333,"3":25.7198958397,"4":14.9896997929,"5":15.4864801407,"6":26.4966984272,"7":25.9543633938,"8":27.6890684128,"9":27.6897156239,"10":16.3139928341},"std_fit_time":{"0":0.1934449364,"1":0.3151232895,"2":0.2132955001,"3":0.3055838297,"4":0.5561629253,"5":0.2975697275,"6":0.7521286904,"7":0.3137352636,"8":0.1459193135,"9":0.3890781716,"10":0.3411985199},"mean_score_time":{"0":0.0009043694,"1":0.0009495258,"2":0.0007442951,"3":0.0007349014,"4":0.001002264,"5":0.0010042667,"6":0.0007361889,"7":0.0007082939,"8":0.000939846,"9":0.0009128094,"10":0.0011524677},"std_score_time":{"0":0.0001680471,"1":0.0001026102,"2":0.0000514563,"3":0.0000505797,"4":0.0000317372,"5":0.000031536,"6":0.0000555791,"7":0.0000659636,"8":0.0000266569,"9":0.000100432,"10":0.0003276164},"param_parsimony_coefficient":{"0":0.025,"1":0.025,"2":0.025,"3":0.025,"4":0.01,"5":0.01,"6":0.01,"7":0.01,"8":0.025,"9":0.01,"10":0.01},"param_population_size":{"0":500,"1":500,"2":1000,"3":1000,"4":500,"5":500,"6":1000,"7":1000,"8":1000,"9":1000,"10":500},"param_tournament_size":{"0":15,"1":30,"2":15,"3":30,"4":15,"5":30,"6":15,"7":30,"8":30,"9":30,"10":30},"params":{"0":{"parsimony_coefficient":0.025,"population_size":500,"tournament_size":15},"1":{"parsimony_coefficient":0.025,"population_size":500,"tournament_size":30},"2":{"parsimony_coefficient":0.025,"population_size":1000,"tournament_size":15},"3":{"parsimony_coefficient":0.025,"population_size":1000,"tournament_size":30},"4":{"parsimony_coefficient":0.01,"population_size":500,"tournament_size":15},"5":{"parsimony_coefficient":0.01,"population_size":500,"tournament_size":30},"6":{"parsimony_coefficient":0.01,"population_size":1000,"tournament_size":15},"7":{"parsimony_coefficient":0.01,"population_size":1000,"tournament_size":30},"8":{"parsimony_coefficient":0.025,"population_size":1000,"tournament_size":30},"9":{"parsimony_coefficient":0.01,"population_size":1000,"tournament_size":30},"10":{"parsimony_coefficient":0.01,"population_size":500,"tournament_size":30}},"split0_test_score":{"0":0.9107929515,"1":0.9107929515,"2":0.9107929515,"3":0.9107929515,"4":0.9107929515,"5":0.9107929515,"6":0.9107929515,"7":0.9107929515,"8":0.9082232012,"9":0.9082232012,"10":0.9232745962},"split1_test_score":{"0":0.9019823789,"1":0.890969163,"2":0.9019823789,"3":0.9019823789,"4":0.9019823789,"5":0.9185022026,"6":0.9019823789,"7":0.9019823789,"8":0.9030837004,"9":0.9030837004,"10":0.9199706314},"split2_test_score":{"0":0.9118942731,"1":0.9118942731,"2":0.9118942731,"3":0.9118942731,"4":0.9118942731,"5":0.9262114537,"6":0.9118942731,"7":0.9118942731,"8":0.9063876652,"9":0.9063876652,"10":0.9258443465},"split3_test_score":{"0":0.9151982379,"1":0.9151982379,"2":0.9151982379,"3":0.9151982379,"4":0.8788546256,"5":0.8788546256,"6":0.9074889868,"7":0.9151982379,"8":0.9118942731,"9":0.9118942731,"10":0.9258443465},"split4_test_score":{"0":0.9140022051,"1":0.9140022051,"2":0.9140022051,"3":0.9140022051,"4":0.9095920617,"5":0.9305402426,"6":0.9095920617,"7":0.9140022051,"8":0.9147998531,"9":0.9147998531,"10":0.9309585017},"mean_test_score":{"0":0.9107740093,"1":0.9085713661,"2":0.9107740093,"3":0.9107740093,"4":0.9026232582,"5":0.9129802952,"6":0.9083501304,"7":0.9107740093,"8":0.9088777386,"9":0.9088777386,"10":0.9251784845},"std_test_score":{"0":0.0046592523,"1":0.0089355934,"2":0.0046592523,"3":0.0046592523,"4":0.0123823944,"5":0.0183480384,"6":0.003503157,"7":0.0046592523,"8":0.0041078141,"9":0.0041078141,"10":0.0036067123},"rank_test_score":{"0":3,"1":9,"2":3,"3":3,"4":11,"5":2,"6":10,"7":3,"8":7,"9":7,"10":1},"split0_train_score":{"0":0.9105176211,"1":0.9105176211,"2":0.9105176211,"3":0.9105176211,"4":0.9105176211,"5":0.9105176211,"6":0.9105176211,"7":0.9105176211,"8":0.9089741237,"9":0.9089741237,"10":0.9255826757},"split1_train_score":{"0":0.9146475771,"1":0.9019823789,"2":0.9146475771,"3":0.9146475771,"4":0.9146475771,"5":0.9308920705,"6":0.9146475771,"7":0.9146475771,"8":0.9102587631,"9":0.9102587631,"10":0.9264085153},"split2_train_score":{"0":0.9107929515,"1":0.9107929515,"2":0.9107929515,"3":0.9107929515,"4":0.9107929515,"5":0.9248348018,"6":0.9107929515,"7":0.9107929515,"8":0.9095246834,"9":0.9095246834,"10":0.925032116},"split3_train_score":{"0":0.9030837004,"1":0.9030837004,"2":0.9030837004,"3":0.9030837004,"4":0.8703193833,"5":0.8703193833,"6":0.9011563877,"7":0.9030837004,"8":0.9080565241,"9":0.9080565241,"10":0.924940356},"split4_train_score":{"0":0.9039361409,"1":0.9039361409,"2":0.9039361409,"3":0.9039361409,"4":0.9006330856,"5":0.9163225984,"6":0.9006330856,"7":0.9039361409,"8":0.9073309478,"9":0.9073309478,"10":0.9236627214},"mean_train_score":{"0":0.9085955982,"1":0.9060625586,"2":0.9085955982,"3":0.9085955982,"4":0.9013821237,"5":0.910577295,"6":0.9075495246,"7":0.9085955982,"8":0.9088290084,"9":0.9088290084,"10":0.9251252769},"std_train_score":{"0":0.0044100009,"1":0.003801771,"2":0.0044100009,"3":0.0044100009,"4":0.0162077028,"5":0.0213057651,"6":0.0056288737,"7":0.0044100009,"8":0.0010382811,"9":0.0010382811,"10":0.0008986499}}