{"iter":{"0":0,"1":0,"2":0,"3":0,"4":0,"5":0,"6":0,"7":0,"8":1,"9":1,"10":1},"n_resources":{"0":4541,"1":4541,"2":4541,"3":4541,"4":4541,"5":4541,"6":4541,"7":4541,"8":13623,"9":13623,"10":13623},"mean_fit_time":{"0":14.9004813194,"1":14.4594832897,"2":25.6594818592,"3":25.882816124,"4":15.1443078518,"5":15.3197307587,"6":26.8668156147,"7":25.9178045273,"8":28.0138442039,"9":15.4190975666,"10":16.3862800121},"std_fit_time":{"0":0.3023704115,"1":0.2426180591,"2":0.1676995057,"3":0.251260317,"4":0.2332851321,"5":0.4466204206,"6":0.2985210994,"7":0.2279834309,"8":0.3677550281,"9":0.0627476188,"10":0.186302406},"mean_score_time":{"0":0.0009210587,"1":0.0010289669,"2":0.0007786751,"3":0.0007250786,"4":0.0010441303,"5":0.0008627892,"6":0.0008925915,"7":0.0007574558,"8":0.0009863377,"9":0.0012192726,"10":0.0012698174},"std_score_time":{"0":0.0001349046,"1":0.000098299,"2":0.0000102548,"3":0.0000432624,"4":0.0000178382,"5":0.0001975742,"6":0.0001281076,"7":0.000020787,"8":0.000045356,"9":0.0002314167,"10":0.0000969673},"param_parsimony_coefficient":{"0":0.025,"1":0.025,"2":0.025,"3":0.025,"4":0.01,"5":0.01,"6":0.01,"7":0.01,"8":0.01,"9":0.01,"10":0.01},"param_population_size":{"0":500,"1":500,"2":1000,"3":1000,"4":500,"5":500,"6":1000,"7":1000,"8":1000,"9":500,"10":500},"param_tournament_size":{"0":15,"1":30,"2":15,"3":30,"4":15,"5":30,"6":15,"7":30,"8":15,"9":15,"10":30},"params":{"0":{"parsimony_coefficient":0.025,"population_size":500,"tournament_size":15},"1":{"parsimony_coefficient":0.025,"population_size":500,"tournament_size":30},"2":{"parsimony_coefficient":0.025,"population_size":1000,"tournament_size":15},"3":{"parsimony_coefficient":0.025,"population_size":1000,"tournament_size":30},"4":{"parsimony_coefficient":0.01,"population_size":500,"tournament_size":15},"5":{"parsimony_coefficient":0.01,"population_size":500,"tournament_size":30},"6":{"parsimony_coefficient":0.01,"population_size":1000,"tournament_size":15},"7":{"parsimony_coefficient":0.01,"population_size":1000,"tournament_size":30},"8":{"parsimony_coefficient":0.01,"population_size":1000,"tournament_size":15},"9":{"parsimony_coefficient":0.01,"population_size":500,"tournament_size":15},"10":{"parsimony_coefficient":0.01,"population_size":500,"tournament_size":30}},"split0_test_score":{"0":0.9174008811,"1":0.9174008811,"2":0.9174008811,"3":0.9174008811,"4":0.936123348,"5":0.9328193833,"6":0.936123348,"7":0.9174008811,"8":0.9155963303,"9":0.9155963303,"10":0.9299082569},"split1_test_score":{"0":0.8997797357,"1":0.8997797357,"2":0.8997797357,"3":0.8997797357,"4":0.8997797357,"5":0.8997797357,"6":0.8997797357,"7":0.8997797357,"8":0.904587156,"9":0.904587156,"10":0.920733945},"split2_test_score":{"0":0.9140969163,"1":0.9107929515,"2":0.9140969163,"3":0.9140969163,"4":0.9295154185,"5":0.9295154185,"6":0.9140969163,"7":0.9140969163,"8":0.9144954128,"9":0.9144954128,"10":0.9299082569},"split3_test_score":{"0":0.9129955947,"1":0.9129955947,"2":0.9129955947,"3":0.9129955947,"4":0.9129955947,"5":0.9185022026,"6":0.9129955947,"7":0.9129955947,"8":0.9122613803,"9":0.9122613803,"10":0.9251101322},"split4_test_score":{"0":0.9008810573,"1":0.9008810573,"2":0.9008810573,"3":0.9008810573,"4":0.9218061674,"5":0.9196035242,"6":0.9218061674,"7":0.9008810573,"8":0.9115271659,"9":0.9115271659,"10":0.9280469897},"mean_test_score":{"0":0.909030837,"1":0.9083700441,"2":0.909030837,"3":0.909030837,"4":0.9200440529,"5":0.9200440529,"6":0.9169603524,"7":0.909030837,"8":0.9116934891,"9":0.9116934891,"10":0.9267415161},"std_test_score":{"0":0.0072587035,"1":0.0069094216,"2":0.0072587035,"3":0.0072587035,"4":0.0127411056,"5":0.0115423546,"6":0.0119146505,"7":0.0072587035,"8":0.0038453369,"9":0.0038453369,"10":0.0034788814},"rank_test_score":{"0":7,"1":11,"2":7,"3":7,"4":2,"5":2,"6":4,"7":7,"8":5,"9":5,"10":1},"split0_train_score":{"0":0.9110682819,"1":0.9110682819,"2":0.9110682819,"3":0.9110682819,"4":0.9284140969,"5":0.9262114537,"6":0.9284140969,"7":0.9110682819,"8":0.9107175629,"9":0.9107175629,"10":0.9259497155},"split1_train_score":{"0":0.9143722467,"1":0.9143722467,"2":0.9143722467,"3":0.9143722467,"4":0.9143722467,"5":0.9143722467,"6":0.9143722467,"7":0.9143722467,"8":0.9134703615,"9":0.9134703615,"10":0.9282437144},"split2_train_score":{"0":0.9047356828,"1":0.90280837,"2":0.9047356828,"3":0.9047356828,"4":0.9204295154,"5":0.9204295154,"6":0.9047356828,"7":0.9047356828,"8":0.9109928427,"9":0.9109928427,"10":0.9259497155},"split3_train_score":{"0":0.9127442885,"1":0.9127442885,"2":0.9127442885,"3":0.9127442885,"4":0.9127442885,"5":0.9267822736,"6":0.9127442885,"7":0.9127442885,"8":0.9115515185,"9":0.9115515185,"10":0.9271492798},"split4_train_score":{"0":0.9072391963,"1":0.9072391963,"2":0.9072391963,"3":0.9072391963,"4":0.9245802367,"5":0.9223781998,"6":0.9245802367,"7":0.9072391963,"8":0.9117350216,"9":0.9117350216,"10":0.9264152675},"mean_train_score":{"0":0.9100319392,"1":0.9096464767,"2":0.9100319392,"3":0.9100319392,"4":0.9201080768,"5":0.9220347379,"6":0.9169693103,"7":0.9100319392,"8":0.9116934614,"9":0.9116934614,"10":0.9267415385},"std_train_score":{"0":0.0035529948,"1":0.0041594608,"2":0.0035529948,"3":0.0035529948,"4":0.0059366427,"5":0.0045031662,"6":0.0085225176,"7":0.0035529948,"8":0.0009615086,"9":0.0009615086,"10":0.0008698512}}