{"iter":{"0":0,"1":0,"2":0,"3":0,"4":0,"5":0,"6":0,"7":0,"8":1,"9":1,"10":1},"n_resources":{"0":4541,"1":4541,"2":4541,"3":4541,"4":4541,"5":4541,"6":4541,"7":4541,"8":13623,"9":13623,"10":13623},"mean_fit_time":{"0":14.7761759758,"1":14.7947590351,"2":25.6966677666,"3":25.7153382301,"4":15.0549286366,"5":15.6590277672,"6":26.7770718098,"7":25.5970694542,"8":15.2893915653,"9":27.7422215939,"10":16.1524202824},"std_fit_time":{"0":0.362537742,"1":0.3457077237,"2":0.4534844954,"3":0.1913856113,"4":0.308083462,"5":0.4132990365,"6":0.5576981123,"7":0.2832295196,"8":0.119235933,"9":0.3144164477,"10":0.1960077854},"mean_score_time":{"0":0.0009496689,"1":0.0010235786,"2":0.0007426262,"3":0.0007184982,"4":0.0009874344,"5":0.0010300159,"6":0.0007879734,"7":0.0007649899,"8":0.0012454033,"9":0.0009339809,"10":0.0014347553},"std_score_time":{"0":0.0001709889,"1":0.0000615267,"2":0.000054557,"3":0.0000659258,"4":0.0001997879,"5":0.0002458365,"6":0.0000291406,"7":0.0000142961,"8":0.0000890098,"9":0.0000235195,"10":0.0001750695},"param_parsimony_coefficient":{"0":0.025,"1":0.025,"2":0.025,"3":0.025,"4":0.01,"5":0.01,"6":0.01,"7":0.01,"8":0.01,"9":0.01,"10":0.01},"param_population_size":{"0":500,"1":500,"2":1000,"3":1000,"4":500,"5":500,"6":1000,"7":1000,"8":500,"9":1000,"10":500},"param_tournament_size":{"0":15,"1":30,"2":15,"3":30,"4":15,"5":30,"6":15,"7":30,"8":15,"9":15,"10":30},"params":{"0":{"parsimony_coefficient":0.025,"population_size":500,"tournament_size":15},"1":{"parsimony_coefficient":0.025,"population_size":500,"tournament_size":30},"2":{"parsimony_coefficient":0.025,"population_size":1000,"tournament_size":15},"3":{"parsimony_coefficient":0.025,"population_size":1000,"tournament_size":30},"4":{"parsimony_coefficient":0.01,"population_size":500,"tournament_size":15},"5":{"parsimony_coefficient":0.01,"population_size":500,"tournament_size":30},"6":{"parsimony_coefficient":0.01,"population_size":1000,"tournament_size":15},"7":{"parsimony_coefficient":0.01,"population_size":1000,"tournament_size":30},"8":{"parsimony_coefficient":0.01,"population_size":500,"tournament_size":15},"9":{"parsimony_coefficient":0.01,"population_size":1000,"tournament_size":15},"10":{"parsimony_coefficient":0.01,"population_size":500,"tournament_size":30}},"split0_test_score":{"0":0.9196035242,"1":0.9196035242,"2":0.9196035242,"3":0.9196035242,"4":0.9196035242,"5":0.9350220264,"6":0.9196035242,"7":0.9196035242,"8":0.9144954128,"9":0.9144954128,"10":0.9280733945},"split1_test_score":{"0":0.9218061674,"1":0.9218061674,"2":0.9218061674,"3":0.9218061674,"4":0.9383259912,"5":0.9383259912,"6":0.9383259912,"7":0.9218061674,"8":0.9104587156,"9":0.9104587156,"10":0.9266055046},"split2_test_score":{"0":0.9162995595,"1":0.9162995595,"2":0.9162995595,"3":0.9162995595,"4":0.9162995595,"5":0.9306167401,"6":0.9162995595,"7":0.9162995595,"8":0.9067889908,"9":0.9067889908,"10":0.9247706422},"split3_test_score":{"0":0.9118942731,"1":0.9118942731,"2":0.9118942731,"3":0.9118942731,"4":0.9118942731,"5":0.9273127753,"6":0.9118942731,"7":0.9118942731,"8":0.9104258443,"9":0.9104258443,"10":0.9243759178},"split4_test_score":{"0":0.9129955947,"1":0.9129955947,"2":0.9129955947,"3":0.9129955947,"4":0.9218061674,"5":0.9328193833,"6":0.9218061674,"7":0.9129955947,"8":0.9144640235,"9":0.9144640235,"10":0.9313509545},"mean_test_score":{"0":0.9165198238,"1":0.9165198238,"2":0.9165198238,"3":0.9165198238,"4":0.9215859031,"5":0.9328193833,"6":0.9215859031,"7":0.9165198238,"8":0.9113265974,"9":0.9113265974,"10":0.9270352827},"std_test_score":{"0":0.0037767463,"1":0.0037767463,"2":0.0037767463,"3":0.0037767463,"4":0.0090120143,"5":0.0037509662,"6":0.0090120143,"7":0.0037767463,"8":0.0028996304,"9":0.0028996304,"10":0.0025333072},"rank_test_score":{"0":5,"1":5,"2":5,"3":5,"4":3,"5":1,"6":3,"7":5,"8":10,"9":10,"10":2},"split0_train_score":{"0":0.9094162996,"1":0.9094162996,"2":0.9094162996,"3":0.9094162996,"4":0.9094162996,"5":0.9245594714,"6":0.9094162996,"7":0.9094162996,"8":0.9105340429,"9":0.9105340429,"10":0.9267755551},"split1_train_score":{"0":0.9102422907,"1":0.9102422907,"2":0.9102422907,"3":0.9102422907,"4":0.9286894273,"5":0.9281387665,"6":0.9286894273,"7":0.9102422907,"8":0.9115434025,"9":0.9115434025,"10":0.927142595},"split2_train_score":{"0":0.9127202643,"1":0.9127202643,"2":0.9127202643,"3":0.9127202643,"4":0.9127202643,"5":0.9262114537,"6":0.9127202643,"7":0.9127202643,"8":0.912461002,"9":0.912461002,"10":0.9276013948},"split3_train_score":{"0":0.9146710707,"1":0.9146710707,"2":0.9146710707,"3":0.9146710707,"4":0.9146710707,"5":0.9284338013,"6":0.9146710707,"7":0.9146710707,"8":0.9115515185,"9":0.9115515185,"10":0.927699789},"split4_train_score":{"0":0.9009083402,"1":0.9009083402,"2":0.9009083402,"3":0.9009083402,"4":0.9113680154,"5":0.9157720892,"6":0.9113680154,"7":0.9009083402,"8":0.9105422516,"9":0.9105422516,"10":0.9259565098},"mean_train_score":{"0":0.9095916531,"1":0.9095916531,"2":0.9095916531,"3":0.9095916531,"4":0.9153730155,"5":0.9246231164,"6":0.9153730155,"7":0.9095916531,"8":0.9113264435,"9":0.9113264435,"10":0.9270351687},"std_train_score":{"0":0.0047210739,"1":0.0047210739,"2":0.0047210739,"3":0.0047210739,"4":0.0068757418,"5":0.004642169,"6":0.0068757418,"7":0.0047210739,"8":0.0007249564,"9":0.0007249564,"10":0.0006332103}}