,Name,Importances
2,e2_NpValence/e2_NUnfilled,0.45239121288159695
1,(e1_Column+e2_Row)/e1_Column,0.2891460693275661
0,e1_Column/e2_Row,0.25846271779083696
